scope,partition,test_type,pvim_item,status,owner,model
Partition Level,paraccasf,atspeed_edt_edt_low_internal_serial_scan,[NWP] scan: edten atspeed proxy,NOT_LAUNCHED,SathyahX Sv,nio-a0-rtl-26ww41b
Partition Level,paraccasf,scan_ctlr_stuckat_edt_bypass_low_internal_scandump,[NWP] scan: scandump,NOT_LAUNCHED,SathyahX Sv,nio-a0-rtl-26ww41b
Partition Level,paraccasf,ssn_continuity,[NWP] SSN: continuity,NOT_LAUNCHED,SathyahX Sv,nio-a0-rtl-26ww41b
Partition Level,paraccasf,stuckat_edt_bypass_low_internal_burnin_togcnt_cap_off,[NWP] scan: Burnin,NOT_LAUNCHED,SathyahX Sv,nio-a0-rtl-26ww41b
Partition Level,paraccasf,stuckat_edt_bypass_low_internal_serial_chain,[NWP] scan: edtbyp cont proxy,NOT_LAUNCHED,SathyahX Sv,nio-a0-rtl-26ww41b
Partition Level,paraccasf,stuckat_edt_bypass_low_internal_serial_scan,[NWP] scan: edtbyp stuckat proxy,NOT_LAUNCHED,SathyahX Sv,nio-a0-rtl-26ww41b
Partition Level,paraccasf,stuckat_edt_edt_low_internal_loopback,[NWP] SSN: endpoint loopback,NOT_LAUNCHED,SathyahX Sv,nio-a0-rtl-26ww41b
Partition Level,paraccasf,stuckat_edt_edt_low_internal_serial_chain,[NWP] scan: edten cont proxy,NOT_LAUNCHED,SathyahX Sv,nio-a0-rtl-26ww41b
Partition Level,paraccasf,stuckat_edt_edt_low_internal_serial_scan,[NWP] scan: edten stuckat proxy,NOT_LAUNCHED,SathyahX Sv,nio-a0-rtl-26ww41b
Partition Level,paraccchassis,atspeed_edt_edt_low_internal_serial_scan,[NWP] scan: edten atspeed proxy,NOT_LAUNCHED,SathyahX Sv,nio-a0-rtl-26ww41b
Partition Level,paraccchassis,scan_ctlr_stuckat_edt_bypass_low_internal_scandump,[NWP] scan: scandump,NOT_LAUNCHED,SathyahX Sv,nio-a0-rtl-26ww41b
Partition Level,paraccchassis,ssn_continuity,[NWP] SSN: continuity,NOT_LAUNCHED,SathyahX Sv,nio-a0-rtl-26ww41b
Partition Level,paraccchassis,stuckat_edt_bypass_low_internal_burnin_togcnt_cap_off,[NWP] scan: Burnin,NOT_LAUNCHED,SathyahX Sv,nio-a0-rtl-26ww41b
Partition Level,paraccchassis,stuckat_edt_bypass_low_internal_serial_chain,[NWP] scan: edtbyp cont proxy,NOT_LAUNCHED,SathyahX Sv,nio-a0-rtl-26ww41b
Partition Level,paraccchassis,stuckat_edt_bypass_low_internal_serial_scan,[NWP] scan: edtbyp stuckat proxy,NOT_LAUNCHED,SathyahX Sv,nio-a0-rtl-26ww41b
Partition Level,paraccchassis,stuckat_edt_edt_low_internal_loopback,[NWP] SSN: endpoint loopback,NOT_LAUNCHED,SathyahX Sv,nio-a0-rtl-26ww41b
Partition Level,paraccchassis,stuckat_edt_edt_low_internal_serial_chain,[NWP] scan: edten cont proxy,NOT_LAUNCHED,SathyahX Sv,nio-a0-rtl-26ww41b
Partition Level,paraccchassis,stuckat_edt_edt_low_internal_serial_scan,[NWP] scan: edten stuckat proxy,NOT_LAUNCHED,SathyahX Sv,nio-a0-rtl-26ww41b
Partition Level,paracccpc,atspeed_edt_edt_low_internal_serial_scan,[NWP] scan: edten atspeed proxy,NOT_LAUNCHED,SathyahX Sv,nio-a0-rtl-26ww41b
Partition Level,paracccpc,scan_ctlr_stuckat_edt_bypass_low_internal_scandump,[NWP] scan: scandump,NOT_LAUNCHED,SathyahX Sv,nio-a0-rtl-26ww41b
Partition Level,paracccpc,ssn_continuity,[NWP] SSN: continuity,NOT_LAUNCHED,SathyahX Sv,nio-a0-rtl-26ww41b
Partition Level,paracccpc,stuckat_edt_bypass_low_internal_burnin_togcnt_cap_off,[NWP] scan: Burnin,NOT_LAUNCHED,SathyahX Sv,nio-a0-rtl-26ww41b
Partition Level,paracccpc,stuckat_edt_bypass_low_internal_serial_chain,[NWP] scan: edtbyp cont proxy,NOT_LAUNCHED,SathyahX Sv,nio-a0-rtl-26ww41b
Partition Level,paracccpc,stuckat_edt_bypass_low_internal_serial_scan,[NWP] scan: edtbyp stuckat proxy,NOT_LAUNCHED,SathyahX Sv,nio-a0-rtl-26ww41b
Partition Level,paracccpc,stuckat_edt_edt_low_internal_loopback,[NWP] SSN: endpoint loopback,NOT_LAUNCHED,SathyahX Sv,nio-a0-rtl-26ww41b
Partition Level,paracccpc,stuckat_edt_edt_low_internal_serial_chain,[NWP] scan: edten cont proxy,NOT_LAUNCHED,SathyahX Sv,nio-a0-rtl-26ww41b
Partition Level,paracccpc,stuckat_edt_edt_low_internal_serial_scan,[NWP] scan: edten stuckat proxy,NOT_LAUNCHED,SathyahX Sv,nio-a0-rtl-26ww41b
Partition Level,paracchap,atspeed_edt_edt_low_internal_serial_scan,[NWP] scan: edten atspeed proxy,QUEUED,SathyahX Sv,nio-a0-rtl-26ww41b
Partition Level,paracchap,scan_ctlr_stuckat_edt_bypass_low_internal_scandump,[NWP] scan: scandump,NOT_LAUNCHED,SathyahX Sv,nio-a0-rtl-26ww41b
Partition Level,paracchap,ssn_continuity,[NWP] SSN: continuity,QUEUED,SathyahX Sv,nio-a0-rtl-26ww41b
Partition Level,paracchap,stuckat_edt_bypass_low_internal_burnin_togcnt_cap_off,[NWP] scan: Burnin,QUEUED,SathyahX Sv,nio-a0-rtl-26ww41b
Partition Level,paracchap,stuckat_edt_bypass_low_internal_serial_chain,[NWP] scan: edtbyp cont proxy,QUEUED,SathyahX Sv,nio-a0-rtl-26ww41b
Partition Level,paracchap,stuckat_edt_bypass_low_internal_serial_scan,[NWP] scan: edtbyp stuckat proxy,QUEUED,SathyahX Sv,nio-a0-rtl-26ww41b
Partition Level,paracchap,stuckat_edt_edt_low_internal_loopback,[NWP] SSN: endpoint loopback,QUEUED,SathyahX Sv,nio-a0-rtl-26ww41b
Partition Level,paracchap,stuckat_edt_edt_low_internal_serial_chain,[NWP] scan: edten cont proxy,QUEUED,SathyahX Sv,nio-a0-rtl-26ww41b
Partition Level,paracchap,stuckat_edt_edt_low_internal_serial_scan,[NWP] scan: edten stuckat proxy,QUEUED,SathyahX Sv,nio-a0-rtl-26ww41b
Partition Level,paracciommu,atspeed_edt_edt_low_internal_serial_scan,[NWP] scan: edten atspeed proxy,QUEUED,SathyahX Sv,nio-a0-rtl-26ww41b
Partition Level,paracciommu,scan_ctlr_stuckat_edt_bypass_low_internal_scandump,[NWP] scan: scandump,NOT_LAUNCHED,SathyahX Sv,nio-a0-rtl-26ww41b
Partition Level,paracciommu,ssn_continuity,[NWP] SSN: continuity,QUEUED,SathyahX Sv,nio-a0-rtl-26ww41b
Partition Level,paracciommu,stuckat_edt_bypass_low_internal_burnin_togcnt_cap_off,[NWP] scan: Burnin,QUEUED,SathyahX Sv,nio-a0-rtl-26ww41b
Partition Level,paracciommu,stuckat_edt_bypass_low_internal_serial_chain,[NWP] scan: edtbyp cont proxy,QUEUED,SathyahX Sv,nio-a0-rtl-26ww41b
Partition Level,paracciommu,stuckat_edt_bypass_low_internal_serial_scan,[NWP] scan: edtbyp stuckat proxy,QUEUED,SathyahX Sv,nio-a0-rtl-26ww41b
Partition Level,paracciommu,stuckat_edt_edt_low_internal_loopback,[NWP] SSN: endpoint loopback,QUEUED,SathyahX Sv,nio-a0-rtl-26ww41b
Partition Level,paracciommu,stuckat_edt_edt_low_internal_serial_chain,[NWP] scan: edten cont proxy,QUEUED,SathyahX Sv,nio-a0-rtl-26ww41b
Partition Level,paracciommu,stuckat_edt_edt_low_internal_serial_scan,[NWP] scan: edten stuckat proxy,QUEUED,SathyahX Sv,nio-a0-rtl-26ww41b
Partition Level,paraccitc,atspeed_edt_edt_low_internal_serial_scan,[NWP] scan: edten atspeed proxy,QUEUED,SathyahX Sv,nio-a0-rtl-26ww41b
Partition Level,paraccitc,scan_ctlr_stuckat_edt_bypass_low_internal_scandump,[NWP] scan: scandump,NOT_LAUNCHED,SathyahX Sv,nio-a0-rtl-26ww41b
Partition Level,paraccitc,ssn_continuity,[NWP] SSN: continuity,QUEUED,SathyahX Sv,nio-a0-rtl-26ww41b
Partition Level,paraccitc,stuckat_edt_bypass_low_internal_burnin_togcnt_cap_off,[NWP] scan: Burnin,QUEUED,SathyahX Sv,nio-a0-rtl-26ww41b
Partition Level,paraccitc,stuckat_edt_bypass_low_internal_serial_chain,[NWP] scan: edtbyp cont proxy,QUEUED,SathyahX Sv,nio-a0-rtl-26ww41b
Partition Level,paraccitc,stuckat_edt_bypass_low_internal_serial_scan,[NWP] scan: edtbyp stuckat proxy,QUEUED,SathyahX Sv,nio-a0-rtl-26ww41b
Partition Level,paraccitc,stuckat_edt_edt_low_internal_loopback,[NWP] SSN: endpoint loopback,QUEUED,SathyahX Sv,nio-a0-rtl-26ww41b
Partition Level,paraccitc,stuckat_edt_edt_low_internal_serial_chain,[NWP] scan: edten cont proxy,QUEUED,SathyahX Sv,nio-a0-rtl-26ww41b
Partition Level,paraccitc,stuckat_edt_edt_low_internal_serial_scan,[NWP] scan: edten stuckat proxy,QUEUED,SathyahX Sv,nio-a0-rtl-26ww41b
Partition Level,paraccotc,atspeed_edt_edt_low_internal_serial_scan,[NWP] scan: edten atspeed proxy,QUEUED,SathyahX Sv,nio-a0-rtl-26ww41b
Partition Level,paraccotc,scan_ctlr_stuckat_edt_bypass_low_internal_scandump,[NWP] scan: scandump,NOT_LAUNCHED,SathyahX Sv,nio-a0-rtl-26ww41b
Partition Level,paraccotc,ssn_continuity,[NWP] SSN: continuity,QUEUED,SathyahX Sv,nio-a0-rtl-26ww41b
Partition Level,paraccotc,stuckat_edt_bypass_low_internal_burnin_togcnt_cap_off,[NWP] scan: Burnin,QUEUED,SathyahX Sv,nio-a0-rtl-26ww41b
Partition Level,paraccotc,stuckat_edt_bypass_low_internal_serial_chain,[NWP] scan: edtbyp cont proxy,QUEUED,SathyahX Sv,nio-a0-rtl-26ww41b
Partition Level,paraccotc,stuckat_edt_bypass_low_internal_serial_scan,[NWP] scan: edtbyp stuckat proxy,QUEUED,SathyahX Sv,nio-a0-rtl-26ww41b
Partition Level,paraccotc,stuckat_edt_edt_low_internal_loopback,[NWP] SSN: endpoint loopback,QUEUED,SathyahX Sv,nio-a0-rtl-26ww41b
Partition Level,paraccotc,stuckat_edt_edt_low_internal_serial_chain,[NWP] scan: edten cont proxy,QUEUED,SathyahX Sv,nio-a0-rtl-26ww41b
Partition Level,paraccotc,stuckat_edt_edt_low_internal_serial_scan,[NWP] scan: edten stuckat proxy,QUEUED,SathyahX Sv,nio-a0-rtl-26ww41b
Partition Level,parcabama,atspeed_edt_edt_low_internal_serial_scan,[NWP] scan: edten atspeed proxy,NOT_LAUNCHED,Mauricio Segura,nio-a0-rtl-26ww41b
Partition Level,parcabama,scan_ctlr_stuckat_edt_bypass_low_internal_scandump,[NWP] scan: scandump,NOT_LAUNCHED,Mauricio Segura,nio-a0-rtl-26ww41b
Partition Level,parcabama,ssn_continuity,[NWP] SSN: continuity,NOT_LAUNCHED,Mauricio Segura,nio-a0-rtl-26ww41b
Partition Level,parcabama,stuckat_edt_bypass_low_internal_burnin_togcnt_cap_off,[NWP] scan: Burnin,NOT_LAUNCHED,Mario Alpizar,nio-a0-rtl-26ww41b
Partition Level,parcabama,stuckat_edt_bypass_low_internal_serial_chain,[NWP] scan: edtbyp cont proxy,NOT_LAUNCHED,Mauricio Segura,nio-a0-rtl-26ww41b
Partition Level,parcabama,stuckat_edt_bypass_low_internal_serial_scan,[NWP] scan: edtbyp stuckat proxy,NOT_LAUNCHED,Mauricio Segura,nio-a0-rtl-26ww41b
Partition Level,parcabama,stuckat_edt_edt_low_internal_loopback,[NWP] SSN: endpoint loopback,NOT_LAUNCHED,Mauricio Segura,nio-a0-rtl-26ww41b
Partition Level,parcabama,stuckat_edt_edt_low_internal_serial_chain,[NWP] scan: edten cont proxy,NOT_LAUNCHED,Mauricio Segura,nio-a0-rtl-26ww41b
Partition Level,parcabama,stuckat_edt_edt_low_internal_serial_scan,[NWP] scan: edten stuckat proxy,NOT_LAUNCHED,Mauricio Segura,nio-a0-rtl-26ww41b
Partition Level,parcabcit,atspeed_edt_edt_low_internal_serial_scan,[NWP] scan: edten atspeed proxy,QUEUED,Mauricio Segura,nio-a0-rtl-26ww41b
Partition Level,parcabcit,scan_ctlr_stuckat_edt_bypass_low_internal_scandump,[NWP] scan: scandump,NOT_LAUNCHED,Mauricio Segura,nio-a0-rtl-26ww41b
Partition Level,parcabcit,ssn_continuity,[NWP] SSN: continuity,QUEUED,Mauricio Segura,nio-a0-rtl-26ww41b
Partition Level,parcabcit,stuckat_edt_bypass_low_internal_burnin_togcnt_cap_off,[NWP] scan: Burnin,QUEUED,Mauricio Segura,nio-a0-rtl-26ww41b
Partition Level,parcabcit,stuckat_edt_bypass_low_internal_serial_chain,[NWP] scan: edtbyp cont proxy,QUEUED,Mauricio Segura,nio-a0-rtl-26ww41b
Partition Level,parcabcit,stuckat_edt_bypass_low_internal_serial_scan,[NWP] scan: edtbyp stuckat proxy,QUEUED,Mauricio Segura,nio-a0-rtl-26ww41b
Partition Level,parcabcit,stuckat_edt_edt_low_internal_loopback,[NWP] SSN: endpoint loopback,QUEUED,Mauricio Segura,nio-a0-rtl-26ww41b
Partition Level,parcabcit,stuckat_edt_edt_low_internal_serial_chain,[NWP] scan: edten cont proxy,QUEUED,Mauricio Segura,nio-a0-rtl-26ww41b
Partition Level,parcabcit,stuckat_edt_edt_low_internal_serial_scan,[NWP] scan: edten stuckat proxy,QUEUED,Mauricio Segura,nio-a0-rtl-26ww41b
Partition Level,parcabcrs4x,atspeed_edt_edt_low_internal_serial_scan,[NWP] scan: edten atspeed proxy,QUEUED,Mauricio Segura,nio-a0-rtl-26ww41b
Partition Level,parcabcrs4x,scan_ctlr_stuckat_edt_bypass_low_internal_scandump,[NWP] scan: scandump,NOT_LAUNCHED,Mauricio Segura,nio-a0-rtl-26ww41b
Partition Level,parcabcrs4x,ssn_continuity,[NWP] SSN: continuity,QUEUED,Mauricio Segura,nio-a0-rtl-26ww41b
Partition Level,parcabcrs4x,stuckat_edt_bypass_low_internal_burnin_togcnt_cap_off,[NWP] scan: Burnin,QUEUED,Mauricio Segura,nio-a0-rtl-26ww41b
Partition Level,parcabcrs4x,stuckat_edt_bypass_low_internal_serial_chain,[NWP] scan: edtbyp cont proxy,QUEUED,Mauricio Segura,nio-a0-rtl-26ww41b
Partition Level,parcabcrs4x,stuckat_edt_bypass_low_internal_serial_scan,[NWP] scan: edtbyp stuckat proxy,QUEUED,Mauricio Segura,nio-a0-rtl-26ww41b
Partition Level,parcabcrs4x,stuckat_edt_edt_low_internal_loopback,[NWP] SSN: endpoint loopback,QUEUED,Mauricio Segura,nio-a0-rtl-26ww41b
Partition Level,parcabcrs4x,stuckat_edt_edt_low_internal_serial_chain,[NWP] scan: edten cont proxy,QUEUED,Mauricio Segura,nio-a0-rtl-26ww41b
Partition Level,parcabcrs4x,stuckat_edt_edt_low_internal_serial_scan,[NWP] scan: edten stuckat proxy,QUEUED,Mauricio Segura,nio-a0-rtl-26ww41b
Partition Level,parcabhmaa,atspeed_edt_edt_low_internal_serial_scan,[NWP] scan: edten atspeed proxy,QUEUED,Mauricio Segura,nio-a0-rtl-26ww41b
Partition Level,parcabhmaa,scan_ctlr_stuckat_edt_bypass_low_internal_scandump,[NWP] scan: scandump,NOT_LAUNCHED,Mauricio Segura,nio-a0-rtl-26ww41b
Partition Level,parcabhmaa,ssn_continuity,[NWP] SSN: continuity,QUEUED,Mauricio Segura,nio-a0-rtl-26ww41b
Partition Level,parcabhmaa,stuckat_edt_bypass_low_internal_burnin_togcnt_cap_off,[NWP] scan: Burnin,QUEUED,Mauricio Segura,nio-a0-rtl-26ww41b
Partition Level,parcabhmaa,stuckat_edt_bypass_low_internal_serial_chain,[NWP] scan: edtbyp cont proxy,QUEUED,Mauricio Segura,nio-a0-rtl-26ww41b
Partition Level,parcabhmaa,stuckat_edt_bypass_low_internal_serial_scan,[NWP] scan: edtbyp stuckat proxy,QUEUED,Mauricio Segura,nio-a0-rtl-26ww41b
Partition Level,parcabhmaa,stuckat_edt_edt_low_internal_loopback,[NWP] SSN: endpoint loopback,QUEUED,Mauricio Segura,nio-a0-rtl-26ww41b
Partition Level,parcabhmaa,stuckat_edt_edt_low_internal_serial_chain,[NWP] scan: edten cont proxy,QUEUED,Mauricio Segura,nio-a0-rtl-26ww41b
Partition Level,parcabhmaa,stuckat_edt_edt_low_internal_serial_scan,[NWP] scan: edten stuckat proxy,QUEUED,Mauricio Segura,nio-a0-rtl-26ww41b
Partition Level,parcabhmab,atspeed_edt_edt_low_internal_serial_scan,[NWP] scan: edten atspeed proxy,QUEUED,Mauricio Segura,nio-a0-rtl-26ww41b
Partition Level,parcabhmab,scan_ctlr_stuckat_edt_bypass_low_internal_scandump,[NWP] scan: scandump,NOT_LAUNCHED,Mauricio Segura,nio-a0-rtl-26ww41b
Partition Level,parcabhmab,ssn_continuity,[NWP] SSN: continuity,QUEUED,Mauricio Segura,nio-a0-rtl-26ww41b
Partition Level,parcabhmab,stuckat_edt_bypass_low_internal_burnin_togcnt_cap_off,[NWP] scan: Burnin,QUEUED,Mauricio Segura,nio-a0-rtl-26ww41b
Partition Level,parcabhmab,stuckat_edt_bypass_low_internal_serial_chain,[NWP] scan: edtbyp cont proxy,QUEUED,Mauricio Segura,nio-a0-rtl-26ww41b
Partition Level,parcabhmab,stuckat_edt_bypass_low_internal_serial_scan,[NWP] scan: edtbyp stuckat proxy,QUEUED,Mauricio Segura,nio-a0-rtl-26ww41b
Partition Level,parcabhmab,stuckat_edt_edt_low_internal_loopback,[NWP] SSN: endpoint loopback,QUEUED,Mauricio Segura,nio-a0-rtl-26ww41b
Partition Level,parcabhmab,stuckat_edt_edt_low_internal_serial_chain,[NWP] scan: edten cont proxy,QUEUED,Mauricio Segura,nio-a0-rtl-26ww41b
Partition Level,parcabhmab,stuckat_edt_edt_low_internal_serial_scan,[NWP] scan: edten stuckat proxy,QUEUED,Mauricio Segura,nio-a0-rtl-26ww41b
Partition Level,parcabinf00,atspeed_edt_edt_low_internal_serial_scan,[NWP] scan: edten atspeed proxy,NOT_LAUNCHED,Mauricio Segura,nio-a0-rtl-26ww41b
Partition Level,parcabinf00,scan_ctlr_stuckat_edt_bypass_low_internal_scandump,[NWP] scan: scandump,NOT_LAUNCHED,Mauricio Segura,nio-a0-rtl-26ww41b
Partition Level,parcabinf00,ssn_continuity,[NWP] SSN: continuity,NOT_LAUNCHED,Mauricio Segura,nio-a0-rtl-26ww41b
Partition Level,parcabinf00,stuckat_edt_bypass_low_internal_burnin_togcnt_cap_off,[NWP] scan: Burnin,NOT_LAUNCHED,Mauricio Segura,nio-a0-rtl-26ww41b
Partition Level,parcabinf00,stuckat_edt_bypass_low_internal_serial_chain,[NWP] scan: edtbyp cont proxy,NOT_LAUNCHED,Mauricio Segura,nio-a0-rtl-26ww41b
Partition Level,parcabinf00,stuckat_edt_bypass_low_internal_serial_scan,[NWP] scan: edtbyp stuckat proxy,NOT_LAUNCHED,Mauricio Segura,nio-a0-rtl-26ww41b
Partition Level,parcabinf00,stuckat_edt_edt_low_internal_loopback,[NWP] SSN: endpoint loopback,NOT_LAUNCHED,Mauricio Segura,nio-a0-rtl-26ww41b
Partition Level,parcabinf00,stuckat_edt_edt_low_internal_serial_chain,[NWP] scan: edten cont proxy,NOT_LAUNCHED,Mauricio Segura,nio-a0-rtl-26ww41b
Partition Level,parcabinf00,stuckat_edt_edt_low_internal_serial_scan,[NWP] scan: edten stuckat proxy,NOT_LAUNCHED,Mauricio Segura,nio-a0-rtl-26ww41b
Partition Level,parcabinf01,atspeed_edt_edt_low_internal_serial_scan,[NWP] scan: edten atspeed proxy,NOT_LAUNCHED,Mauricio Segura,nio-a0-rtl-26ww41b
Partition Level,parcabinf01,scan_ctlr_stuckat_edt_bypass_low_internal_scandump,[NWP] scan: scandump,NOT_LAUNCHED,Mauricio Segura,nio-a0-rtl-26ww41b
Partition Level,parcabinf01,ssn_continuity,[NWP] SSN: continuity,NOT_LAUNCHED,Mauricio Segura,nio-a0-rtl-26ww41b
Partition Level,parcabinf01,stuckat_edt_bypass_low_internal_burnin_togcnt_cap_off,[NWP] scan: Burnin,NOT_LAUNCHED,Mauricio Segura,nio-a0-rtl-26ww41b
Partition Level,parcabinf01,stuckat_edt_bypass_low_internal_serial_chain,[NWP] scan: edtbyp cont proxy,NOT_LAUNCHED,Mauricio Segura,nio-a0-rtl-26ww41b
Partition Level,parcabinf01,stuckat_edt_bypass_low_internal_serial_scan,[NWP] scan: edtbyp stuckat proxy,NOT_LAUNCHED,Mauricio Segura,nio-a0-rtl-26ww41b
Partition Level,parcabinf01,stuckat_edt_edt_low_internal_loopback,[NWP] SSN: endpoint loopback,NOT_LAUNCHED,Mauricio Segura,nio-a0-rtl-26ww41b
Partition Level,parcabinf01,stuckat_edt_edt_low_internal_serial_chain,[NWP] scan: edten cont proxy,NOT_LAUNCHED,Mauricio Segura,nio-a0-rtl-26ww41b
Partition Level,parcabinf01,stuckat_edt_edt_low_internal_serial_scan,[NWP] scan: edten stuckat proxy,NOT_LAUNCHED,Mauricio Segura,nio-a0-rtl-26ww41b
Partition Level,parcabinf02,atspeed_edt_edt_low_internal_serial_scan,[NWP] scan: edten atspeed proxy,NOT_LAUNCHED,Mario Alpizar,nio-a0-rtl-26ww41b
Partition Level,parcabinf02,scan_ctlr_stuckat_edt_bypass_low_internal_scandump,[NWP] scan: scandump,NOT_LAUNCHED,Mario Alpizar,nio-a0-rtl-26ww41b
Partition Level,parcabinf02,ssn_continuity,[NWP] SSN: continuity,NOT_LAUNCHED,Mario Alpizar,nio-a0-rtl-26ww41b
Partition Level,parcabinf02,stuckat_edt_bypass_low_internal_burnin_togcnt_cap_off,[NWP] scan: Burnin,NOT_LAUNCHED,Mario Alpizar,nio-a0-rtl-26ww41b
Partition Level,parcabinf02,stuckat_edt_bypass_low_internal_serial_chain,[NWP] scan: edtbyp cont proxy,NOT_LAUNCHED,Mario Alpizar,nio-a0-rtl-26ww41b
Partition Level,parcabinf02,stuckat_edt_bypass_low_internal_serial_scan,[NWP] scan: edtbyp stuckat proxy,NOT_LAUNCHED,Mario Alpizar,nio-a0-rtl-26ww41b
Partition Level,parcabinf02,stuckat_edt_edt_low_internal_loopback,[NWP] SSN: endpoint loopback,NOT_LAUNCHED,Mario Alpizar,nio-a0-rtl-26ww41b
Partition Level,parcabinf02,stuckat_edt_edt_low_internal_serial_chain,[NWP] scan: edten cont proxy,NOT_LAUNCHED,Mario Alpizar,nio-a0-rtl-26ww41b
Partition Level,parcabinf02,stuckat_edt_edt_low_internal_serial_scan,[NWP] scan: edten stuckat proxy,NOT_LAUNCHED,Mario Alpizar,nio-a0-rtl-26ww41b
Partition Level,parcabinf03,atspeed_edt_edt_low_internal_serial_scan,[NWP] scan: edten atspeed proxy,NOT_LAUNCHED,Mario Alpizar,nio-a0-rtl-26ww41b
Partition Level,parcabinf03,scan_ctlr_stuckat_edt_bypass_low_internal_scandump,[NWP] scan: scandump,NOT_LAUNCHED,Mario Alpizar,nio-a0-rtl-26ww41b
Partition Level,parcabinf03,ssn_continuity,[NWP] SSN: continuity,NOT_LAUNCHED,Mario Alpizar,nio-a0-rtl-26ww41b
Partition Level,parcabinf03,stuckat_edt_bypass_low_internal_burnin_togcnt_cap_off,[NWP] scan: Burnin,NOT_LAUNCHED,Mario Alpizar,nio-a0-rtl-26ww41b
Partition Level,parcabinf03,stuckat_edt_bypass_low_internal_serial_chain,[NWP] scan: edtbyp cont proxy,NOT_LAUNCHED,Mario Alpizar,nio-a0-rtl-26ww41b
Partition Level,parcabinf03,stuckat_edt_bypass_low_internal_serial_scan,[NWP] scan: edtbyp stuckat proxy,NOT_LAUNCHED,Mario Alpizar,nio-a0-rtl-26ww41b
Partition Level,parcabinf03,stuckat_edt_edt_low_internal_loopback,[NWP] SSN: endpoint loopback,NOT_LAUNCHED,Mario Alpizar,nio-a0-rtl-26ww41b
Partition Level,parcabinf03,stuckat_edt_edt_low_internal_serial_chain,[NWP] scan: edten cont proxy,NOT_LAUNCHED,Mario Alpizar,nio-a0-rtl-26ww41b
Partition Level,parcabinf03,stuckat_edt_edt_low_internal_serial_scan,[NWP] scan: edten stuckat proxy,NOT_LAUNCHED,Mario Alpizar,nio-a0-rtl-26ww41b
Partition Level,parcabinf10,atspeed_edt_edt_low_internal_serial_scan,[NWP] scan: edten atspeed proxy,QUEUED,Emmanuel Araya,nio-a0-rtl-26ww41b
Partition Level,parcabinf10,scan_ctlr_stuckat_edt_bypass_low_internal_scandump,[NWP] scan: scandump,NOT_LAUNCHED,Emmanuel Araya,nio-a0-rtl-26ww41b
Partition Level,parcabinf10,ssn_continuity,[NWP] SSN: continuity,QUEUED,Emmanuel Araya,nio-a0-rtl-26ww41b
Partition Level,parcabinf10,stuckat_edt_bypass_low_internal_burnin_togcnt_cap_off,[NWP] scan: Burnin,QUEUED,Emmanuel Araya,nio-a0-rtl-26ww41b
Partition Level,parcabinf10,stuckat_edt_bypass_low_internal_serial_chain,[NWP] scan: edtbyp cont proxy,QUEUED,Emmanuel Araya,nio-a0-rtl-26ww41b
Partition Level,parcabinf10,stuckat_edt_bypass_low_internal_serial_scan,[NWP] scan: edtbyp stuckat proxy,QUEUED,Emmanuel Araya,nio-a0-rtl-26ww41b
Partition Level,parcabinf10,stuckat_edt_edt_low_internal_loopback,[NWP] SSN: endpoint loopback,QUEUED,Emmanuel Araya,nio-a0-rtl-26ww41b
Partition Level,parcabinf10,stuckat_edt_edt_low_internal_serial_chain,[NWP] scan: edten cont proxy,QUEUED,Emmanuel Araya,nio-a0-rtl-26ww41b
Partition Level,parcabinf10,stuckat_edt_edt_low_internal_serial_scan,[NWP] scan: edten stuckat proxy,QUEUED,Emmanuel Araya,nio-a0-rtl-26ww41b
Partition Level,parcabinf11,atspeed_edt_edt_low_internal_serial_scan,[NWP] scan: edten atspeed proxy,QUEUED,Mario Alpizar,nio-a0-rtl-26ww41b
Partition Level,parcabinf11,scan_ctlr_stuckat_edt_bypass_low_internal_scandump,[NWP] scan: scandump,NOT_LAUNCHED,Mario Alpizar,nio-a0-rtl-26ww41b
Partition Level,parcabinf11,ssn_continuity,[NWP] SSN: continuity,QUEUED,Mario Alpizar,nio-a0-rtl-26ww41b
Partition Level,parcabinf11,stuckat_edt_bypass_low_internal_burnin_togcnt_cap_off,[NWP] scan: Burnin,QUEUED,Mario Alpizar,nio-a0-rtl-26ww41b
Partition Level,parcabinf11,stuckat_edt_bypass_low_internal_serial_chain,[NWP] scan: edtbyp cont proxy,QUEUED,Mario Alpizar,nio-a0-rtl-26ww41b
Partition Level,parcabinf11,stuckat_edt_bypass_low_internal_serial_scan,[NWP] scan: edtbyp stuckat proxy,QUEUED,Mario Alpizar,nio-a0-rtl-26ww41b
Partition Level,parcabinf11,stuckat_edt_edt_low_internal_loopback,[NWP] SSN: endpoint loopback,QUEUED,Mario Alpizar,nio-a0-rtl-26ww41b
Partition Level,parcabinf11,stuckat_edt_edt_low_internal_serial_chain,[NWP] scan: edten cont proxy,QUEUED,Mario Alpizar,nio-a0-rtl-26ww41b
Partition Level,parcabinf11,stuckat_edt_edt_low_internal_serial_scan,[NWP] scan: edten stuckat proxy,QUEUED,Mario Alpizar,nio-a0-rtl-26ww41b
Partition Level,parcabinf21e,atspeed_edt_edt_low_internal_serial_scan,[NWP] scan: edten atspeed proxy,QUEUED,Emmanuel Araya,nio-a0-rtl-26ww41b
Partition Level,parcabinf21e,scan_ctlr_stuckat_edt_bypass_low_internal_scandump,[NWP] scan: scandump,NOT_LAUNCHED,Emmanuel Araya,nio-a0-rtl-26ww41b
Partition Level,parcabinf21e,ssn_continuity,[NWP] SSN: continuity,QUEUED,Emmanuel Araya,nio-a0-rtl-26ww41b
Partition Level,parcabinf21e,stuckat_edt_bypass_low_internal_burnin_togcnt_cap_off,[NWP] scan: Burnin,QUEUED,Emmanuel Araya,nio-a0-rtl-26ww41b
Partition Level,parcabinf21e,stuckat_edt_bypass_low_internal_serial_chain,[NWP] scan: edtbyp cont proxy,QUEUED,Emmanuel Araya,nio-a0-rtl-26ww41b
Partition Level,parcabinf21e,stuckat_edt_bypass_low_internal_serial_scan,[NWP] scan: edtbyp stuckat proxy,QUEUED,Emmanuel Araya,nio-a0-rtl-26ww41b
Partition Level,parcabinf21e,stuckat_edt_edt_low_internal_loopback,[NWP] SSN: endpoint loopback,QUEUED,Emmanuel Araya,nio-a0-rtl-26ww41b
Partition Level,parcabinf21e,stuckat_edt_edt_low_internal_serial_chain,[NWP] scan: edten cont proxy,QUEUED,Emmanuel Araya,nio-a0-rtl-26ww41b
Partition Level,parcabinf21e,stuckat_edt_edt_low_internal_serial_scan,[NWP] scan: edten stuckat proxy,QUEUED,Emmanuel Araya,nio-a0-rtl-26ww41b
Partition Level,parcabinf21w,atspeed_edt_edt_low_internal_serial_scan,[NWP] scan: edten atspeed proxy,QUEUED,Mario Alpizar,nio-a0-rtl-26ww41b
Partition Level,parcabinf21w,scan_ctlr_stuckat_edt_bypass_low_internal_scandump,[NWP] scan: scandump,NOT_LAUNCHED,Mario Alpizar,nio-a0-rtl-26ww41b
Partition Level,parcabinf21w,ssn_continuity,[NWP] SSN: continuity,QUEUED,Mario Alpizar,nio-a0-rtl-26ww41b
Partition Level,parcabinf21w,stuckat_edt_bypass_low_internal_burnin_togcnt_cap_off,[NWP] scan: Burnin,QUEUED,Mario Alpizar,nio-a0-rtl-26ww41b
Partition Level,parcabinf21w,stuckat_edt_bypass_low_internal_serial_chain,[NWP] scan: edtbyp cont proxy,QUEUED,Mario Alpizar,nio-a0-rtl-26ww41b
Partition Level,parcabinf21w,stuckat_edt_bypass_low_internal_serial_scan,[NWP] scan: edtbyp stuckat proxy,QUEUED,Mario Alpizar,nio-a0-rtl-26ww41b
Partition Level,parcabinf21w,stuckat_edt_edt_low_internal_loopback,[NWP] SSN: endpoint loopback,QUEUED,Mario Alpizar,nio-a0-rtl-26ww41b
Partition Level,parcabinf21w,stuckat_edt_edt_low_internal_serial_chain,[NWP] scan: edten cont proxy,QUEUED,Mario Alpizar,nio-a0-rtl-26ww41b
Partition Level,parcabinf21w,stuckat_edt_edt_low_internal_serial_scan,[NWP] scan: edten stuckat proxy,QUEUED,Mario Alpizar,nio-a0-rtl-26ww41b
Partition Level,parcabinf23e,atspeed_edt_edt_low_internal_serial_scan,[NWP] scan: edten atspeed proxy,QUEUED,Emmanuel Araya,nio-a0-rtl-26ww41b
Partition Level,parcabinf23e,scan_ctlr_stuckat_edt_bypass_low_internal_scandump,[NWP] scan: scandump,NOT_LAUNCHED,Emmanuel Araya,nio-a0-rtl-26ww41b
Partition Level,parcabinf23e,ssn_continuity,[NWP] SSN: continuity,QUEUED,Emmanuel Araya,nio-a0-rtl-26ww41b
Partition Level,parcabinf23e,stuckat_edt_bypass_low_internal_burnin_togcnt_cap_off,[NWP] scan: Burnin,QUEUED,Emmanuel Araya,nio-a0-rtl-26ww41b
Partition Level,parcabinf23e,stuckat_edt_bypass_low_internal_serial_chain,[NWP] scan: edtbyp cont proxy,QUEUED,Emmanuel Araya,nio-a0-rtl-26ww41b
Partition Level,parcabinf23e,stuckat_edt_bypass_low_internal_serial_scan,[NWP] scan: edtbyp stuckat proxy,QUEUED,Emmanuel Araya,nio-a0-rtl-26ww41b
Partition Level,parcabinf23e,stuckat_edt_edt_low_internal_loopback,[NWP] SSN: endpoint loopback,QUEUED,Emmanuel Araya,nio-a0-rtl-26ww41b
Partition Level,parcabinf23e,stuckat_edt_edt_low_internal_serial_chain,[NWP] scan: edten cont proxy,QUEUED,Emmanuel Araya,nio-a0-rtl-26ww41b
Partition Level,parcabinf23e,stuckat_edt_edt_low_internal_serial_scan,[NWP] scan: edten stuckat proxy,QUEUED,Emmanuel Araya,nio-a0-rtl-26ww41b
Partition Level,parcabinf23w,atspeed_edt_edt_low_internal_serial_scan,[NWP] scan: edten atspeed proxy,QUEUED,Emmanuel Araya,nio-a0-rtl-26ww41b
Partition Level,parcabinf23w,scan_ctlr_stuckat_edt_bypass_low_internal_scandump,[NWP] scan: scandump,NOT_LAUNCHED,Emmanuel Araya,nio-a0-rtl-26ww41b
Partition Level,parcabinf23w,ssn_continuity,[NWP] SSN: continuity,QUEUED,Emmanuel Araya,nio-a0-rtl-26ww41b
Partition Level,parcabinf23w,stuckat_edt_bypass_low_internal_burnin_togcnt_cap_off,[NWP] scan: Burnin,QUEUED,Emmanuel Araya,nio-a0-rtl-26ww41b
Partition Level,parcabinf23w,stuckat_edt_bypass_low_internal_serial_chain,[NWP] scan: edtbyp cont proxy,QUEUED,Emmanuel Araya,nio-a0-rtl-26ww41b
Partition Level,parcabinf23w,stuckat_edt_bypass_low_internal_serial_scan,[NWP] scan: edtbyp stuckat proxy,QUEUED,Emmanuel Araya,nio-a0-rtl-26ww41b
Partition Level,parcabinf23w,stuckat_edt_edt_low_internal_loopback,[NWP] SSN: endpoint loopback,QUEUED,Emmanuel Araya,nio-a0-rtl-26ww41b
Partition Level,parcabinf23w,stuckat_edt_edt_low_internal_serial_chain,[NWP] scan: edten cont proxy,QUEUED,Emmanuel Araya,nio-a0-rtl-26ww41b
Partition Level,parcabinf23w,stuckat_edt_edt_low_internal_serial_scan,[NWP] scan: edten stuckat proxy,QUEUED,Emmanuel Araya,nio-a0-rtl-26ww41b
Partition Level,parcabinffivr,atspeed_edt_edt_low_internal_serial_scan,[NWP] scan: edten atspeed proxy,QUEUED,Mauricio Segura,nio-a0-rtl-26ww41b
Partition Level,parcabinffivr,scan_ctlr_stuckat_edt_bypass_low_internal_scandump,[NWP] scan: scandump,NOT_LAUNCHED,Mauricio Segura,nio-a0-rtl-26ww41b
Partition Level,parcabinffivr,ssn_continuity,[NWP] SSN: continuity,QUEUED,Mauricio Segura,nio-a0-rtl-26ww41b
Partition Level,parcabinffivr,stuckat_edt_bypass_low_internal_burnin_togcnt_cap_off,[NWP] scan: Burnin,QUEUED,Mauricio Segura,nio-a0-rtl-26ww41b
Partition Level,parcabinffivr,stuckat_edt_bypass_low_internal_serial_chain,[NWP] scan: edtbyp cont proxy,QUEUED,Mauricio Segura,nio-a0-rtl-26ww41b
Partition Level,parcabinffivr,stuckat_edt_bypass_low_internal_serial_scan,[NWP] scan: edtbyp stuckat proxy,QUEUED,Mauricio Segura,nio-a0-rtl-26ww41b
Partition Level,parcabinffivr,stuckat_edt_edt_low_internal_loopback,[NWP] SSN: endpoint loopback,QUEUED,Mauricio Segura,nio-a0-rtl-26ww41b
Partition Level,parcabinffivr,stuckat_edt_edt_low_internal_serial_chain,[NWP] scan: edten cont proxy,QUEUED,Mauricio Segura,nio-a0-rtl-26ww41b
Partition Level,parcabinffivr,stuckat_edt_edt_low_internal_serial_scan,[NWP] scan: edten stuckat proxy,QUEUED,Mauricio Segura,nio-a0-rtl-26ww41b
Partition Level,parcabmisce,atspeed_edt_edt_low_internal_serial_scan,[NWP] scan: edten atspeed proxy,NOT_LAUNCHED,Mauricio Segura,nio-a0-rtl-26ww41b
Partition Level,parcabmisce,scan_ctlr_stuckat_edt_bypass_low_internal_scandump,[NWP] scan: scandump,NOT_LAUNCHED,Mauricio Segura,nio-a0-rtl-26ww41b
Partition Level,parcabmisce,ssn_continuity,[NWP] SSN: continuity,NOT_LAUNCHED,Mauricio Segura,nio-a0-rtl-26ww41b
Partition Level,parcabmisce,stuckat_edt_bypass_low_internal_burnin_togcnt_cap_off,[NWP] scan: Burnin,NOT_LAUNCHED,Mauricio Segura,nio-a0-rtl-26ww41b
Partition Level,parcabmisce,stuckat_edt_bypass_low_internal_serial_chain,[NWP] scan: edtbyp cont proxy,NOT_LAUNCHED,Mauricio Segura,nio-a0-rtl-26ww41b
Partition Level,parcabmisce,stuckat_edt_bypass_low_internal_serial_scan,[NWP] scan: edtbyp stuckat proxy,NOT_LAUNCHED,Mauricio Segura,nio-a0-rtl-26ww41b
Partition Level,parcabmisce,stuckat_edt_edt_low_internal_loopback,[NWP] SSN: endpoint loopback,NOT_LAUNCHED,Mauricio Segura,nio-a0-rtl-26ww41b
Partition Level,parcabmisce,stuckat_edt_edt_low_internal_serial_chain,[NWP] scan: edten cont proxy,NOT_LAUNCHED,Mauricio Segura,nio-a0-rtl-26ww41b
Partition Level,parcabmisce,stuckat_edt_edt_low_internal_serial_scan,[NWP] scan: edten stuckat proxy,NOT_LAUNCHED,Mauricio Segura,nio-a0-rtl-26ww41b
Partition Level,parcabmiscw,atspeed_edt_edt_low_internal_serial_scan,[NWP] scan: edten atspeed proxy,QUEUED,Mauricio Segura,nio-a0-rtl-26ww41b
Partition Level,parcabmiscw,scan_ctlr_stuckat_edt_bypass_low_internal_scandump,[NWP] scan: scandump,NOT_LAUNCHED,Mauricio Segura,nio-a0-rtl-26ww41b
Partition Level,parcabmiscw,ssn_continuity,[NWP] SSN: continuity,QUEUED,Mauricio Segura,nio-a0-rtl-26ww41b
Partition Level,parcabmiscw,stuckat_edt_bypass_low_internal_burnin_togcnt_cap_off,[NWP] scan: Burnin,QUEUED,Mauricio Segura,nio-a0-rtl-26ww41b
Partition Level,parcabmiscw,stuckat_edt_bypass_low_internal_serial_chain,[NWP] scan: edtbyp cont proxy,QUEUED,Mauricio Segura,nio-a0-rtl-26ww41b
Partition Level,parcabmiscw,stuckat_edt_bypass_low_internal_serial_scan,[NWP] scan: edtbyp stuckat proxy,QUEUED,Mauricio Segura,nio-a0-rtl-26ww41b
Partition Level,parcabmiscw,stuckat_edt_edt_low_internal_loopback,[NWP] SSN: endpoint loopback,QUEUED,Mauricio Segura,nio-a0-rtl-26ww41b
Partition Level,parcabmiscw,stuckat_edt_edt_low_internal_serial_chain,[NWP] scan: edten cont proxy,QUEUED,Mauricio Segura,nio-a0-rtl-26ww41b
Partition Level,parcabmiscw,stuckat_edt_edt_low_internal_serial_scan,[NWP] scan: edten stuckat proxy,QUEUED,Mauricio Segura,nio-a0-rtl-26ww41b
Partition Level,parcabpwba,atspeed_edt_edt_low_internal_serial_scan,[NWP] scan: edten atspeed proxy,QUEUED,Emmanuel Araya,nio-a0-rtl-26ww41b
Partition Level,parcabpwba,scan_ctlr_stuckat_edt_bypass_low_internal_scandump,[NWP] scan: scandump,NOT_LAUNCHED,Emmanuel Araya,nio-a0-rtl-26ww41b
Partition Level,parcabpwba,ssn_continuity,[NWP] SSN: continuity,QUEUED,Emmanuel Araya,nio-a0-rtl-26ww41b
Partition Level,parcabpwba,stuckat_edt_bypass_low_internal_burnin_togcnt_cap_off,[NWP] scan: Burnin,QUEUED,Emmanuel Araya,nio-a0-rtl-26ww41b
Partition Level,parcabpwba,stuckat_edt_bypass_low_internal_serial_chain,[NWP] scan: edtbyp cont proxy,QUEUED,Emmanuel Araya,nio-a0-rtl-26ww41b
Partition Level,parcabpwba,stuckat_edt_bypass_low_internal_serial_scan,[NWP] scan: edtbyp stuckat proxy,QUEUED,Emmanuel Araya,nio-a0-rtl-26ww41b
Partition Level,parcabpwba,stuckat_edt_edt_low_internal_loopback,[NWP] SSN: endpoint loopback,QUEUED,Emmanuel Araya,nio-a0-rtl-26ww41b
Partition Level,parcabpwba,stuckat_edt_edt_low_internal_serial_chain,[NWP] scan: edten cont proxy,QUEUED,Emmanuel Araya,nio-a0-rtl-26ww41b
Partition Level,parcabpwba,stuckat_edt_edt_low_internal_serial_scan,[NWP] scan: edten stuckat proxy,QUEUED,Emmanuel Araya,nio-a0-rtl-26ww41b
Partition Level,parcabpwbb,atspeed_edt_edt_low_internal_serial_scan,[NWP] scan: edten atspeed proxy,QUEUED,Mauricio Segura,nio-a0-rtl-26ww41b
Partition Level,parcabpwbb,scan_ctlr_stuckat_edt_bypass_low_internal_scandump,[NWP] scan: scandump,NOT_LAUNCHED,Mauricio Segura,nio-a0-rtl-26ww41b
Partition Level,parcabpwbb,ssn_continuity,[NWP] SSN: continuity,NOT_LAUNCHED,Mauricio Segura,nio-a0-rtl-26ww41b
Partition Level,parcabpwbb,stuckat_edt_bypass_low_internal_burnin_togcnt_cap_off,[NWP] scan: Burnin,NOT_LAUNCHED,Mauricio Segura,nio-a0-rtl-26ww41b
Partition Level,parcabpwbb,stuckat_edt_bypass_low_internal_serial_chain,[NWP] scan: edtbyp cont proxy,QUEUED,Mauricio Segura,nio-a0-rtl-26ww41b
Partition Level,parcabpwbb,stuckat_edt_bypass_low_internal_serial_scan,[NWP] scan: edtbyp stuckat proxy,QUEUED,Mauricio Segura,nio-a0-rtl-26ww41b
Partition Level,parcabpwbb,stuckat_edt_edt_low_internal_loopback,[NWP] SSN: endpoint loopback,QUEUED,Mauricio Segura,nio-a0-rtl-26ww41b
Partition Level,parcabpwbb,stuckat_edt_edt_low_internal_serial_chain,[NWP] scan: edten cont proxy,QUEUED,Mauricio Segura,nio-a0-rtl-26ww41b
Partition Level,parcabpwbb,stuckat_edt_edt_low_internal_serial_scan,[NWP] scan: edten stuckat proxy,QUEUED,Mauricio Segura,nio-a0-rtl-26ww41b
Partition Level,parcabubrcab,atspeed_edt_edt_low_internal_serial_scan,[NWP] scan: edten atspeed proxy,QUEUED,Emmanuel Araya,nio-a0-rtl-26ww41b
Partition Level,parcabubrcab,scan_ctlr_stuckat_edt_bypass_low_internal_scandump,[NWP] scan: scandump,NOT_LAUNCHED,Emmanuel Araya,nio-a0-rtl-26ww41b
Partition Level,parcabubrcab,ssn_continuity,[NWP] SSN: continuity,QUEUED,Emmanuel Araya,nio-a0-rtl-26ww41b
Partition Level,parcabubrcab,stuckat_edt_bypass_low_internal_burnin_togcnt_cap_off,[NWP] scan: Burnin,QUEUED,Emmanuel Araya,nio-a0-rtl-26ww41b
Partition Level,parcabubrcab,stuckat_edt_bypass_low_internal_serial_chain,[NWP] scan: edtbyp cont proxy,QUEUED,Emmanuel Araya,nio-a0-rtl-26ww41b
Partition Level,parcabubrcab,stuckat_edt_bypass_low_internal_serial_scan,[NWP] scan: edtbyp stuckat proxy,QUEUED,Emmanuel Araya,nio-a0-rtl-26ww41b
Partition Level,parcabubrcab,stuckat_edt_edt_low_internal_loopback,[NWP] SSN: endpoint loopback,QUEUED,Emmanuel Araya,nio-a0-rtl-26ww41b
Partition Level,parcabubrcab,stuckat_edt_edt_low_internal_serial_chain,[NWP] scan: edten cont proxy,QUEUED,Emmanuel Araya,nio-a0-rtl-26ww41b
Partition Level,parcabubrcab,stuckat_edt_edt_low_internal_serial_scan,[NWP] scan: edten stuckat proxy,QUEUED,Emmanuel Araya,nio-a0-rtl-26ww41b
Partition Level,parcabubrchia,atspeed_edt_edt_low_internal_serial_scan,[NWP] scan: edten atspeed proxy,QUEUED,Emmanuel Araya,nio-a0-rtl-26ww41b
Partition Level,parcabubrchia,scan_ctlr_stuckat_edt_bypass_low_internal_scandump,[NWP] scan: scandump,NOT_LAUNCHED,Emmanuel Araya,nio-a0-rtl-26ww41b
Partition Level,parcabubrchia,ssn_continuity,[NWP] SSN: continuity,QUEUED,Emmanuel Araya,nio-a0-rtl-26ww41b
Partition Level,parcabubrchia,stuckat_edt_bypass_low_internal_burnin_togcnt_cap_off,[NWP] scan: Burnin,QUEUED,Emmanuel Araya,nio-a0-rtl-26ww41b
Partition Level,parcabubrchia,stuckat_edt_bypass_low_internal_serial_chain,[NWP] scan: edtbyp cont proxy,QUEUED,Emmanuel Araya,nio-a0-rtl-26ww41b
Partition Level,parcabubrchia,stuckat_edt_bypass_low_internal_serial_scan,[NWP] scan: edtbyp stuckat proxy,QUEUED,Emmanuel Araya,nio-a0-rtl-26ww41b
Partition Level,parcabubrchia,stuckat_edt_edt_low_internal_loopback,[NWP] SSN: endpoint loopback,QUEUED,Emmanuel Araya,nio-a0-rtl-26ww41b
Partition Level,parcabubrchia,stuckat_edt_edt_low_internal_serial_chain,[NWP] scan: edten cont proxy,QUEUED,Emmanuel Araya,nio-a0-rtl-26ww41b
Partition Level,parcabubrchia,stuckat_edt_edt_low_internal_serial_scan,[NWP] scan: edten stuckat proxy,QUEUED,Emmanuel Araya,nio-a0-rtl-26ww41b
Partition Level,parcabubrchib,atspeed_edt_edt_low_internal_serial_scan,[NWP] scan: edten atspeed proxy,QUEUED,Mauricio Segura,nio-a0-rtl-26ww41b
Partition Level,parcabubrchib,scan_ctlr_stuckat_edt_bypass_low_internal_scandump,[NWP] scan: scandump,NOT_LAUNCHED,Mauricio Segura,nio-a0-rtl-26ww41b
Partition Level,parcabubrchib,ssn_continuity,[NWP] SSN: continuity,QUEUED,Mauricio Segura,nio-a0-rtl-26ww41b
Partition Level,parcabubrchib,stuckat_edt_bypass_low_internal_burnin_togcnt_cap_off,[NWP] scan: Burnin,QUEUED,Mario Alpizar,nio-a0-rtl-26ww41b
Partition Level,parcabubrchib,stuckat_edt_bypass_low_internal_serial_chain,[NWP] scan: edtbyp cont proxy,QUEUED,Mauricio Segura,nio-a0-rtl-26ww41b
Partition Level,parcabubrchib,stuckat_edt_bypass_low_internal_serial_scan,[NWP] scan: edtbyp stuckat proxy,QUEUED,Mauricio Segura,nio-a0-rtl-26ww41b
Partition Level,parcabubrchib,stuckat_edt_edt_low_internal_loopback,[NWP] SSN: endpoint loopback,QUEUED,Mauricio Segura,nio-a0-rtl-26ww41b
Partition Level,parcabubrchib,stuckat_edt_edt_low_internal_serial_chain,[NWP] scan: edten cont proxy,QUEUED,Mauricio Segura,nio-a0-rtl-26ww41b
Partition Level,parcabubrchib,stuckat_edt_edt_low_internal_serial_scan,[NWP] scan: edten stuckat proxy,QUEUED,Mauricio Segura,nio-a0-rtl-26ww41b
Partition Level,parcachnl,atspeed_edt_edt_low_internal_serial_scan,[NWP] scan: edten atspeed proxy,QUEUED,SathyahX Sv,nio-a0-rtl-26ww41b
Partition Level,parcachnl,scan_ctlr_stuckat_edt_bypass_low_internal_scandump,[NWP] scan: scandump,NOT_LAUNCHED,SathyahX Sv,nio-a0-rtl-26ww41b
Partition Level,parcachnl,ssn_continuity,[NWP] SSN: continuity,NOT_LAUNCHED,SathyahX Sv,nio-a0-rtl-26ww41b
Partition Level,parcachnl,stuckat_edt_bypass_low_internal_burnin_togcnt_cap_off,[NWP] scan: Burnin,NOT_LAUNCHED,SathyahX Sv,nio-a0-rtl-26ww41b
Partition Level,parcachnl,stuckat_edt_bypass_low_internal_serial_chain,[NWP] scan: edtbyp cont proxy,QUEUED,SathyahX Sv,nio-a0-rtl-26ww41b
Partition Level,parcachnl,stuckat_edt_bypass_low_internal_serial_scan,[NWP] scan: edtbyp stuckat proxy,QUEUED,SathyahX Sv,nio-a0-rtl-26ww41b
Partition Level,parcachnl,stuckat_edt_edt_low_internal_loopback,[NWP] SSN: endpoint loopback,QUEUED,SathyahX Sv,nio-a0-rtl-26ww41b
Partition Level,parcachnl,stuckat_edt_edt_low_internal_serial_chain,[NWP] scan: edten cont proxy,QUEUED,SathyahX Sv,nio-a0-rtl-26ww41b
Partition Level,parcachnl,stuckat_edt_edt_low_internal_serial_scan,[NWP] scan: edten stuckat proxy,QUEUED,SathyahX Sv,nio-a0-rtl-26ww41b
Partition Level,parcd2dtq,atspeed_edt_edt_low_internal_serial_scan,[NWP] scan: edten atspeed proxy,QUEUED,SathyahX Sv,nio-a0-rtl-26ww41b
Partition Level,parcd2dtq,scan_ctlr_stuckat_edt_bypass_low_internal_scandump,[NWP] scan: scandump,NOT_LAUNCHED,SathyahX Sv,nio-a0-rtl-26ww41b
Partition Level,parcd2dtq,ssn_continuity,[NWP] SSN: continuity,QUEUED,SathyahX Sv,nio-a0-rtl-26ww41b
Partition Level,parcd2dtq,stuckat_edt_bypass_low_internal_burnin_togcnt_cap_off,[NWP] scan: Burnin,QUEUED,SathyahX Sv,nio-a0-rtl-26ww41b
Partition Level,parcd2dtq,stuckat_edt_bypass_low_internal_serial_chain,[NWP] scan: edtbyp cont proxy,QUEUED,SathyahX Sv,nio-a0-rtl-26ww41b
Partition Level,parcd2dtq,stuckat_edt_bypass_low_internal_serial_scan,[NWP] scan: edtbyp stuckat proxy,QUEUED,SathyahX Sv,nio-a0-rtl-26ww41b
Partition Level,parcd2dtq,stuckat_edt_edt_low_internal_loopback,[NWP] SSN: endpoint loopback,QUEUED,SathyahX Sv,nio-a0-rtl-26ww41b
Partition Level,parcd2dtq,stuckat_edt_edt_low_internal_serial_chain,[NWP] scan: edten cont proxy,QUEUED,SathyahX Sv,nio-a0-rtl-26ww41b
Partition Level,parcd2dtq,stuckat_edt_edt_low_internal_serial_scan,[NWP] scan: edten stuckat proxy,QUEUED,SathyahX Sv,nio-a0-rtl-26ww41b
Partition Level,parcd2dufich0e,atspeed_edt_edt_low_internal_serial_scan,[NWP] scan: edten atspeed proxy,NOT_LAUNCHED,SathyahX Sv,nio-a0-rtl-26ww41b
Partition Level,parcd2dufich0e,scan_ctlr_stuckat_edt_bypass_low_internal_scandump,[NWP] scan: scandump,NOT_LAUNCHED,SathyahX Sv,nio-a0-rtl-26ww41b
Partition Level,parcd2dufich0e,ssn_continuity,[NWP] SSN: continuity,NOT_LAUNCHED,SathyahX Sv,nio-a0-rtl-26ww41b
Partition Level,parcd2dufich0e,stuckat_edt_bypass_low_internal_burnin_togcnt_cap_off,[NWP] scan: Burnin,NOT_LAUNCHED,SathyahX Sv,nio-a0-rtl-26ww41b
Partition Level,parcd2dufich0e,stuckat_edt_bypass_low_internal_serial_chain,[NWP] scan: edtbyp cont proxy,NOT_LAUNCHED,SathyahX Sv,nio-a0-rtl-26ww41b
Partition Level,parcd2dufich0e,stuckat_edt_bypass_low_internal_serial_scan,[NWP] scan: edtbyp stuckat proxy,NOT_LAUNCHED,SathyahX Sv,nio-a0-rtl-26ww41b
Partition Level,parcd2dufich0e,stuckat_edt_edt_low_internal_loopback,[NWP] SSN: endpoint loopback,NOT_LAUNCHED,SathyahX Sv,nio-a0-rtl-26ww41b
Partition Level,parcd2dufich0e,stuckat_edt_edt_low_internal_serial_chain,[NWP] scan: edten cont proxy,NOT_LAUNCHED,SathyahX Sv,nio-a0-rtl-26ww41b
Partition Level,parcd2dufich0e,stuckat_edt_edt_low_internal_serial_scan,[NWP] scan: edten stuckat proxy,NOT_LAUNCHED,SathyahX Sv,nio-a0-rtl-26ww41b
Partition Level,parcd2dufich0w,atspeed_edt_edt_low_internal_serial_scan,[NWP] scan: edten atspeed proxy,NOT_LAUNCHED,SathyahX Sv,nio-a0-rtl-26ww41b
Partition Level,parcd2dufich0w,scan_ctlr_stuckat_edt_bypass_low_internal_scandump,[NWP] scan: scandump,NOT_LAUNCHED,SathyahX Sv,nio-a0-rtl-26ww41b
Partition Level,parcd2dufich0w,ssn_continuity,[NWP] SSN: continuity,NOT_LAUNCHED,SathyahX Sv,nio-a0-rtl-26ww41b
Partition Level,parcd2dufich0w,stuckat_edt_bypass_low_internal_burnin_togcnt_cap_off,[NWP] scan: Burnin,NOT_LAUNCHED,SathyahX Sv,nio-a0-rtl-26ww41b
Partition Level,parcd2dufich0w,stuckat_edt_bypass_low_internal_serial_chain,[NWP] scan: edtbyp cont proxy,NOT_LAUNCHED,SathyahX Sv,nio-a0-rtl-26ww41b
Partition Level,parcd2dufich0w,stuckat_edt_bypass_low_internal_serial_scan,[NWP] scan: edtbyp stuckat proxy,NOT_LAUNCHED,SathyahX Sv,nio-a0-rtl-26ww41b
Partition Level,parcd2dufich0w,stuckat_edt_edt_low_internal_loopback,[NWP] SSN: endpoint loopback,NOT_LAUNCHED,SathyahX Sv,nio-a0-rtl-26ww41b
Partition Level,parcd2dufich0w,stuckat_edt_edt_low_internal_serial_chain,[NWP] scan: edten cont proxy,NOT_LAUNCHED,SathyahX Sv,nio-a0-rtl-26ww41b
Partition Level,parcd2dufich0w,stuckat_edt_edt_low_internal_serial_scan,[NWP] scan: edten stuckat proxy,NOT_LAUNCHED,SathyahX Sv,nio-a0-rtl-26ww41b
Partition Level,parcd2dufich1e,atspeed_edt_edt_low_internal_serial_scan,[NWP] scan: edten atspeed proxy,NOT_LAUNCHED,SathyahX Sv,nio-a0-rtl-26ww41b
Partition Level,parcd2dufich1e,scan_ctlr_stuckat_edt_bypass_low_internal_scandump,[NWP] scan: scandump,NOT_LAUNCHED,SathyahX Sv,nio-a0-rtl-26ww41b
Partition Level,parcd2dufich1e,ssn_continuity,[NWP] SSN: continuity,NOT_LAUNCHED,SathyahX Sv,nio-a0-rtl-26ww41b
Partition Level,parcd2dufich1e,stuckat_edt_bypass_low_internal_burnin_togcnt_cap_off,[NWP] scan: Burnin,NOT_LAUNCHED,SathyahX Sv,nio-a0-rtl-26ww41b
Partition Level,parcd2dufich1e,stuckat_edt_bypass_low_internal_serial_chain,[NWP] scan: edtbyp cont proxy,NOT_LAUNCHED,SathyahX Sv,nio-a0-rtl-26ww41b
Partition Level,parcd2dufich1e,stuckat_edt_bypass_low_internal_serial_scan,[NWP] scan: edtbyp stuckat proxy,NOT_LAUNCHED,SathyahX Sv,nio-a0-rtl-26ww41b
Partition Level,parcd2dufich1e,stuckat_edt_edt_low_internal_loopback,[NWP] SSN: endpoint loopback,NOT_LAUNCHED,SathyahX Sv,nio-a0-rtl-26ww41b
Partition Level,parcd2dufich1e,stuckat_edt_edt_low_internal_serial_chain,[NWP] scan: edten cont proxy,NOT_LAUNCHED,SathyahX Sv,nio-a0-rtl-26ww41b
Partition Level,parcd2dufich1e,stuckat_edt_edt_low_internal_serial_scan,[NWP] scan: edten stuckat proxy,NOT_LAUNCHED,SathyahX Sv,nio-a0-rtl-26ww41b
Partition Level,parcd2dufich1w,atspeed_edt_edt_low_internal_serial_scan,[NWP] scan: edten atspeed proxy,NOT_LAUNCHED,SathyahX Sv,nio-a0-rtl-26ww41b
Partition Level,parcd2dufich1w,scan_ctlr_stuckat_edt_bypass_low_internal_scandump,[NWP] scan: scandump,NOT_LAUNCHED,SathyahX Sv,nio-a0-rtl-26ww41b
Partition Level,parcd2dufich1w,ssn_continuity,[NWP] SSN: continuity,NOT_LAUNCHED,SathyahX Sv,nio-a0-rtl-26ww41b
Partition Level,parcd2dufich1w,stuckat_edt_bypass_low_internal_burnin_togcnt_cap_off,[NWP] scan: Burnin,NOT_LAUNCHED,SathyahX Sv,nio-a0-rtl-26ww41b
Partition Level,parcd2dufich1w,stuckat_edt_bypass_low_internal_serial_chain,[NWP] scan: edtbyp cont proxy,NOT_LAUNCHED,SathyahX Sv,nio-a0-rtl-26ww41b
Partition Level,parcd2dufich1w,stuckat_edt_bypass_low_internal_serial_scan,[NWP] scan: edtbyp stuckat proxy,NOT_LAUNCHED,SathyahX Sv,nio-a0-rtl-26ww41b
Partition Level,parcd2dufich1w,stuckat_edt_edt_low_internal_loopback,[NWP] SSN: endpoint loopback,NOT_LAUNCHED,SathyahX Sv,nio-a0-rtl-26ww41b
Partition Level,parcd2dufich1w,stuckat_edt_edt_low_internal_serial_chain,[NWP] scan: edten cont proxy,NOT_LAUNCHED,SathyahX Sv,nio-a0-rtl-26ww41b
Partition Level,parcd2dufich1w,stuckat_edt_edt_low_internal_serial_scan,[NWP] scan: edten stuckat proxy,NOT_LAUNCHED,SathyahX Sv,nio-a0-rtl-26ww41b
Partition Level,parcgu,atspeed_edt_edt_low_internal_serial_scan,[NWP] scan: edten atspeed proxy,QUEUED,Emmanuel Araya,nio-a0-rtl-26ww41b
Partition Level,parcgu,scan_ctlr_stuckat_edt_bypass_low_internal_scandump,[NWP] scan: scandump,NOT_LAUNCHED,Emmanuel Araya,nio-a0-rtl-26ww41b
Partition Level,parcgu,ssn_continuity,[NWP] SSN: continuity,QUEUED,Emmanuel Araya,nio-a0-rtl-26ww41b
Partition Level,parcgu,stuckat_edt_bypass_low_internal_burnin_togcnt_cap_off,[NWP] scan: Burnin,QUEUED,Emmanuel Araya,nio-a0-rtl-26ww41b
Partition Level,parcgu,stuckat_edt_bypass_low_internal_serial_chain,[NWP] scan: edtbyp cont proxy,QUEUED,Emmanuel Araya,nio-a0-rtl-26ww41b
Partition Level,parcgu,stuckat_edt_bypass_low_internal_serial_scan,[NWP] scan: edtbyp stuckat proxy,QUEUED,Emmanuel Araya,nio-a0-rtl-26ww41b
Partition Level,parcgu,stuckat_edt_edt_low_internal_loopback,[NWP] SSN: endpoint loopback,QUEUED,Emmanuel Araya,nio-a0-rtl-26ww41b
Partition Level,parcgu,stuckat_edt_edt_low_internal_serial_chain,[NWP] scan: edten cont proxy,QUEUED,Emmanuel Araya,nio-a0-rtl-26ww41b
Partition Level,parcgu,stuckat_edt_edt_low_internal_serial_scan,[NWP] scan: edten stuckat proxy,QUEUED,Emmanuel Araya,nio-a0-rtl-26ww41b
Partition Level,parcinf0,atspeed_edt_edt_low_internal_serial_scan,[NWP] scan: edten atspeed proxy,QUEUED,SathyahX Sv,nio-a0-rtl-26ww41b
Partition Level,parcinf0,scan_ctlr_stuckat_edt_bypass_low_internal_scandump,[NWP] scan: scandump,NOT_LAUNCHED,SathyahX Sv,nio-a0-rtl-26ww41b
Partition Level,parcinf0,ssn_continuity,[NWP] SSN: continuity,QUEUED,SathyahX Sv,nio-a0-rtl-26ww41b
Partition Level,parcinf0,stuckat_edt_bypass_low_internal_burnin_togcnt_cap_off,[NWP] scan: Burnin,QUEUED,SathyahX Sv,nio-a0-rtl-26ww41b
Partition Level,parcinf0,stuckat_edt_bypass_low_internal_serial_chain,[NWP] scan: edtbyp cont proxy,QUEUED,SathyahX Sv,nio-a0-rtl-26ww41b
Partition Level,parcinf0,stuckat_edt_bypass_low_internal_serial_scan,[NWP] scan: edtbyp stuckat proxy,QUEUED,SathyahX Sv,nio-a0-rtl-26ww41b
Partition Level,parcinf0,stuckat_edt_edt_low_internal_loopback,[NWP] SSN: endpoint loopback,QUEUED,SathyahX Sv,nio-a0-rtl-26ww41b
Partition Level,parcinf0,stuckat_edt_edt_low_internal_serial_chain,[NWP] scan: edten cont proxy,QUEUED,SathyahX Sv,nio-a0-rtl-26ww41b
Partition Level,parcinf0,stuckat_edt_edt_low_internal_serial_scan,[NWP] scan: edten stuckat proxy,QUEUED,SathyahX Sv,nio-a0-rtl-26ww41b
Partition Level,parcinf1,atspeed_edt_edt_low_internal_serial_scan,[NWP] scan: edten atspeed proxy,QUEUED,SathyahX Sv,nio-a0-rtl-26ww41b
Partition Level,parcinf1,scan_ctlr_stuckat_edt_bypass_low_internal_scandump,[NWP] scan: scandump,PASS,SathyahX Sv,nio-a0-rtl-26ww41b
Partition Level,parcinf1,ssn_continuity,[NWP] SSN: continuity,QUEUED,SathyahX Sv,nio-a0-rtl-26ww41b
Partition Level,parcinf1,stuckat_edt_bypass_low_internal_burnin_togcnt_cap_off,[NWP] scan: Burnin,QUEUED,SathyahX Sv,nio-a0-rtl-26ww41b
Partition Level,parcinf1,stuckat_edt_bypass_low_internal_serial_chain,[NWP] scan: edtbyp cont proxy,QUEUED,SathyahX Sv,nio-a0-rtl-26ww41b
Partition Level,parcinf1,stuckat_edt_bypass_low_internal_serial_scan,[NWP] scan: edtbyp stuckat proxy,QUEUED,SathyahX Sv,nio-a0-rtl-26ww41b
Partition Level,parcinf1,stuckat_edt_edt_low_internal_loopback,[NWP] SSN: endpoint loopback,QUEUED,SathyahX Sv,nio-a0-rtl-26ww41b
Partition Level,parcinf1,stuckat_edt_edt_low_internal_serial_chain,[NWP] scan: edten cont proxy,QUEUED,SathyahX Sv,nio-a0-rtl-26ww41b
Partition Level,parcinf1,stuckat_edt_edt_low_internal_serial_scan,[NWP] scan: edten stuckat proxy,QUEUED,SathyahX Sv,nio-a0-rtl-26ww41b
Partition Level,parcinf2,atspeed_edt_edt_low_internal_serial_scan,[NWP] scan: edten atspeed proxy,NOT_LAUNCHED,SathyahX Sv,nio-a0-rtl-26ww41b
Partition Level,parcinf2,scan_ctlr_stuckat_edt_bypass_low_internal_scandump,[NWP] scan: scandump,NOT_LAUNCHED,SathyahX Sv,nio-a0-rtl-26ww41b
Partition Level,parcinf2,ssn_continuity,[NWP] SSN: continuity,NOT_LAUNCHED,SathyahX Sv,nio-a0-rtl-26ww41b
Partition Level,parcinf2,stuckat_edt_bypass_low_internal_burnin_togcnt_cap_off,[NWP] scan: Burnin,NOT_LAUNCHED,SathyahX Sv,nio-a0-rtl-26ww41b
Partition Level,parcinf2,stuckat_edt_bypass_low_internal_serial_chain,[NWP] scan: edtbyp cont proxy,NOT_LAUNCHED,SathyahX Sv,nio-a0-rtl-26ww41b
Partition Level,parcinf2,stuckat_edt_bypass_low_internal_serial_scan,[NWP] scan: edtbyp stuckat proxy,NOT_LAUNCHED,SathyahX Sv,nio-a0-rtl-26ww41b
Partition Level,parcinf2,stuckat_edt_edt_low_internal_loopback,[NWP] SSN: endpoint loopback,NOT_LAUNCHED,SathyahX Sv,nio-a0-rtl-26ww41b
Partition Level,parcinf2,stuckat_edt_edt_low_internal_serial_chain,[NWP] scan: edten cont proxy,NOT_LAUNCHED,SathyahX Sv,nio-a0-rtl-26ww41b
Partition Level,parcinf2,stuckat_edt_edt_low_internal_serial_scan,[NWP] scan: edten stuckat proxy,NOT_LAUNCHED,SathyahX Sv,nio-a0-rtl-26ww41b
Partition Level,parcinf3,atspeed_edt_edt_low_internal_serial_scan,[NWP] scan: edten atspeed proxy,NOT_LAUNCHED,SathyahX Sv,nio-a0-rtl-26ww41b
Partition Level,parcinf3,scan_ctlr_stuckat_edt_bypass_low_internal_scandump,[NWP] scan: scandump,NOT_LAUNCHED,SathyahX Sv,nio-a0-rtl-26ww41b
Partition Level,parcinf3,ssn_continuity,[NWP] SSN: continuity,NOT_LAUNCHED,SathyahX Sv,nio-a0-rtl-26ww41b
Partition Level,parcinf3,stuckat_edt_bypass_low_internal_burnin_togcnt_cap_off,[NWP] scan: Burnin,NOT_LAUNCHED,SathyahX Sv,nio-a0-rtl-26ww41b
Partition Level,parcinf3,stuckat_edt_bypass_low_internal_serial_chain,[NWP] scan: edtbyp cont proxy,NOT_LAUNCHED,SathyahX Sv,nio-a0-rtl-26ww41b
Partition Level,parcinf3,stuckat_edt_bypass_low_internal_serial_scan,[NWP] scan: edtbyp stuckat proxy,NOT_LAUNCHED,SathyahX Sv,nio-a0-rtl-26ww41b
Partition Level,parcinf3,stuckat_edt_edt_low_internal_loopback,[NWP] SSN: endpoint loopback,NOT_LAUNCHED,SathyahX Sv,nio-a0-rtl-26ww41b
Partition Level,parcinf3,stuckat_edt_edt_low_internal_serial_chain,[NWP] scan: edten cont proxy,NOT_LAUNCHED,SathyahX Sv,nio-a0-rtl-26ww41b
Partition Level,parcinf3,stuckat_edt_edt_low_internal_serial_scan,[NWP] scan: edten stuckat proxy,NOT_LAUNCHED,SathyahX Sv,nio-a0-rtl-26ww41b
Partition Level,parcinf4,atspeed_edt_edt_low_internal_serial_scan,[NWP] scan: edten atspeed proxy,NOT_LAUNCHED,SathyahX Sv,nio-a0-rtl-26ww41b
Partition Level,parcinf4,scan_ctlr_stuckat_edt_bypass_low_internal_scandump,[NWP] scan: scandump,NOT_LAUNCHED,SathyahX Sv,nio-a0-rtl-26ww41b
Partition Level,parcinf4,ssn_continuity,[NWP] SSN: continuity,NOT_LAUNCHED,SathyahX Sv,nio-a0-rtl-26ww41b
Partition Level,parcinf4,stuckat_edt_bypass_low_internal_burnin_togcnt_cap_off,[NWP] scan: Burnin,NOT_LAUNCHED,SathyahX Sv,nio-a0-rtl-26ww41b
Partition Level,parcinf4,stuckat_edt_bypass_low_internal_serial_chain,[NWP] scan: edtbyp cont proxy,NOT_LAUNCHED,SathyahX Sv,nio-a0-rtl-26ww41b
Partition Level,parcinf4,stuckat_edt_bypass_low_internal_serial_scan,[NWP] scan: edtbyp stuckat proxy,NOT_LAUNCHED,SathyahX Sv,nio-a0-rtl-26ww41b
Partition Level,parcinf4,stuckat_edt_edt_low_internal_loopback,[NWP] SSN: endpoint loopback,NOT_LAUNCHED,SathyahX Sv,nio-a0-rtl-26ww41b
Partition Level,parcinf4,stuckat_edt_edt_low_internal_serial_chain,[NWP] scan: edten cont proxy,NOT_LAUNCHED,SathyahX Sv,nio-a0-rtl-26ww41b
Partition Level,parcinf4,stuckat_edt_edt_low_internal_serial_scan,[NWP] scan: edten stuckat proxy,NOT_LAUNCHED,SathyahX Sv,nio-a0-rtl-26ww41b
Partition Level,parcinf5e,atspeed_edt_edt_low_internal_serial_scan,[NWP] scan: edten atspeed proxy,QUEUED,SathyahX Sv,nio-a0-rtl-26ww41b
Partition Level,parcinf5e,scan_ctlr_stuckat_edt_bypass_low_internal_scandump,[NWP] scan: scandump,NOT_LAUNCHED,SathyahX Sv,nio-a0-rtl-26ww41b
Partition Level,parcinf5e,ssn_continuity,[NWP] SSN: continuity,QUEUED,SathyahX Sv,nio-a0-rtl-26ww41b
Partition Level,parcinf5e,stuckat_edt_bypass_low_internal_burnin_togcnt_cap_off,[NWP] scan: Burnin,QUEUED,SathyahX Sv,nio-a0-rtl-26ww41b
Partition Level,parcinf5e,stuckat_edt_bypass_low_internal_serial_chain,[NWP] scan: edtbyp cont proxy,QUEUED,SathyahX Sv,nio-a0-rtl-26ww41b
Partition Level,parcinf5e,stuckat_edt_bypass_low_internal_serial_scan,[NWP] scan: edtbyp stuckat proxy,QUEUED,SathyahX Sv,nio-a0-rtl-26ww41b
Partition Level,parcinf5e,stuckat_edt_edt_low_internal_loopback,[NWP] SSN: endpoint loopback,QUEUED,SathyahX Sv,nio-a0-rtl-26ww41b
Partition Level,parcinf5e,stuckat_edt_edt_low_internal_serial_chain,[NWP] scan: edten cont proxy,QUEUED,SathyahX Sv,nio-a0-rtl-26ww41b
Partition Level,parcinf5e,stuckat_edt_edt_low_internal_serial_scan,[NWP] scan: edten stuckat proxy,QUEUED,SathyahX Sv,nio-a0-rtl-26ww41b
Partition Level,parcinf5w,atspeed_edt_edt_low_internal_serial_scan,[NWP] scan: edten atspeed proxy,QUEUED,SathyahX Sv,nio-a0-rtl-26ww41b
Partition Level,parcinf5w,scan_ctlr_stuckat_edt_bypass_low_internal_scandump,[NWP] scan: scandump,NOT_LAUNCHED,SathyahX Sv,nio-a0-rtl-26ww41b
Partition Level,parcinf5w,ssn_continuity,[NWP] SSN: continuity,QUEUED,SathyahX Sv,nio-a0-rtl-26ww41b
Partition Level,parcinf5w,stuckat_edt_bypass_low_internal_burnin_togcnt_cap_off,[NWP] scan: Burnin,QUEUED,SathyahX Sv,nio-a0-rtl-26ww41b
Partition Level,parcinf5w,stuckat_edt_bypass_low_internal_serial_chain,[NWP] scan: edtbyp cont proxy,QUEUED,SathyahX Sv,nio-a0-rtl-26ww41b
Partition Level,parcinf5w,stuckat_edt_bypass_low_internal_serial_scan,[NWP] scan: edtbyp stuckat proxy,QUEUED,SathyahX Sv,nio-a0-rtl-26ww41b
Partition Level,parcinf5w,stuckat_edt_edt_low_internal_loopback,[NWP] SSN: endpoint loopback,QUEUED,SathyahX Sv,nio-a0-rtl-26ww41b
Partition Level,parcinf5w,stuckat_edt_edt_low_internal_serial_chain,[NWP] scan: edten cont proxy,QUEUED,SathyahX Sv,nio-a0-rtl-26ww41b
Partition Level,parcinf5w,stuckat_edt_edt_low_internal_serial_scan,[NWP] scan: edten stuckat proxy,QUEUED,SathyahX Sv,nio-a0-rtl-26ww41b
Partition Level,parcinf7e,atspeed_edt_edt_low_internal_serial_scan,[NWP] scan: edten atspeed proxy,NOT_LAUNCHED,SathyahX Sv,nio-a0-rtl-26ww41b
Partition Level,parcinf7e,scan_ctlr_stuckat_edt_bypass_low_internal_scandump,[NWP] scan: scandump,NOT_LAUNCHED,SathyahX Sv,nio-a0-rtl-26ww41b
Partition Level,parcinf7e,ssn_continuity,[NWP] SSN: continuity,NOT_LAUNCHED,SathyahX Sv,nio-a0-rtl-26ww41b
Partition Level,parcinf7e,stuckat_edt_bypass_low_internal_burnin_togcnt_cap_off,[NWP] scan: Burnin,NOT_LAUNCHED,SathyahX Sv,nio-a0-rtl-26ww41b
Partition Level,parcinf7e,stuckat_edt_bypass_low_internal_serial_chain,[NWP] scan: edtbyp cont proxy,NOT_LAUNCHED,SathyahX Sv,nio-a0-rtl-26ww41b
Partition Level,parcinf7e,stuckat_edt_bypass_low_internal_serial_scan,[NWP] scan: edtbyp stuckat proxy,NOT_LAUNCHED,SathyahX Sv,nio-a0-rtl-26ww41b
Partition Level,parcinf7e,stuckat_edt_edt_low_internal_loopback,[NWP] SSN: endpoint loopback,NOT_LAUNCHED,SathyahX Sv,nio-a0-rtl-26ww41b
Partition Level,parcinf7e,stuckat_edt_edt_low_internal_serial_chain,[NWP] scan: edten cont proxy,NOT_LAUNCHED,SathyahX Sv,nio-a0-rtl-26ww41b
Partition Level,parcinf7e,stuckat_edt_edt_low_internal_serial_scan,[NWP] scan: edten stuckat proxy,NOT_LAUNCHED,SathyahX Sv,nio-a0-rtl-26ww41b
Partition Level,parcinf7w,atspeed_edt_edt_low_internal_serial_scan,[NWP] scan: edten atspeed proxy,NOT_LAUNCHED,SathyahX Sv,nio-a0-rtl-26ww41b
Partition Level,parcinf7w,scan_ctlr_stuckat_edt_bypass_low_internal_scandump,[NWP] scan: scandump,NOT_LAUNCHED,SathyahX Sv,nio-a0-rtl-26ww41b
Partition Level,parcinf7w,ssn_continuity,[NWP] SSN: continuity,NOT_LAUNCHED,SathyahX Sv,nio-a0-rtl-26ww41b
Partition Level,parcinf7w,stuckat_edt_bypass_low_internal_burnin_togcnt_cap_off,[NWP] scan: Burnin,NOT_LAUNCHED,SathyahX Sv,nio-a0-rtl-26ww41b
Partition Level,parcinf7w,stuckat_edt_bypass_low_internal_serial_chain,[NWP] scan: edtbyp cont proxy,NOT_LAUNCHED,SathyahX Sv,nio-a0-rtl-26ww41b
Partition Level,parcinf7w,stuckat_edt_bypass_low_internal_serial_scan,[NWP] scan: edtbyp stuckat proxy,NOT_LAUNCHED,SathyahX Sv,nio-a0-rtl-26ww41b
Partition Level,parcinf7w,stuckat_edt_edt_low_internal_loopback,[NWP] SSN: endpoint loopback,NOT_LAUNCHED,SathyahX Sv,nio-a0-rtl-26ww41b
Partition Level,parcinf7w,stuckat_edt_edt_low_internal_serial_chain,[NWP] scan: edten cont proxy,NOT_LAUNCHED,SathyahX Sv,nio-a0-rtl-26ww41b
Partition Level,parcinf7w,stuckat_edt_edt_low_internal_serial_scan,[NWP] scan: edten stuckat proxy,NOT_LAUNCHED,SathyahX Sv,nio-a0-rtl-26ww41b
Partition Level,parcinffivre,atspeed_edt_edt_low_internal_serial_scan,[NWP] scan: edten atspeed proxy,QUEUED,SathyahX Sv,nio-a0-rtl-26ww41b
Partition Level,parcinffivre,scan_ctlr_stuckat_edt_bypass_low_internal_scandump,[NWP] scan: scandump,NOT_LAUNCHED,SathyahX Sv,nio-a0-rtl-26ww41b
Partition Level,parcinffivre,ssn_continuity,[NWP] SSN: continuity,QUEUED,SathyahX Sv,nio-a0-rtl-26ww41b
Partition Level,parcinffivre,stuckat_edt_bypass_low_internal_burnin_togcnt_cap_off,[NWP] scan: Burnin,QUEUED,SathyahX Sv,nio-a0-rtl-26ww41b
Partition Level,parcinffivre,stuckat_edt_bypass_low_internal_serial_chain,[NWP] scan: edtbyp cont proxy,QUEUED,SathyahX Sv,nio-a0-rtl-26ww41b
Partition Level,parcinffivre,stuckat_edt_bypass_low_internal_serial_scan,[NWP] scan: edtbyp stuckat proxy,QUEUED,SathyahX Sv,nio-a0-rtl-26ww41b
Partition Level,parcinffivre,stuckat_edt_edt_low_internal_loopback,[NWP] SSN: endpoint loopback,QUEUED,SathyahX Sv,nio-a0-rtl-26ww41b
Partition Level,parcinffivre,stuckat_edt_edt_low_internal_serial_chain,[NWP] scan: edten cont proxy,QUEUED,SathyahX Sv,nio-a0-rtl-26ww41b
Partition Level,parcinffivre,stuckat_edt_edt_low_internal_serial_scan,[NWP] scan: edten stuckat proxy,QUEUED,SathyahX Sv,nio-a0-rtl-26ww41b
Partition Level,parcinffivrw,atspeed_edt_edt_low_internal_serial_scan,[NWP] scan: edten atspeed proxy,QUEUED,SathyahX Sv,nio-a0-rtl-26ww41b
Partition Level,parcinffivrw,scan_ctlr_stuckat_edt_bypass_low_internal_scandump,[NWP] scan: scandump,NOT_LAUNCHED,SathyahX Sv,nio-a0-rtl-26ww41b
Partition Level,parcinffivrw,ssn_continuity,[NWP] SSN: continuity,QUEUED,SathyahX Sv,nio-a0-rtl-26ww41b
Partition Level,parcinffivrw,stuckat_edt_bypass_low_internal_burnin_togcnt_cap_off,[NWP] scan: Burnin,QUEUED,SathyahX Sv,nio-a0-rtl-26ww41b
Partition Level,parcinffivrw,stuckat_edt_bypass_low_internal_serial_chain,[NWP] scan: edtbyp cont proxy,QUEUED,SathyahX Sv,nio-a0-rtl-26ww41b
Partition Level,parcinffivrw,stuckat_edt_bypass_low_internal_serial_scan,[NWP] scan: edtbyp stuckat proxy,QUEUED,SathyahX Sv,nio-a0-rtl-26ww41b
Partition Level,parcinffivrw,stuckat_edt_edt_low_internal_loopback,[NWP] SSN: endpoint loopback,QUEUED,SathyahX Sv,nio-a0-rtl-26ww41b
Partition Level,parcinffivrw,stuckat_edt_edt_low_internal_serial_chain,[NWP] scan: edten cont proxy,QUEUED,SathyahX Sv,nio-a0-rtl-26ww41b
Partition Level,parcinffivrw,stuckat_edt_edt_low_internal_serial_scan,[NWP] scan: edten stuckat proxy,QUEUED,SathyahX Sv,nio-a0-rtl-26ww41b
Partition Level,parcubrmiocha,atspeed_edt_edt_low_internal_serial_scan,[NWP] scan: edten atspeed proxy,NOT_LAUNCHED,SathyahX Sv,nio-a0-rtl-26ww41b
Partition Level,parcubrmiocha,scan_ctlr_stuckat_edt_bypass_low_internal_scandump,[NWP] scan: scandump,NOT_LAUNCHED,SathyahX Sv,nio-a0-rtl-26ww41b
Partition Level,parcubrmiocha,ssn_continuity,[NWP] SSN: continuity,NOT_LAUNCHED,SathyahX Sv,nio-a0-rtl-26ww41b
Partition Level,parcubrmiocha,stuckat_edt_bypass_low_internal_burnin_togcnt_cap_off,[NWP] scan: Burnin,NOT_LAUNCHED,SathyahX Sv,nio-a0-rtl-26ww41b
Partition Level,parcubrmiocha,stuckat_edt_bypass_low_internal_serial_chain,[NWP] scan: edtbyp cont proxy,NOT_LAUNCHED,SathyahX Sv,nio-a0-rtl-26ww41b
Partition Level,parcubrmiocha,stuckat_edt_bypass_low_internal_serial_scan,[NWP] scan: edtbyp stuckat proxy,NOT_LAUNCHED,SathyahX Sv,nio-a0-rtl-26ww41b
Partition Level,parcubrmiocha,stuckat_edt_edt_low_internal_loopback,[NWP] SSN: endpoint loopback,NOT_LAUNCHED,SathyahX Sv,nio-a0-rtl-26ww41b
Partition Level,parcubrmiocha,stuckat_edt_edt_low_internal_serial_chain,[NWP] scan: edten cont proxy,NOT_LAUNCHED,SathyahX Sv,nio-a0-rtl-26ww41b
Partition Level,parcubrmiocha,stuckat_edt_edt_low_internal_serial_scan,[NWP] scan: edten stuckat proxy,NOT_LAUNCHED,SathyahX Sv,nio-a0-rtl-26ww41b
Partition Level,parcubrmiochb,atspeed_edt_edt_low_internal_serial_scan,[NWP] scan: edten atspeed proxy,NOT_LAUNCHED,SathyahX Sv,nio-a0-rtl-26ww41b
Partition Level,parcubrmiochb,scan_ctlr_stuckat_edt_bypass_low_internal_scandump,[NWP] scan: scandump,NOT_LAUNCHED,SathyahX Sv,nio-a0-rtl-26ww41b
Partition Level,parcubrmiochb,ssn_continuity,[NWP] SSN: continuity,NOT_LAUNCHED,SathyahX Sv,nio-a0-rtl-26ww41b
Partition Level,parcubrmiochb,stuckat_edt_bypass_low_internal_burnin_togcnt_cap_off,[NWP] scan: Burnin,NOT_LAUNCHED,SathyahX Sv,nio-a0-rtl-26ww41b
Partition Level,parcubrmiochb,stuckat_edt_bypass_low_internal_serial_chain,[NWP] scan: edtbyp cont proxy,NOT_LAUNCHED,SathyahX Sv,nio-a0-rtl-26ww41b
Partition Level,parcubrmiochb,stuckat_edt_bypass_low_internal_serial_scan,[NWP] scan: edtbyp stuckat proxy,NOT_LAUNCHED,SathyahX Sv,nio-a0-rtl-26ww41b
Partition Level,parcubrmiochb,stuckat_edt_edt_low_internal_loopback,[NWP] SSN: endpoint loopback,NOT_LAUNCHED,SathyahX Sv,nio-a0-rtl-26ww41b
Partition Level,parcubrmiochb,stuckat_edt_edt_low_internal_serial_chain,[NWP] scan: edten cont proxy,NOT_LAUNCHED,SathyahX Sv,nio-a0-rtl-26ww41b
Partition Level,parcubrmiochb,stuckat_edt_edt_low_internal_serial_scan,[NWP] scan: edten stuckat proxy,NOT_LAUNCHED,SathyahX Sv,nio-a0-rtl-26ww41b
Partition Level,parcubrmiochc,atspeed_edt_edt_low_internal_serial_scan,[NWP] scan: edten atspeed proxy,NOT_LAUNCHED,SathyahX Sv,nio-a0-rtl-26ww41b
Partition Level,parcubrmiochc,scan_ctlr_stuckat_edt_bypass_low_internal_scandump,[NWP] scan: scandump,NOT_LAUNCHED,SathyahX Sv,nio-a0-rtl-26ww41b
Partition Level,parcubrmiochc,ssn_continuity,[NWP] SSN: continuity,NOT_LAUNCHED,SathyahX Sv,nio-a0-rtl-26ww41b
Partition Level,parcubrmiochc,stuckat_edt_bypass_low_internal_burnin_togcnt_cap_off,[NWP] scan: Burnin,NOT_LAUNCHED,SathyahX Sv,nio-a0-rtl-26ww41b
Partition Level,parcubrmiochc,stuckat_edt_bypass_low_internal_serial_chain,[NWP] scan: edtbyp cont proxy,NOT_LAUNCHED,SathyahX Sv,nio-a0-rtl-26ww41b
Partition Level,parcubrmiochc,stuckat_edt_bypass_low_internal_serial_scan,[NWP] scan: edtbyp stuckat proxy,NOT_LAUNCHED,SathyahX Sv,nio-a0-rtl-26ww41b
Partition Level,parcubrmiochc,stuckat_edt_edt_low_internal_loopback,[NWP] SSN: endpoint loopback,NOT_LAUNCHED,SathyahX Sv,nio-a0-rtl-26ww41b
Partition Level,parcubrmiochc,stuckat_edt_edt_low_internal_serial_chain,[NWP] scan: edten cont proxy,NOT_LAUNCHED,SathyahX Sv,nio-a0-rtl-26ww41b
Partition Level,parcubrmiochc,stuckat_edt_edt_low_internal_serial_scan,[NWP] scan: edten stuckat proxy,NOT_LAUNCHED,SathyahX Sv,nio-a0-rtl-26ww41b
Partition Level,pard2dch0,atspeed_edt_edt_low_internal_serial_scan,[NWP] scan: edten atspeed proxy,NOT_LAUNCHED,Mario Alpizar,nio-a0-rtl-26ww41b
Partition Level,pard2dch0,scan_ctlr_stuckat_edt_bypass_low_internal_scandump,[NWP] scan: scandump,NOT_LAUNCHED,Mario Alpizar,nio-a0-rtl-26ww41b
Partition Level,pard2dch0,ssn_continuity,[NWP] SSN: continuity,NOT_LAUNCHED,Mario Alpizar,nio-a0-rtl-26ww41b
Partition Level,pard2dch0,stuckat_edt_bypass_low_internal_burnin_togcnt_cap_off,[NWP] scan: Burnin,NOT_LAUNCHED,Mario Alpizar,nio-a0-rtl-26ww41b
Partition Level,pard2dch0,stuckat_edt_bypass_low_internal_serial_chain,[NWP] scan: edtbyp cont proxy,NOT_LAUNCHED,Mario Alpizar,nio-a0-rtl-26ww41b
Partition Level,pard2dch0,stuckat_edt_bypass_low_internal_serial_scan,[NWP] scan: edtbyp stuckat proxy,NOT_LAUNCHED,Mario Alpizar,nio-a0-rtl-26ww41b
Partition Level,pard2dch0,stuckat_edt_edt_low_internal_loopback,[NWP] SSN: endpoint loopback,NOT_LAUNCHED,Mario Alpizar,nio-a0-rtl-26ww41b
Partition Level,pard2dch0,stuckat_edt_edt_low_internal_serial_chain,[NWP] scan: edten cont proxy,NOT_LAUNCHED,Mario Alpizar,nio-a0-rtl-26ww41b
Partition Level,pard2dch0,stuckat_edt_edt_low_internal_serial_scan,[NWP] scan: edten stuckat proxy,NOT_LAUNCHED,Mario Alpizar,nio-a0-rtl-26ww41b
Partition Level,pard2dch1,atspeed_edt_edt_low_internal_serial_scan,[NWP] scan: edten atspeed proxy,NOT_LAUNCHED,Mario Alpizar,nio-a0-rtl-26ww41b
Partition Level,pard2dch1,scan_ctlr_stuckat_edt_bypass_low_internal_scandump,[NWP] scan: scandump,NOT_LAUNCHED,Mario Alpizar,nio-a0-rtl-26ww41b
Partition Level,pard2dch1,ssn_continuity,[NWP] SSN: continuity,NOT_LAUNCHED,Mario Alpizar,nio-a0-rtl-26ww41b
Partition Level,pard2dch1,stuckat_edt_bypass_low_internal_burnin_togcnt_cap_off,[NWP] scan: Burnin,NOT_LAUNCHED,Mario Alpizar,nio-a0-rtl-26ww41b
Partition Level,pard2dch1,stuckat_edt_bypass_low_internal_serial_chain,[NWP] scan: edtbyp cont proxy,NOT_LAUNCHED,Mario Alpizar,nio-a0-rtl-26ww41b
Partition Level,pard2dch1,stuckat_edt_bypass_low_internal_serial_scan,[NWP] scan: edtbyp stuckat proxy,NOT_LAUNCHED,Mario Alpizar,nio-a0-rtl-26ww41b
Partition Level,pard2dch1,stuckat_edt_edt_low_internal_loopback,[NWP] SSN: endpoint loopback,NOT_LAUNCHED,Mario Alpizar,nio-a0-rtl-26ww41b
Partition Level,pard2dch1,stuckat_edt_edt_low_internal_serial_chain,[NWP] scan: edten cont proxy,NOT_LAUNCHED,Mario Alpizar,nio-a0-rtl-26ww41b
Partition Level,pard2dch1,stuckat_edt_edt_low_internal_serial_scan,[NWP] scan: edten stuckat proxy,NOT_LAUNCHED,Mario Alpizar,nio-a0-rtl-26ww41b
Partition Level,pard2dinf0e,atspeed_edt_edt_low_internal_serial_scan,[NWP] scan: edten atspeed proxy,QUEUED,Mario Alpizar,nio-a0-rtl-26ww41b
Partition Level,pard2dinf0e,scan_ctlr_stuckat_edt_bypass_low_internal_scandump,[NWP] scan: scandump,NOT_LAUNCHED,Mario Alpizar,nio-a0-rtl-26ww41b
Partition Level,pard2dinf0e,ssn_continuity,[NWP] SSN: continuity,QUEUED,Mario Alpizar,nio-a0-rtl-26ww41b
Partition Level,pard2dinf0e,stuckat_edt_bypass_low_internal_burnin_togcnt_cap_off,[NWP] scan: Burnin,QUEUED,Mario Alpizar,nio-a0-rtl-26ww41b
Partition Level,pard2dinf0e,stuckat_edt_bypass_low_internal_serial_chain,[NWP] scan: edtbyp cont proxy,QUEUED,Mario Alpizar,nio-a0-rtl-26ww41b
Partition Level,pard2dinf0e,stuckat_edt_bypass_low_internal_serial_scan,[NWP] scan: edtbyp stuckat proxy,QUEUED,Mario Alpizar,nio-a0-rtl-26ww41b
Partition Level,pard2dinf0e,stuckat_edt_edt_low_internal_loopback,[NWP] SSN: endpoint loopback,QUEUED,Mario Alpizar,nio-a0-rtl-26ww41b
Partition Level,pard2dinf0e,stuckat_edt_edt_low_internal_serial_chain,[NWP] scan: edten cont proxy,QUEUED,Mario Alpizar,nio-a0-rtl-26ww41b
Partition Level,pard2dinf0e,stuckat_edt_edt_low_internal_serial_scan,[NWP] scan: edten stuckat proxy,QUEUED,Mario Alpizar,nio-a0-rtl-26ww41b
Partition Level,pard2dinf0w,atspeed_edt_edt_low_internal_serial_scan,[NWP] scan: edten atspeed proxy,QUEUED,Mario Alpizar,nio-a0-rtl-26ww41b
Partition Level,pard2dinf0w,scan_ctlr_stuckat_edt_bypass_low_internal_scandump,[NWP] scan: scandump,NOT_LAUNCHED,Mario Alpizar,nio-a0-rtl-26ww41b
Partition Level,pard2dinf0w,ssn_continuity,[NWP] SSN: continuity,QUEUED,Mario Alpizar,nio-a0-rtl-26ww41b
Partition Level,pard2dinf0w,stuckat_edt_bypass_low_internal_burnin_togcnt_cap_off,[NWP] scan: Burnin,QUEUED,Mario Alpizar,nio-a0-rtl-26ww41b
Partition Level,pard2dinf0w,stuckat_edt_bypass_low_internal_serial_chain,[NWP] scan: edtbyp cont proxy,QUEUED,Mario Alpizar,nio-a0-rtl-26ww41b
Partition Level,pard2dinf0w,stuckat_edt_bypass_low_internal_serial_scan,[NWP] scan: edtbyp stuckat proxy,QUEUED,Mario Alpizar,nio-a0-rtl-26ww41b
Partition Level,pard2dinf0w,stuckat_edt_edt_low_internal_loopback,[NWP] SSN: endpoint loopback,QUEUED,Mario Alpizar,nio-a0-rtl-26ww41b
Partition Level,pard2dinf0w,stuckat_edt_edt_low_internal_serial_chain,[NWP] scan: edten cont proxy,QUEUED,Mario Alpizar,nio-a0-rtl-26ww41b
Partition Level,pard2dinf0w,stuckat_edt_edt_low_internal_serial_scan,[NWP] scan: edten stuckat proxy,QUEUED,Mario Alpizar,nio-a0-rtl-26ww41b
Partition Level,pard2dinf1e,atspeed_edt_edt_low_internal_serial_scan,[NWP] scan: edten atspeed proxy,NOT_LAUNCHED,Mario Alpizar,nio-a0-rtl-26ww41b
Partition Level,pard2dinf1e,scan_ctlr_stuckat_edt_bypass_low_internal_scandump,[NWP] scan: scandump,NOT_LAUNCHED,Mario Alpizar,nio-a0-rtl-26ww41b
Partition Level,pard2dinf1e,ssn_continuity,[NWP] SSN: continuity,NOT_LAUNCHED,Mario Alpizar,nio-a0-rtl-26ww41b
Partition Level,pard2dinf1e,stuckat_edt_bypass_low_internal_burnin_togcnt_cap_off,[NWP] scan: Burnin,NOT_LAUNCHED,Mario Alpizar,nio-a0-rtl-26ww41b
Partition Level,pard2dinf1e,stuckat_edt_bypass_low_internal_serial_chain,[NWP] scan: edtbyp cont proxy,NOT_LAUNCHED,Mario Alpizar,nio-a0-rtl-26ww41b
Partition Level,pard2dinf1e,stuckat_edt_bypass_low_internal_serial_scan,[NWP] scan: edtbyp stuckat proxy,NOT_LAUNCHED,Mario Alpizar,nio-a0-rtl-26ww41b
Partition Level,pard2dinf1e,stuckat_edt_edt_low_internal_loopback,[NWP] SSN: endpoint loopback,NOT_LAUNCHED,Mario Alpizar,nio-a0-rtl-26ww41b
Partition Level,pard2dinf1e,stuckat_edt_edt_low_internal_serial_chain,[NWP] scan: edten cont proxy,NOT_LAUNCHED,Mario Alpizar,nio-a0-rtl-26ww41b
Partition Level,pard2dinf1e,stuckat_edt_edt_low_internal_serial_scan,[NWP] scan: edten stuckat proxy,NOT_LAUNCHED,Mario Alpizar,nio-a0-rtl-26ww41b
Partition Level,pard2dinf1w,atspeed_edt_edt_low_internal_serial_scan,[NWP] scan: edten atspeed proxy,NOT_LAUNCHED,Mario Alpizar,nio-a0-rtl-26ww41b
Partition Level,pard2dinf1w,scan_ctlr_stuckat_edt_bypass_low_internal_scandump,[NWP] scan: scandump,NOT_LAUNCHED,Mario Alpizar,nio-a0-rtl-26ww41b
Partition Level,pard2dinf1w,ssn_continuity,[NWP] SSN: continuity,NOT_LAUNCHED,Mario Alpizar,nio-a0-rtl-26ww41b
Partition Level,pard2dinf1w,stuckat_edt_bypass_low_internal_burnin_togcnt_cap_off,[NWP] scan: Burnin,NOT_LAUNCHED,Mario Alpizar,nio-a0-rtl-26ww41b
Partition Level,pard2dinf1w,stuckat_edt_bypass_low_internal_serial_chain,[NWP] scan: edtbyp cont proxy,NOT_LAUNCHED,Mario Alpizar,nio-a0-rtl-26ww41b
Partition Level,pard2dinf1w,stuckat_edt_bypass_low_internal_serial_scan,[NWP] scan: edtbyp stuckat proxy,NOT_LAUNCHED,Mario Alpizar,nio-a0-rtl-26ww41b
Partition Level,pard2dinf1w,stuckat_edt_edt_low_internal_loopback,[NWP] SSN: endpoint loopback,NOT_LAUNCHED,Mario Alpizar,nio-a0-rtl-26ww41b
Partition Level,pard2dinf1w,stuckat_edt_edt_low_internal_serial_chain,[NWP] scan: edten cont proxy,NOT_LAUNCHED,Mario Alpizar,nio-a0-rtl-26ww41b
Partition Level,pard2dinf1w,stuckat_edt_edt_low_internal_serial_scan,[NWP] scan: edten stuckat proxy,NOT_LAUNCHED,Mario Alpizar,nio-a0-rtl-26ww41b
Partition Level,pard2dinf2e,atspeed_edt_edt_low_internal_serial_scan,[NWP] scan: edten atspeed proxy,NOT_LAUNCHED,Mauricio Segura,nio-a0-rtl-26ww41b
Partition Level,pard2dinf2e,scan_ctlr_stuckat_edt_bypass_low_internal_scandump,[NWP] scan: scandump,NOT_LAUNCHED,Mauricio Segura,nio-a0-rtl-26ww41b
Partition Level,pard2dinf2e,ssn_continuity,[NWP] SSN: continuity,NOT_LAUNCHED,Mauricio Segura,nio-a0-rtl-26ww41b
Partition Level,pard2dinf2e,stuckat_edt_bypass_low_internal_burnin_togcnt_cap_off,[NWP] scan: Burnin,NOT_LAUNCHED,Mauricio Segura,nio-a0-rtl-26ww41b
Partition Level,pard2dinf2e,stuckat_edt_bypass_low_internal_serial_chain,[NWP] scan: edtbyp cont proxy,NOT_LAUNCHED,Mauricio Segura,nio-a0-rtl-26ww41b
Partition Level,pard2dinf2e,stuckat_edt_bypass_low_internal_serial_scan,[NWP] scan: edtbyp stuckat proxy,NOT_LAUNCHED,Mauricio Segura,nio-a0-rtl-26ww41b
Partition Level,pard2dinf2e,stuckat_edt_edt_low_internal_loopback,[NWP] SSN: endpoint loopback,NOT_LAUNCHED,Mauricio Segura,nio-a0-rtl-26ww41b
Partition Level,pard2dinf2e,stuckat_edt_edt_low_internal_serial_chain,[NWP] scan: edten cont proxy,NOT_LAUNCHED,SathyahX Sv,nio-a0-rtl-26ww41b
Partition Level,pard2dinf2e,stuckat_edt_edt_low_internal_serial_scan,[NWP] scan: edten stuckat proxy,NOT_LAUNCHED,SathyahX Sv,nio-a0-rtl-26ww41b
Partition Level,pard2dinf2w,atspeed_edt_edt_low_internal_serial_scan,[NWP] scan: edten atspeed proxy,NOT_LAUNCHED,Mauricio Segura,nio-a0-rtl-26ww41b
Partition Level,pard2dinf2w,scan_ctlr_stuckat_edt_bypass_low_internal_scandump,[NWP] scan: scandump,NOT_LAUNCHED,Mauricio Segura,nio-a0-rtl-26ww41b
Partition Level,pard2dinf2w,ssn_continuity,[NWP] SSN: continuity,NOT_LAUNCHED,Mauricio Segura,nio-a0-rtl-26ww41b
Partition Level,pard2dinf2w,stuckat_edt_bypass_low_internal_burnin_togcnt_cap_off,[NWP] scan: Burnin,NOT_LAUNCHED,Mauricio Segura,nio-a0-rtl-26ww41b
Partition Level,pard2dinf2w,stuckat_edt_bypass_low_internal_serial_chain,[NWP] scan: edtbyp cont proxy,NOT_LAUNCHED,Mauricio Segura,nio-a0-rtl-26ww41b
Partition Level,pard2dinf2w,stuckat_edt_bypass_low_internal_serial_scan,[NWP] scan: edtbyp stuckat proxy,NOT_LAUNCHED,Mauricio Segura,nio-a0-rtl-26ww41b
Partition Level,pard2dinf2w,stuckat_edt_edt_low_internal_loopback,[NWP] SSN: endpoint loopback,NOT_LAUNCHED,Mauricio Segura,nio-a0-rtl-26ww41b
Partition Level,pard2dinf2w,stuckat_edt_edt_low_internal_serial_chain,[NWP] scan: edten cont proxy,NOT_LAUNCHED,SathyahX Sv,nio-a0-rtl-26ww41b
Partition Level,pard2dinf2w,stuckat_edt_edt_low_internal_serial_scan,[NWP] scan: edten stuckat proxy,NOT_LAUNCHED,SathyahX Sv,nio-a0-rtl-26ww41b
Partition Level,pardfd,atspeed_edt_edt_low_internal_serial_scan,[NWP] scan: edten atspeed proxy,QUEUED,SathyahX Sv,nio-a0-rtl-26ww41b
Partition Level,pardfd,scan_ctlr_stuckat_edt_bypass_low_internal_scandump,[NWP] scan: scandump,NOT_LAUNCHED,SathyahX Sv,nio-a0-rtl-26ww41b
Partition Level,pardfd,ssn_continuity,[NWP] SSN: continuity,QUEUED,SathyahX Sv,nio-a0-rtl-26ww41b
Partition Level,pardfd,stuckat_edt_bypass_low_internal_burnin_togcnt_cap_off,[NWP] scan: Burnin,QUEUED,SathyahX Sv,nio-a0-rtl-26ww41b
Partition Level,pardfd,stuckat_edt_bypass_low_internal_serial_chain,[NWP] scan: edtbyp cont proxy,QUEUED,SathyahX Sv,nio-a0-rtl-26ww41b
Partition Level,pardfd,stuckat_edt_bypass_low_internal_serial_scan,[NWP] scan: edtbyp stuckat proxy,QUEUED,SathyahX Sv,nio-a0-rtl-26ww41b
Partition Level,pardfd,stuckat_edt_edt_low_internal_loopback,[NWP] SSN: endpoint loopback,QUEUED,SathyahX Sv,nio-a0-rtl-26ww41b
Partition Level,pardfd,stuckat_edt_edt_low_internal_serial_chain,[NWP] scan: edten cont proxy,QUEUED,SathyahX Sv,nio-a0-rtl-26ww41b
Partition Level,pardfd,stuckat_edt_edt_low_internal_serial_scan,[NWP] scan: edten stuckat proxy,QUEUED,SathyahX Sv,nio-a0-rtl-26ww41b
Partition Level,parfws,atspeed_edt_edt_low_internal_serial_scan,[NWP] scan: edten atspeed proxy,QUEUED,Emmanuel Araya,nio-a0-rtl-26ww41b
Partition Level,parfws,scan_ctlr_stuckat_edt_bypass_low_internal_scandump,[NWP] scan: scandump,NOT_LAUNCHED,Emmanuel Araya,nio-a0-rtl-26ww41b
Partition Level,parfws,ssn_continuity,[NWP] SSN: continuity,QUEUED,Emmanuel Araya,nio-a0-rtl-26ww41b
Partition Level,parfws,stuckat_edt_bypass_low_internal_burnin_togcnt_cap_off,[NWP] scan: Burnin,QUEUED,Emmanuel Araya,nio-a0-rtl-26ww41b
Partition Level,parfws,stuckat_edt_bypass_low_internal_serial_chain,[NWP] scan: edtbyp cont proxy,QUEUED,Emmanuel Araya,nio-a0-rtl-26ww41b
Partition Level,parfws,stuckat_edt_bypass_low_internal_serial_scan,[NWP] scan: edtbyp stuckat proxy,QUEUED,Emmanuel Araya,nio-a0-rtl-26ww41b
Partition Level,parfws,stuckat_edt_edt_low_internal_loopback,[NWP] SSN: endpoint loopback,QUEUED,Emmanuel Araya,nio-a0-rtl-26ww41b
Partition Level,parfws,stuckat_edt_edt_low_internal_serial_chain,[NWP] scan: edten cont proxy,QUEUED,Emmanuel Araya,nio-a0-rtl-26ww41b
Partition Level,parfws,stuckat_edt_edt_low_internal_serial_scan,[NWP] scan: edten stuckat proxy,QUEUED,Emmanuel Araya,nio-a0-rtl-26ww41b
Partition Level,pargpio1p8,atspeed_edt_edt_low_internal_serial_scan,[NWP] scan: edten atspeed proxy,NOT_LAUNCHED,Emmanuel Araya,nio-a0-rtl-26ww41b
Partition Level,pargpio1p8,scan_ctlr_stuckat_edt_bypass_low_internal_scandump,[NWP] scan: scandump,NOT_LAUNCHED,Emmanuel Araya,nio-a0-rtl-26ww41b
Partition Level,pargpio1p8,ssn_continuity,[NWP] SSN: continuity,NOT_LAUNCHED,Emmanuel Araya,nio-a0-rtl-26ww41b
Partition Level,pargpio1p8,stuckat_edt_bypass_low_internal_burnin_togcnt_cap_off,[NWP] scan: Burnin,NOT_LAUNCHED,Emmanuel Araya,nio-a0-rtl-26ww41b
Partition Level,pargpio1p8,stuckat_edt_bypass_low_internal_serial_chain,[NWP] scan: edtbyp cont proxy,NOT_LAUNCHED,Emmanuel Araya,nio-a0-rtl-26ww41b
Partition Level,pargpio1p8,stuckat_edt_bypass_low_internal_serial_scan,[NWP] scan: edtbyp stuckat proxy,NOT_LAUNCHED,Emmanuel Araya,nio-a0-rtl-26ww41b
Partition Level,pargpio1p8,stuckat_edt_edt_low_internal_loopback,[NWP] SSN: endpoint loopback,NOT_LAUNCHED,Emmanuel Araya,nio-a0-rtl-26ww41b
Partition Level,pargpio1p8,stuckat_edt_edt_low_internal_serial_chain,[NWP] scan: edten cont proxy,NOT_LAUNCHED,Emmanuel Araya,nio-a0-rtl-26ww41b
Partition Level,pargpio1p8,stuckat_edt_edt_low_internal_serial_scan,[NWP] scan: edten stuckat proxy,NOT_LAUNCHED,Emmanuel Araya,nio-a0-rtl-26ww41b
Partition Level,pargpiod2d,atspeed_edt_edt_low_internal_serial_scan,[NWP] scan: edten atspeed proxy,NOT_LAUNCHED,Emmanuel Araya,nio-a0-rtl-26ww41b
Partition Level,pargpiod2d,scan_ctlr_stuckat_edt_bypass_low_internal_scandump,[NWP] scan: scandump,NOT_LAUNCHED,Emmanuel Araya,nio-a0-rtl-26ww41b
Partition Level,pargpiod2d,ssn_continuity,[NWP] SSN: continuity,NOT_LAUNCHED,Emmanuel Araya,nio-a0-rtl-26ww41b
Partition Level,pargpiod2d,stuckat_edt_bypass_low_internal_burnin_togcnt_cap_off,[NWP] scan: Burnin,NOT_LAUNCHED,Emmanuel Araya,nio-a0-rtl-26ww41b
Partition Level,pargpiod2d,stuckat_edt_bypass_low_internal_serial_chain,[NWP] scan: edtbyp cont proxy,NOT_LAUNCHED,Emmanuel Araya,nio-a0-rtl-26ww41b
Partition Level,pargpiod2d,stuckat_edt_bypass_low_internal_serial_scan,[NWP] scan: edtbyp stuckat proxy,NOT_LAUNCHED,Emmanuel Araya,nio-a0-rtl-26ww41b
Partition Level,pargpiod2d,stuckat_edt_edt_low_internal_loopback,[NWP] SSN: endpoint loopback,NOT_LAUNCHED,Emmanuel Araya,nio-a0-rtl-26ww41b
Partition Level,pargpiod2d,stuckat_edt_edt_low_internal_serial_chain,[NWP] scan: edten cont proxy,NOT_LAUNCHED,SathyahX Sv,nio-a0-rtl-26ww41b
Partition Level,pargpiod2d,stuckat_edt_edt_low_internal_serial_scan,[NWP] scan: edten stuckat proxy,NOT_LAUNCHED,SathyahX Sv,nio-a0-rtl-26ww41b
Partition Level,pargpios0,atspeed_edt_edt_low_internal_serial_scan,[NWP] scan: edten atspeed proxy,QUEUED,Mario Alpizar,nio-a0-rtl-26ww41b
Partition Level,pargpios0,scan_ctlr_stuckat_edt_bypass_low_internal_scandump,[NWP] scan: scandump,NOT_LAUNCHED,Mario Alpizar,nio-a0-rtl-26ww41b
Partition Level,pargpios0,ssn_continuity,[NWP] SSN: continuity,QUEUED,Mario Alpizar,nio-a0-rtl-26ww41b
Partition Level,pargpios0,stuckat_edt_bypass_low_internal_burnin_togcnt_cap_off,[NWP] scan: Burnin,QUEUED,Mario Alpizar,nio-a0-rtl-26ww41b
Partition Level,pargpios0,stuckat_edt_bypass_low_internal_serial_chain,[NWP] scan: edtbyp cont proxy,QUEUED,Mario Alpizar,nio-a0-rtl-26ww41b
Partition Level,pargpios0,stuckat_edt_bypass_low_internal_serial_scan,[NWP] scan: edtbyp stuckat proxy,QUEUED,Mario Alpizar,nio-a0-rtl-26ww41b
Partition Level,pargpios0,stuckat_edt_edt_low_internal_loopback,[NWP] SSN: endpoint loopback,QUEUED,Mario Alpizar,nio-a0-rtl-26ww41b
Partition Level,pargpios0,stuckat_edt_edt_low_internal_serial_chain,[NWP] scan: edten cont proxy,QUEUED,Mario Alpizar,nio-a0-rtl-26ww41b
Partition Level,pargpios0,stuckat_edt_edt_low_internal_serial_scan,[NWP] scan: edten stuckat proxy,QUEUED,Mario Alpizar,nio-a0-rtl-26ww41b
Partition Level,pargpios5,atspeed_edt_edt_low_internal_serial_scan,[NWP] scan: edten atspeed proxy,NOT_LAUNCHED,Mario Alpizar,nio-a0-rtl-26ww41b
Partition Level,pargpios5,scan_ctlr_stuckat_edt_bypass_low_internal_scandump,[NWP] scan: scandump,NOT_LAUNCHED,Mario Alpizar,nio-a0-rtl-26ww41b
Partition Level,pargpios5,ssn_continuity,[NWP] SSN: continuity,NOT_LAUNCHED,Mario Alpizar,nio-a0-rtl-26ww41b
Partition Level,pargpios5,stuckat_edt_bypass_low_internal_burnin_togcnt_cap_off,[NWP] scan: Burnin,NOT_LAUNCHED,Mario Alpizar,nio-a0-rtl-26ww41b
Partition Level,pargpios5,stuckat_edt_bypass_low_internal_serial_chain,[NWP] scan: edtbyp cont proxy,NOT_LAUNCHED,Mario Alpizar,nio-a0-rtl-26ww41b
Partition Level,pargpios5,stuckat_edt_bypass_low_internal_serial_scan,[NWP] scan: edtbyp stuckat proxy,NOT_LAUNCHED,Mario Alpizar,nio-a0-rtl-26ww41b
Partition Level,pargpios5,stuckat_edt_edt_low_internal_loopback,[NWP] SSN: endpoint loopback,NOT_LAUNCHED,Mario Alpizar,nio-a0-rtl-26ww41b
Partition Level,pargpios5,stuckat_edt_edt_low_internal_serial_chain,[NWP] scan: edten cont proxy,NOT_LAUNCHED,Mario Alpizar,nio-a0-rtl-26ww41b
Partition Level,pargpios5,stuckat_edt_edt_low_internal_serial_scan,[NWP] scan: edten stuckat proxy,NOT_LAUNCHED,Mario Alpizar,nio-a0-rtl-26ww41b
Partition Level,parhwrsfuse,atspeed_edt_edt_low_internal_serial_scan,[NWP] scan: edten atspeed proxy,NOT_LAUNCHED,Mario Alpizar,nio-a0-rtl-26ww41b
Partition Level,parhwrsfuse,scan_ctlr_stuckat_edt_bypass_low_internal_scandump,[NWP] scan: scandump,NOT_LAUNCHED,Mario Alpizar,nio-a0-rtl-26ww41b
Partition Level,parhwrsfuse,ssn_continuity,[NWP] SSN: continuity,NOT_LAUNCHED,Mario Alpizar,nio-a0-rtl-26ww41b
Partition Level,parhwrsfuse,stuckat_edt_bypass_low_internal_burnin_togcnt_cap_off,[NWP] scan: Burnin,NOT_LAUNCHED,Mario Alpizar,nio-a0-rtl-26ww41b
Partition Level,parhwrsfuse,stuckat_edt_bypass_low_internal_serial_chain,[NWP] scan: edtbyp cont proxy,NOT_LAUNCHED,Mario Alpizar,nio-a0-rtl-26ww41b
Partition Level,parhwrsfuse,stuckat_edt_bypass_low_internal_serial_scan,[NWP] scan: edtbyp stuckat proxy,NOT_LAUNCHED,Mario Alpizar,nio-a0-rtl-26ww41b
Partition Level,parhwrsfuse,stuckat_edt_edt_low_internal_loopback,[NWP] SSN: endpoint loopback,NOT_LAUNCHED,Mario Alpizar,nio-a0-rtl-26ww41b
Partition Level,parhwrsfuse,stuckat_edt_edt_low_internal_serial_chain,[NWP] scan: edten cont proxy,NOT_LAUNCHED,Mario Alpizar,nio-a0-rtl-26ww41b
Partition Level,parhwrsfuse,stuckat_edt_edt_low_internal_serial_scan,[NWP] scan: edten stuckat proxy,NOT_LAUNCHED,Mario Alpizar,nio-a0-rtl-26ww41b
Partition Level,paridfttop,atspeed_edt_edt_low_internal_serial_scan,[NWP] scan: edten atspeed proxy,NOT_LAUNCHED,Mauricio Segura,nio-a0-rtl-26ww41b
Partition Level,paridfttop,scan_ctlr_stuckat_edt_bypass_low_internal_scandump,[NWP] scan: scandump,NOT_LAUNCHED,Mauricio Segura,nio-a0-rtl-26ww41b
Partition Level,paridfttop,ssn_continuity,[NWP] SSN: continuity,NOT_LAUNCHED,Mauricio Segura,nio-a0-rtl-26ww41b
Partition Level,paridfttop,stuckat_edt_bypass_low_internal_burnin_togcnt_cap_off,[NWP] scan: Burnin,NOT_LAUNCHED,Mauricio Segura,nio-a0-rtl-26ww41b
Partition Level,paridfttop,stuckat_edt_bypass_low_internal_serial_chain,[NWP] scan: edtbyp cont proxy,NOT_LAUNCHED,Mauricio Segura,nio-a0-rtl-26ww41b
Partition Level,paridfttop,stuckat_edt_bypass_low_internal_serial_scan,[NWP] scan: edtbyp stuckat proxy,NOT_LAUNCHED,Mauricio Segura,nio-a0-rtl-26ww41b
Partition Level,paridfttop,stuckat_edt_edt_low_internal_loopback,[NWP] SSN: endpoint loopback,NOT_LAUNCHED,Mauricio Segura,nio-a0-rtl-26ww41b
Partition Level,paridfttop,stuckat_edt_edt_low_internal_serial_chain,[NWP] scan: edten cont proxy,NOT_LAUNCHED,Mauricio Segura,nio-a0-rtl-26ww41b
Partition Level,paridfttop,stuckat_edt_edt_low_internal_serial_scan,[NWP] scan: edten stuckat proxy,NOT_LAUNCHED,Mauricio Segura,nio-a0-rtl-26ww41b
Partition Level,parmioinf0,atspeed_edt_edt_low_internal_serial_scan,[NWP] scan: edten atspeed proxy,QUEUED,Mauricio Segura,nio-a0-rtl-26ww41b
Partition Level,parmioinf0,scan_ctlr_stuckat_edt_bypass_low_internal_scandump,[NWP] scan: scandump,NOT_LAUNCHED,Mauricio Segura,nio-a0-rtl-26ww41b
Partition Level,parmioinf0,ssn_continuity,[NWP] SSN: continuity,NOT_LAUNCHED,Mauricio Segura,nio-a0-rtl-26ww41b
Partition Level,parmioinf0,stuckat_edt_bypass_low_internal_burnin_togcnt_cap_off,[NWP] scan: Burnin,QUEUED,Mauricio Segura,nio-a0-rtl-26ww41b
Partition Level,parmioinf0,stuckat_edt_bypass_low_internal_serial_chain,[NWP] scan: edtbyp cont proxy,QUEUED,Mauricio Segura,nio-a0-rtl-26ww41b
Partition Level,parmioinf0,stuckat_edt_bypass_low_internal_serial_scan,[NWP] scan: edtbyp stuckat proxy,QUEUED,Mauricio Segura,nio-a0-rtl-26ww41b
Partition Level,parmioinf0,stuckat_edt_edt_low_internal_loopback,[NWP] SSN: endpoint loopback,QUEUED,Mauricio Segura,nio-a0-rtl-26ww41b
Partition Level,parmioinf0,stuckat_edt_edt_low_internal_serial_chain,[NWP] scan: edten cont proxy,QUEUED,Mauricio Segura,nio-a0-rtl-26ww41b
Partition Level,parmioinf0,stuckat_edt_edt_low_internal_serial_scan,[NWP] scan: edten stuckat proxy,QUEUED,Mauricio Segura,nio-a0-rtl-26ww41b
Partition Level,parmioinf1e,atspeed_edt_edt_low_internal_serial_scan,[NWP] scan: edten atspeed proxy,QUEUED,Mauricio Segura,nio-a0-rtl-26ww41b
Partition Level,parmioinf1e,scan_ctlr_stuckat_edt_bypass_low_internal_scandump,[NWP] scan: scandump,NOT_LAUNCHED,Mauricio Segura,nio-a0-rtl-26ww41b
Partition Level,parmioinf1e,ssn_continuity,[NWP] SSN: continuity,QUEUED,Mauricio Segura,nio-a0-rtl-26ww41b
Partition Level,parmioinf1e,stuckat_edt_bypass_low_internal_burnin_togcnt_cap_off,[NWP] scan: Burnin,QUEUED,Mauricio Segura,nio-a0-rtl-26ww41b
Partition Level,parmioinf1e,stuckat_edt_bypass_low_internal_serial_chain,[NWP] scan: edtbyp cont proxy,QUEUED,Mauricio Segura,nio-a0-rtl-26ww41b
Partition Level,parmioinf1e,stuckat_edt_bypass_low_internal_serial_scan,[NWP] scan: edtbyp stuckat proxy,QUEUED,Mauricio Segura,nio-a0-rtl-26ww41b
Partition Level,parmioinf1e,stuckat_edt_edt_low_internal_loopback,[NWP] SSN: endpoint loopback,QUEUED,Mauricio Segura,nio-a0-rtl-26ww41b
Partition Level,parmioinf1e,stuckat_edt_edt_low_internal_serial_chain,[NWP] scan: edten cont proxy,QUEUED,Mauricio Segura,nio-a0-rtl-26ww41b
Partition Level,parmioinf1e,stuckat_edt_edt_low_internal_serial_scan,[NWP] scan: edten stuckat proxy,QUEUED,Mauricio Segura,nio-a0-rtl-26ww41b
Partition Level,parmioinf1w,atspeed_edt_edt_low_internal_serial_scan,[NWP] scan: edten atspeed proxy,QUEUED,Mario Alpizar,nio-a0-rtl-26ww41b
Partition Level,parmioinf1w,scan_ctlr_stuckat_edt_bypass_low_internal_scandump,[NWP] scan: scandump,NOT_LAUNCHED,Mario Alpizar,nio-a0-rtl-26ww41b
Partition Level,parmioinf1w,ssn_continuity,[NWP] SSN: continuity,QUEUED,Mario Alpizar,nio-a0-rtl-26ww41b
Partition Level,parmioinf1w,stuckat_edt_bypass_low_internal_burnin_togcnt_cap_off,[NWP] scan: Burnin,QUEUED,Mario Alpizar,nio-a0-rtl-26ww41b
Partition Level,parmioinf1w,stuckat_edt_bypass_low_internal_serial_chain,[NWP] scan: edtbyp cont proxy,QUEUED,Mario Alpizar,nio-a0-rtl-26ww41b
Partition Level,parmioinf1w,stuckat_edt_bypass_low_internal_serial_scan,[NWP] scan: edtbyp stuckat proxy,QUEUED,Mario Alpizar,nio-a0-rtl-26ww41b
Partition Level,parmioinf1w,stuckat_edt_edt_low_internal_loopback,[NWP] SSN: endpoint loopback,QUEUED,Mario Alpizar,nio-a0-rtl-26ww41b
Partition Level,parmioinf1w,stuckat_edt_edt_low_internal_serial_chain,[NWP] scan: edten cont proxy,QUEUED,Mario Alpizar,nio-a0-rtl-26ww41b
Partition Level,parmioinf1w,stuckat_edt_edt_low_internal_serial_scan,[NWP] scan: edten stuckat proxy,QUEUED,Mario Alpizar,nio-a0-rtl-26ww41b
Partition Level,parmioinf2e,atspeed_edt_edt_low_internal_serial_scan,[NWP] scan: edten atspeed proxy,QUEUED,Mario Alpizar,nio-a0-rtl-26ww41b
Partition Level,parmioinf2e,scan_ctlr_stuckat_edt_bypass_low_internal_scandump,[NWP] scan: scandump,NOT_LAUNCHED,Mario Alpizar,nio-a0-rtl-26ww41b
Partition Level,parmioinf2e,ssn_continuity,[NWP] SSN: continuity,NOT_LAUNCHED,Mario Alpizar,nio-a0-rtl-26ww41b
Partition Level,parmioinf2e,stuckat_edt_bypass_low_internal_burnin_togcnt_cap_off,[NWP] scan: Burnin,NOT_LAUNCHED,Mario Alpizar,nio-a0-rtl-26ww41b
Partition Level,parmioinf2e,stuckat_edt_bypass_low_internal_serial_chain,[NWP] scan: edtbyp cont proxy,QUEUED,Mario Alpizar,nio-a0-rtl-26ww41b
Partition Level,parmioinf2e,stuckat_edt_bypass_low_internal_serial_scan,[NWP] scan: edtbyp stuckat proxy,QUEUED,Mario Alpizar,nio-a0-rtl-26ww41b
Partition Level,parmioinf2e,stuckat_edt_edt_low_internal_loopback,[NWP] SSN: endpoint loopback,QUEUED,Mario Alpizar,nio-a0-rtl-26ww41b
Partition Level,parmioinf2e,stuckat_edt_edt_low_internal_serial_chain,[NWP] scan: edten cont proxy,QUEUED,Mario Alpizar,nio-a0-rtl-26ww41b
Partition Level,parmioinf2e,stuckat_edt_edt_low_internal_serial_scan,[NWP] scan: edten stuckat proxy,QUEUED,Mario Alpizar,nio-a0-rtl-26ww41b
Partition Level,parmioinf2w,atspeed_edt_edt_low_internal_serial_scan,[NWP] scan: edten atspeed proxy,QUEUED,Mario Alpizar,nio-a0-rtl-26ww41b
Partition Level,parmioinf2w,scan_ctlr_stuckat_edt_bypass_low_internal_scandump,[NWP] scan: scandump,NOT_LAUNCHED,Mario Alpizar,nio-a0-rtl-26ww41b
Partition Level,parmioinf2w,ssn_continuity,[NWP] SSN: continuity,NOT_LAUNCHED,Mario Alpizar,nio-a0-rtl-26ww41b
Partition Level,parmioinf2w,stuckat_edt_bypass_low_internal_burnin_togcnt_cap_off,[NWP] scan: Burnin,NOT_LAUNCHED,Mario Alpizar,nio-a0-rtl-26ww41b
Partition Level,parmioinf2w,stuckat_edt_bypass_low_internal_serial_chain,[NWP] scan: edtbyp cont proxy,QUEUED,Mario Alpizar,nio-a0-rtl-26ww41b
Partition Level,parmioinf2w,stuckat_edt_bypass_low_internal_serial_scan,[NWP] scan: edtbyp stuckat proxy,QUEUED,Mario Alpizar,nio-a0-rtl-26ww41b
Partition Level,parmioinf2w,stuckat_edt_edt_low_internal_loopback,[NWP] SSN: endpoint loopback,QUEUED,Mario Alpizar,nio-a0-rtl-26ww41b
Partition Level,parmioinf2w,stuckat_edt_edt_low_internal_serial_chain,[NWP] scan: edten cont proxy,QUEUED,Mario Alpizar,nio-a0-rtl-26ww41b
Partition Level,parmioinf2w,stuckat_edt_edt_low_internal_serial_scan,[NWP] scan: edten stuckat proxy,QUEUED,Mario Alpizar,nio-a0-rtl-26ww41b
Partition Level,parmioinf3e,atspeed_edt_edt_low_internal_serial_scan,[NWP] scan: edten atspeed proxy,QUEUED,Emmanuel Araya,nio-a0-rtl-26ww41b
Partition Level,parmioinf3e,scan_ctlr_stuckat_edt_bypass_low_internal_scandump,[NWP] scan: scandump,NOT_LAUNCHED,Emmanuel Araya,nio-a0-rtl-26ww41b
Partition Level,parmioinf3e,ssn_continuity,[NWP] SSN: continuity,QUEUED,Emmanuel Araya,nio-a0-rtl-26ww41b
Partition Level,parmioinf3e,stuckat_edt_bypass_low_internal_burnin_togcnt_cap_off,[NWP] scan: Burnin,QUEUED,Emmanuel Araya,nio-a0-rtl-26ww41b
Partition Level,parmioinf3e,stuckat_edt_bypass_low_internal_serial_chain,[NWP] scan: edtbyp cont proxy,QUEUED,Emmanuel Araya,nio-a0-rtl-26ww41b
Partition Level,parmioinf3e,stuckat_edt_bypass_low_internal_serial_scan,[NWP] scan: edtbyp stuckat proxy,QUEUED,Emmanuel Araya,nio-a0-rtl-26ww41b
Partition Level,parmioinf3e,stuckat_edt_edt_low_internal_loopback,[NWP] SSN: endpoint loopback,QUEUED,Emmanuel Araya,nio-a0-rtl-26ww41b
Partition Level,parmioinf3e,stuckat_edt_edt_low_internal_serial_chain,[NWP] scan: edten cont proxy,QUEUED,Emmanuel Araya,nio-a0-rtl-26ww41b
Partition Level,parmioinf3e,stuckat_edt_edt_low_internal_serial_scan,[NWP] scan: edten stuckat proxy,QUEUED,Emmanuel Araya,nio-a0-rtl-26ww41b
Partition Level,parmioinf3w,atspeed_edt_edt_low_internal_serial_scan,[NWP] scan: edten atspeed proxy,QUEUED,Emmanuel Araya,nio-a0-rtl-26ww41b
Partition Level,parmioinf3w,scan_ctlr_stuckat_edt_bypass_low_internal_scandump,[NWP] scan: scandump,NOT_LAUNCHED,Emmanuel Araya,nio-a0-rtl-26ww41b
Partition Level,parmioinf3w,ssn_continuity,[NWP] SSN: continuity,QUEUED,Emmanuel Araya,nio-a0-rtl-26ww41b
Partition Level,parmioinf3w,stuckat_edt_bypass_low_internal_burnin_togcnt_cap_off,[NWP] scan: Burnin,QUEUED,Emmanuel Araya,nio-a0-rtl-26ww41b
Partition Level,parmioinf3w,stuckat_edt_bypass_low_internal_serial_chain,[NWP] scan: edtbyp cont proxy,QUEUED,Emmanuel Araya,nio-a0-rtl-26ww41b
Partition Level,parmioinf3w,stuckat_edt_bypass_low_internal_serial_scan,[NWP] scan: edtbyp stuckat proxy,QUEUED,Emmanuel Araya,nio-a0-rtl-26ww41b
Partition Level,parmioinf3w,stuckat_edt_edt_low_internal_loopback,[NWP] SSN: endpoint loopback,QUEUED,Emmanuel Araya,nio-a0-rtl-26ww41b
Partition Level,parmioinf3w,stuckat_edt_edt_low_internal_serial_chain,[NWP] scan: edten cont proxy,QUEUED,Emmanuel Araya,nio-a0-rtl-26ww41b
Partition Level,parmioinf3w,stuckat_edt_edt_low_internal_serial_scan,[NWP] scan: edten stuckat proxy,QUEUED,Emmanuel Araya,nio-a0-rtl-26ww41b
Partition Level,parocs,atspeed_edt_edt_low_internal_serial_scan,[NWP] scan: edten atspeed proxy,NOT_LAUNCHED,Mauricio Segura,nio-a0-rtl-26ww41b
Partition Level,parocs,scan_ctlr_stuckat_edt_bypass_low_internal_scandump,[NWP] scan: scandump,NOT_LAUNCHED,Mauricio Segura,nio-a0-rtl-26ww41b
Partition Level,parocs,ssn_continuity,[NWP] SSN: continuity,NOT_LAUNCHED,Mauricio Segura,nio-a0-rtl-26ww41b
Partition Level,parocs,stuckat_edt_bypass_low_internal_burnin_togcnt_cap_off,[NWP] scan: Burnin,NOT_LAUNCHED,Mauricio Segura,nio-a0-rtl-26ww41b
Partition Level,parocs,stuckat_edt_bypass_low_internal_serial_chain,[NWP] scan: edtbyp cont proxy,NOT_LAUNCHED,Mauricio Segura,nio-a0-rtl-26ww41b
Partition Level,parocs,stuckat_edt_bypass_low_internal_serial_scan,[NWP] scan: edtbyp stuckat proxy,NOT_LAUNCHED,Mauricio Segura,nio-a0-rtl-26ww41b
Partition Level,parocs,stuckat_edt_edt_low_internal_loopback,[NWP] SSN: endpoint loopback,NOT_LAUNCHED,Mauricio Segura,nio-a0-rtl-26ww41b
Partition Level,parocs,stuckat_edt_edt_low_internal_serial_chain,[NWP] scan: edten cont proxy,NOT_LAUNCHED,Mauricio Segura,nio-a0-rtl-26ww41b
Partition Level,parocs,stuckat_edt_edt_low_internal_serial_scan,[NWP] scan: edten stuckat proxy,NOT_LAUNCHED,Mauricio Segura,nio-a0-rtl-26ww41b
Partition Level,paroobip,atspeed_edt_edt_low_internal_serial_scan,[NWP] scan: edten atspeed proxy,QUEUED,Mauricio Segura,nio-a0-rtl-26ww41b
Partition Level,paroobip,scan_ctlr_stuckat_edt_bypass_low_internal_scandump,[NWP] scan: scandump,NOT_LAUNCHED,Mauricio Segura,nio-a0-rtl-26ww41b
Partition Level,paroobip,ssn_continuity,[NWP] SSN: continuity,QUEUED,Mauricio Segura,nio-a0-rtl-26ww41b
Partition Level,paroobip,stuckat_edt_bypass_low_internal_burnin_togcnt_cap_off,[NWP] scan: Burnin,QUEUED,Mauricio Segura,nio-a0-rtl-26ww41b
Partition Level,paroobip,stuckat_edt_bypass_low_internal_serial_chain,[NWP] scan: edtbyp cont proxy,QUEUED,Mauricio Segura,nio-a0-rtl-26ww41b
Partition Level,paroobip,stuckat_edt_bypass_low_internal_serial_scan,[NWP] scan: edtbyp stuckat proxy,QUEUED,Mauricio Segura,nio-a0-rtl-26ww41b
Partition Level,paroobip,stuckat_edt_edt_low_internal_loopback,[NWP] SSN: endpoint loopback,QUEUED,Mauricio Segura,nio-a0-rtl-26ww41b
Partition Level,paroobip,stuckat_edt_edt_low_internal_serial_chain,[NWP] scan: edten cont proxy,QUEUED,Mauricio Segura,nio-a0-rtl-26ww41b
Partition Level,paroobip,stuckat_edt_edt_low_internal_serial_scan,[NWP] scan: edten stuckat proxy,QUEUED,Mauricio Segura,nio-a0-rtl-26ww41b
Partition Level,paroobmsmram,atspeed_edt_edt_low_internal_serial_scan,[NWP] scan: edten atspeed proxy,QUEUED,Mario Alpizar,nio-a0-rtl-26ww41b
Partition Level,paroobmsmram,scan_ctlr_stuckat_edt_bypass_low_internal_scandump,[NWP] scan: scandump,NOT_LAUNCHED,Mario Alpizar,nio-a0-rtl-26ww41b
Partition Level,paroobmsmram,ssn_continuity,[NWP] SSN: continuity,QUEUED,Mario Alpizar,nio-a0-rtl-26ww41b
Partition Level,paroobmsmram,stuckat_edt_bypass_low_internal_burnin_togcnt_cap_off,[NWP] scan: Burnin,QUEUED,Mario Alpizar,nio-a0-rtl-26ww41b
Partition Level,paroobmsmram,stuckat_edt_bypass_low_internal_serial_chain,[NWP] scan: edtbyp cont proxy,QUEUED,Mario Alpizar,nio-a0-rtl-26ww41b
Partition Level,paroobmsmram,stuckat_edt_bypass_low_internal_serial_scan,[NWP] scan: edtbyp stuckat proxy,QUEUED,Mario Alpizar,nio-a0-rtl-26ww41b
Partition Level,paroobmsmram,stuckat_edt_edt_low_internal_loopback,[NWP] SSN: endpoint loopback,QUEUED,Mario Alpizar,nio-a0-rtl-26ww41b
Partition Level,paroobmsmram,stuckat_edt_edt_low_internal_serial_chain,[NWP] scan: edten cont proxy,QUEUED,Mario Alpizar,nio-a0-rtl-26ww41b
Partition Level,paroobmsmram,stuckat_edt_edt_low_internal_serial_scan,[NWP] scan: edten stuckat proxy,QUEUED,Mario Alpizar,nio-a0-rtl-26ww41b
Partition Level,parpciegen4top,atspeed_edt_edt_low_internal_serial_scan,[NWP] scan: edten atspeed proxy,QUEUED,Mario Alpizar,nio-a0-rtl-26ww41b
Partition Level,parpciegen4top,scan_ctlr_stuckat_edt_bypass_low_internal_scandump,[NWP] scan: scandump,NOT_LAUNCHED,Mario Alpizar,nio-a0-rtl-26ww41b
Partition Level,parpciegen4top,ssn_continuity,[NWP] SSN: continuity,QUEUED,Mario Alpizar,nio-a0-rtl-26ww41b
Partition Level,parpciegen4top,stuckat_edt_bypass_low_internal_burnin_togcnt_cap_off,[NWP] scan: Burnin,QUEUED,Mario Alpizar,nio-a0-rtl-26ww41b
Partition Level,parpciegen4top,stuckat_edt_bypass_low_internal_serial_chain,[NWP] scan: edtbyp cont proxy,QUEUED,Mario Alpizar,nio-a0-rtl-26ww41b
Partition Level,parpciegen4top,stuckat_edt_bypass_low_internal_serial_scan,[NWP] scan: edtbyp stuckat proxy,QUEUED,Mario Alpizar,nio-a0-rtl-26ww41b
Partition Level,parpciegen4top,stuckat_edt_edt_low_internal_loopback,[NWP] SSN: endpoint loopback,QUEUED,Mario Alpizar,nio-a0-rtl-26ww41b
Partition Level,parpciegen4top,stuckat_edt_edt_low_internal_serial_chain,[NWP] scan: edten cont proxy,QUEUED,Mario Alpizar,nio-a0-rtl-26ww41b
Partition Level,parpciegen4top,stuckat_edt_edt_low_internal_serial_scan,[NWP] scan: edten stuckat proxy,QUEUED,Mario Alpizar,nio-a0-rtl-26ww41b
Partition Level,parpsf0npktam,atspeed_edt_edt_low_internal_serial_scan,[NWP] scan: edten atspeed proxy,QUEUED,SathyahX Sv,nio-a0-rtl-26ww41b
Partition Level,parpsf0npktam,scan_ctlr_stuckat_edt_bypass_low_internal_scandump,[NWP] scan: scandump,NOT_LAUNCHED,SathyahX Sv,nio-a0-rtl-26ww41b
Partition Level,parpsf0npktam,ssn_continuity,[NWP] SSN: continuity,QUEUED,SathyahX Sv,nio-a0-rtl-26ww41b
Partition Level,parpsf0npktam,stuckat_edt_bypass_low_internal_burnin_togcnt_cap_off,[NWP] scan: Burnin,QUEUED,SathyahX Sv,nio-a0-rtl-26ww41b
Partition Level,parpsf0npktam,stuckat_edt_bypass_low_internal_serial_chain,[NWP] scan: edtbyp cont proxy,QUEUED,SathyahX Sv,nio-a0-rtl-26ww41b
Partition Level,parpsf0npktam,stuckat_edt_bypass_low_internal_serial_scan,[NWP] scan: edtbyp stuckat proxy,QUEUED,SathyahX Sv,nio-a0-rtl-26ww41b
Partition Level,parpsf0npktam,stuckat_edt_edt_low_internal_loopback,[NWP] SSN: endpoint loopback,QUEUED,SathyahX Sv,nio-a0-rtl-26ww41b
Partition Level,parpsf0npktam,stuckat_edt_edt_low_internal_serial_chain,[NWP] scan: edten cont proxy,QUEUED,SathyahX Sv,nio-a0-rtl-26ww41b
Partition Level,parpsf0npktam,stuckat_edt_edt_low_internal_serial_scan,[NWP] scan: edten stuckat proxy,QUEUED,SathyahX Sv,nio-a0-rtl-26ww41b
Partition Level,parpsf1,atspeed_edt_edt_low_internal_serial_scan,[NWP] scan: edten atspeed proxy,NOT_LAUNCHED,SathyahX Sv,nio-a0-rtl-26ww41b
Partition Level,parpsf1,scan_ctlr_stuckat_edt_bypass_low_internal_scandump,[NWP] scan: scandump,NOT_LAUNCHED,SathyahX Sv,nio-a0-rtl-26ww41b
Partition Level,parpsf1,ssn_continuity,[NWP] SSN: continuity,NOT_LAUNCHED,SathyahX Sv,nio-a0-rtl-26ww41b
Partition Level,parpsf1,stuckat_edt_bypass_low_internal_burnin_togcnt_cap_off,[NWP] scan: Burnin,NOT_LAUNCHED,SathyahX Sv,nio-a0-rtl-26ww41b
Partition Level,parpsf1,stuckat_edt_bypass_low_internal_serial_chain,[NWP] scan: edtbyp cont proxy,NOT_LAUNCHED,SathyahX Sv,nio-a0-rtl-26ww41b
Partition Level,parpsf1,stuckat_edt_bypass_low_internal_serial_scan,[NWP] scan: edtbyp stuckat proxy,NOT_LAUNCHED,SathyahX Sv,nio-a0-rtl-26ww41b
Partition Level,parpsf1,stuckat_edt_edt_low_internal_loopback,[NWP] SSN: endpoint loopback,NOT_LAUNCHED,SathyahX Sv,nio-a0-rtl-26ww41b
Partition Level,parpsf1,stuckat_edt_edt_low_internal_serial_chain,[NWP] scan: edten cont proxy,NOT_LAUNCHED,SathyahX Sv,nio-a0-rtl-26ww41b
Partition Level,parpsf1,stuckat_edt_edt_low_internal_serial_scan,[NWP] scan: edten stuckat proxy,NOT_LAUNCHED,SathyahX Sv,nio-a0-rtl-26ww41b
Partition Level,parpsf2,atspeed_edt_edt_low_internal_serial_scan,[NWP] scan: edten atspeed proxy,QUEUED,Mario Alpizar,nio-a0-rtl-26ww41b
Partition Level,parpsf2,scan_ctlr_stuckat_edt_bypass_low_internal_scandump,[NWP] scan: scandump,NOT_LAUNCHED,Mario Alpizar,nio-a0-rtl-26ww41b
Partition Level,parpsf2,ssn_continuity,[NWP] SSN: continuity,QUEUED,Mario Alpizar,nio-a0-rtl-26ww41b
Partition Level,parpsf2,stuckat_edt_bypass_low_internal_burnin_togcnt_cap_off,[NWP] scan: Burnin,QUEUED,Mario Alpizar,nio-a0-rtl-26ww41b
Partition Level,parpsf2,stuckat_edt_bypass_low_internal_serial_chain,[NWP] scan: edtbyp cont proxy,QUEUED,Mario Alpizar,nio-a0-rtl-26ww41b
Partition Level,parpsf2,stuckat_edt_bypass_low_internal_serial_scan,[NWP] scan: edtbyp stuckat proxy,QUEUED,Mario Alpizar,nio-a0-rtl-26ww41b
Partition Level,parpsf2,stuckat_edt_edt_low_internal_loopback,[NWP] SSN: endpoint loopback,QUEUED,Mario Alpizar,nio-a0-rtl-26ww41b
Partition Level,parpsf2,stuckat_edt_edt_low_internal_serial_chain,[NWP] scan: edten cont proxy,QUEUED,Mario Alpizar,nio-a0-rtl-26ww41b
Partition Level,parpsf2,stuckat_edt_edt_low_internal_serial_scan,[NWP] scan: edten stuckat proxy,QUEUED,Mario Alpizar,nio-a0-rtl-26ww41b
Partition Level,parpunit,atspeed_edt_edt_low_internal_serial_scan,[NWP] scan: edten atspeed proxy,QUEUED,Mauricio Segura,nio-a0-rtl-26ww41b
Partition Level,parpunit,scan_ctlr_stuckat_edt_bypass_low_internal_scandump,[NWP] scan: scandump,NOT_LAUNCHED,Mauricio Segura,nio-a0-rtl-26ww41b
Partition Level,parpunit,ssn_continuity,[NWP] SSN: continuity,QUEUED,Mauricio Segura,nio-a0-rtl-26ww41b
Partition Level,parpunit,stuckat_edt_bypass_low_internal_burnin_togcnt_cap_off,[NWP] scan: Burnin,QUEUED,Mauricio Segura,nio-a0-rtl-26ww41b
Partition Level,parpunit,stuckat_edt_bypass_low_internal_serial_chain,[NWP] scan: edtbyp cont proxy,QUEUED,Mauricio Segura,nio-a0-rtl-26ww41b
Partition Level,parpunit,stuckat_edt_bypass_low_internal_serial_scan,[NWP] scan: edtbyp stuckat proxy,QUEUED,Mauricio Segura,nio-a0-rtl-26ww41b
Partition Level,parpunit,stuckat_edt_edt_low_internal_loopback,[NWP] SSN: endpoint loopback,QUEUED,Mauricio Segura,nio-a0-rtl-26ww41b
Partition Level,parpunit,stuckat_edt_edt_low_internal_serial_chain,[NWP] scan: edten cont proxy,QUEUED,Mauricio Segura,nio-a0-rtl-26ww41b
Partition Level,parpunit,stuckat_edt_edt_low_internal_serial_scan,[NWP] scan: edten stuckat proxy,QUEUED,Mauricio Segura,nio-a0-rtl-26ww41b
Partition Level,parrclk,atspeed_edt_edt_low_internal_serial_scan,[NWP] scan: edten atspeed proxy,QUEUED,Mauricio Segura,nio-a0-rtl-26ww41b
Partition Level,parrclk,scan_ctlr_stuckat_edt_bypass_low_internal_scandump,[NWP] scan: scandump,NOT_LAUNCHED,Mauricio Segura,nio-a0-rtl-26ww41b
Partition Level,parrclk,ssn_continuity,[NWP] SSN: continuity,QUEUED,Mauricio Segura,nio-a0-rtl-26ww41b
Partition Level,parrclk,stuckat_edt_bypass_low_internal_burnin_togcnt_cap_off,[NWP] scan: Burnin,QUEUED,Mauricio Segura,nio-a0-rtl-26ww41b
Partition Level,parrclk,stuckat_edt_bypass_low_internal_serial_chain,[NWP] scan: edtbyp cont proxy,QUEUED,Mauricio Segura,nio-a0-rtl-26ww41b
Partition Level,parrclk,stuckat_edt_bypass_low_internal_serial_scan,[NWP] scan: edtbyp stuckat proxy,QUEUED,Mauricio Segura,nio-a0-rtl-26ww41b
Partition Level,parrclk,stuckat_edt_edt_low_internal_loopback,[NWP] SSN: endpoint loopback,QUEUED,Mauricio Segura,nio-a0-rtl-26ww41b
Partition Level,parrclk,stuckat_edt_edt_low_internal_serial_chain,[NWP] scan: edten cont proxy,QUEUED,Mauricio Segura,nio-a0-rtl-26ww41b
Partition Level,parrclk,stuckat_edt_edt_low_internal_serial_scan,[NWP] scan: edten stuckat proxy,QUEUED,Mauricio Segura,nio-a0-rtl-26ww41b
Partition Level,pars3m,atspeed_edt_edt_low_internal_serial_scan,[NWP] scan: edten atspeed proxy,QUEUED,Mauricio Segura,nio-a0-rtl-26ww41b
Partition Level,pars3m,scan_ctlr_stuckat_edt_bypass_low_internal_scandump,[NWP] scan: scandump,NOT_LAUNCHED,Mauricio Segura,nio-a0-rtl-26ww41b
Partition Level,pars3m,ssn_continuity,[NWP] SSN: continuity,QUEUED,Mauricio Segura,nio-a0-rtl-26ww41b
Partition Level,pars3m,stuckat_edt_bypass_low_internal_burnin_togcnt_cap_off,[NWP] scan: Burnin,QUEUED,Mauricio Segura,nio-a0-rtl-26ww41b
Partition Level,pars3m,stuckat_edt_bypass_low_internal_serial_chain,[NWP] scan: edtbyp cont proxy,QUEUED,Mauricio Segura,nio-a0-rtl-26ww41b
Partition Level,pars3m,stuckat_edt_bypass_low_internal_serial_scan,[NWP] scan: edtbyp stuckat proxy,QUEUED,Mauricio Segura,nio-a0-rtl-26ww41b
Partition Level,pars3m,stuckat_edt_edt_low_internal_loopback,[NWP] SSN: endpoint loopback,QUEUED,Mauricio Segura,nio-a0-rtl-26ww41b
Partition Level,pars3m,stuckat_edt_edt_low_internal_serial_chain,[NWP] scan: edten cont proxy,QUEUED,Mauricio Segura,nio-a0-rtl-26ww41b
Partition Level,pars3m,stuckat_edt_edt_low_internal_serial_scan,[NWP] scan: edten stuckat proxy,QUEUED,Mauricio Segura,nio-a0-rtl-26ww41b
Partition Level,parscfcamisc,atspeed_edt_edt_low_internal_serial_scan,[NWP] scan: edten atspeed proxy,QUEUED,SathyahX Sv,nio-a0-rtl-26ww41b
Partition Level,parscfcamisc,scan_ctlr_stuckat_edt_bypass_low_internal_scandump,[NWP] scan: scandump,NOT_LAUNCHED,SathyahX Sv,nio-a0-rtl-26ww41b
Partition Level,parscfcamisc,ssn_continuity,[NWP] SSN: continuity,NOT_LAUNCHED,SathyahX Sv,nio-a0-rtl-26ww41b
Partition Level,parscfcamisc,stuckat_edt_bypass_low_internal_burnin_togcnt_cap_off,[NWP] scan: Burnin,QUEUED,SathyahX Sv,nio-a0-rtl-26ww41b
Partition Level,parscfcamisc,stuckat_edt_bypass_low_internal_serial_chain,[NWP] scan: edtbyp cont proxy,QUEUED,SathyahX Sv,nio-a0-rtl-26ww41b
Partition Level,parscfcamisc,stuckat_edt_bypass_low_internal_serial_scan,[NWP] scan: edtbyp stuckat proxy,QUEUED,SathyahX Sv,nio-a0-rtl-26ww41b
Partition Level,parscfcamisc,stuckat_edt_edt_low_internal_loopback,[NWP] SSN: endpoint loopback,QUEUED,SathyahX Sv,nio-a0-rtl-26ww41b
Partition Level,parscfcamisc,stuckat_edt_edt_low_internal_serial_chain,[NWP] scan: edten cont proxy,QUEUED,SathyahX Sv,nio-a0-rtl-26ww41b
Partition Level,parscfcamisc,stuckat_edt_edt_low_internal_serial_scan,[NWP] scan: edten stuckat proxy,QUEUED,SathyahX Sv,nio-a0-rtl-26ww41b
Partition Level,parscfcms2xcrs2x,atspeed_edt_edt_low_internal_serial_scan,[NWP] scan: edten atspeed proxy,QUEUED,SathyahX Sv,nio-a0-rtl-26ww41b
Partition Level,parscfcms2xcrs2x,scan_ctlr_stuckat_edt_bypass_low_internal_scandump,[NWP] scan: scandump,NOT_LAUNCHED,SathyahX Sv,nio-a0-rtl-26ww41b
Partition Level,parscfcms2xcrs2x,ssn_continuity,[NWP] SSN: continuity,QUEUED,SathyahX Sv,nio-a0-rtl-26ww41b
Partition Level,parscfcms2xcrs2x,stuckat_edt_bypass_low_internal_burnin_togcnt_cap_off,[NWP] scan: Burnin,QUEUED,SathyahX Sv,nio-a0-rtl-26ww41b
Partition Level,parscfcms2xcrs2x,stuckat_edt_bypass_low_internal_serial_chain,[NWP] scan: edtbyp cont proxy,QUEUED,SathyahX Sv,nio-a0-rtl-26ww41b
Partition Level,parscfcms2xcrs2x,stuckat_edt_bypass_low_internal_serial_scan,[NWP] scan: edtbyp stuckat proxy,QUEUED,SathyahX Sv,nio-a0-rtl-26ww41b
Partition Level,parscfcms2xcrs2x,stuckat_edt_edt_low_internal_loopback,[NWP] SSN: endpoint loopback,QUEUED,SathyahX Sv,nio-a0-rtl-26ww41b
Partition Level,parscfcms2xcrs2x,stuckat_edt_edt_low_internal_serial_chain,[NWP] scan: edten cont proxy,QUEUED,SathyahX Sv,nio-a0-rtl-26ww41b
Partition Level,parscfcms2xcrs2x,stuckat_edt_edt_low_internal_serial_scan,[NWP] scan: edten stuckat proxy,QUEUED,SathyahX Sv,nio-a0-rtl-26ww41b
Partition Level,parscfcmsdummy,atspeed_edt_edt_low_internal_serial_scan,[NWP] scan: edten atspeed proxy,QUEUED,SathyahX Sv,nio-a0-rtl-26ww41b
Partition Level,parscfcmsdummy,scan_ctlr_stuckat_edt_bypass_low_internal_scandump,[NWP] scan: scandump,NOT_LAUNCHED,SathyahX Sv,nio-a0-rtl-26ww41b
Partition Level,parscfcmsdummy,ssn_continuity,[NWP] SSN: continuity,NOT_LAUNCHED,SathyahX Sv,nio-a0-rtl-26ww41b
Partition Level,parscfcmsdummy,stuckat_edt_bypass_low_internal_burnin_togcnt_cap_off,[NWP] scan: Burnin,QUEUED,SathyahX Sv,nio-a0-rtl-26ww41b
Partition Level,parscfcmsdummy,stuckat_edt_bypass_low_internal_serial_chain,[NWP] scan: edtbyp cont proxy,QUEUED,SathyahX Sv,nio-a0-rtl-26ww41b
Partition Level,parscfcmsdummy,stuckat_edt_bypass_low_internal_serial_scan,[NWP] scan: edtbyp stuckat proxy,QUEUED,SathyahX Sv,nio-a0-rtl-26ww41b
Partition Level,parscfcmsdummy,stuckat_edt_edt_low_internal_loopback,[NWP] SSN: endpoint loopback,NOT_LAUNCHED,SathyahX Sv,nio-a0-rtl-26ww41b
Partition Level,parscfcmsdummy,stuckat_edt_edt_low_internal_serial_chain,[NWP] scan: edten cont proxy,QUEUED,SathyahX Sv,nio-a0-rtl-26ww41b
Partition Level,parscfcmsdummy,stuckat_edt_edt_low_internal_serial_scan,[NWP] scan: edten stuckat proxy,QUEUED,SathyahX Sv,nio-a0-rtl-26ww41b
Partition Level,parscfcrsd2d,atspeed_edt_edt_low_internal_serial_scan,[NWP] scan: edten atspeed proxy,QUEUED,SathyahX Sv,nio-a0-rtl-26ww41b
Partition Level,parscfcrsd2d,scan_ctlr_stuckat_edt_bypass_low_internal_scandump,[NWP] scan: scandump,NOT_LAUNCHED,SathyahX Sv,nio-a0-rtl-26ww41b
Partition Level,parscfcrsd2d,ssn_continuity,[NWP] SSN: continuity,NOT_LAUNCHED,SathyahX Sv,nio-a0-rtl-26ww41b
Partition Level,parscfcrsd2d,stuckat_edt_bypass_low_internal_burnin_togcnt_cap_off,[NWP] scan: Burnin,NOT_LAUNCHED,SathyahX Sv,nio-a0-rtl-26ww41b
Partition Level,parscfcrsd2d,stuckat_edt_bypass_low_internal_serial_chain,[NWP] scan: edtbyp cont proxy,QUEUED,SathyahX Sv,nio-a0-rtl-26ww41b
Partition Level,parscfcrsd2d,stuckat_edt_bypass_low_internal_serial_scan,[NWP] scan: edtbyp stuckat proxy,QUEUED,SathyahX Sv,nio-a0-rtl-26ww41b
Partition Level,parscfcrsd2d,stuckat_edt_edt_low_internal_loopback,[NWP] SSN: endpoint loopback,NOT_LAUNCHED,SathyahX Sv,nio-a0-rtl-26ww41b
Partition Level,parscfcrsd2d,stuckat_edt_edt_low_internal_serial_chain,[NWP] scan: edten cont proxy,QUEUED,SathyahX Sv,nio-a0-rtl-26ww41b
Partition Level,parscfcrsd2d,stuckat_edt_edt_low_internal_serial_scan,[NWP] scan: edten stuckat proxy,QUEUED,SathyahX Sv,nio-a0-rtl-26ww41b
Partition Level,parscfcrsmem,atspeed_edt_edt_low_internal_serial_scan,[NWP] scan: edten atspeed proxy,QUEUED,SathyahX Sv,nio-a0-rtl-26ww41b
Partition Level,parscfcrsmem,scan_ctlr_stuckat_edt_bypass_low_internal_scandump,[NWP] scan: scandump,NOT_LAUNCHED,SathyahX Sv,nio-a0-rtl-26ww41b
Partition Level,parscfcrsmem,ssn_continuity,[NWP] SSN: continuity,NOT_LAUNCHED,SathyahX Sv,nio-a0-rtl-26ww41b
Partition Level,parscfcrsmem,stuckat_edt_bypass_low_internal_burnin_togcnt_cap_off,[NWP] scan: Burnin,QUEUED,SathyahX Sv,nio-a0-rtl-26ww41b
Partition Level,parscfcrsmem,stuckat_edt_bypass_low_internal_serial_chain,[NWP] scan: edtbyp cont proxy,QUEUED,SathyahX Sv,nio-a0-rtl-26ww41b
Partition Level,parscfcrsmem,stuckat_edt_bypass_low_internal_serial_scan,[NWP] scan: edtbyp stuckat proxy,QUEUED,SathyahX Sv,nio-a0-rtl-26ww41b
Partition Level,parscfcrsmem,stuckat_edt_edt_low_internal_loopback,[NWP] SSN: endpoint loopback,NOT_LAUNCHED,SathyahX Sv,nio-a0-rtl-26ww41b
Partition Level,parscfcrsmem,stuckat_edt_edt_low_internal_serial_chain,[NWP] scan: edten cont proxy,QUEUED,SathyahX Sv,nio-a0-rtl-26ww41b
Partition Level,parscfcrsmem,stuckat_edt_edt_low_internal_serial_scan,[NWP] scan: edten stuckat proxy,QUEUED,SathyahX Sv,nio-a0-rtl-26ww41b
Partition Level,parscfcrsp2p,atspeed_edt_edt_low_internal_serial_scan,[NWP] scan: edten atspeed proxy,QUEUED,SathyahX Sv,nio-a0-rtl-26ww41b
Partition Level,parscfcrsp2p,scan_ctlr_stuckat_edt_bypass_low_internal_scandump,[NWP] scan: scandump,NOT_LAUNCHED,SathyahX Sv,nio-a0-rtl-26ww41b
Partition Level,parscfcrsp2p,ssn_continuity,[NWP] SSN: continuity,QUEUED,SathyahX Sv,nio-a0-rtl-26ww41b
Partition Level,parscfcrsp2p,stuckat_edt_bypass_low_internal_burnin_togcnt_cap_off,[NWP] scan: Burnin,QUEUED,SathyahX Sv,nio-a0-rtl-26ww41b
Partition Level,parscfcrsp2p,stuckat_edt_bypass_low_internal_serial_chain,[NWP] scan: edtbyp cont proxy,QUEUED,SathyahX Sv,nio-a0-rtl-26ww41b
Partition Level,parscfcrsp2p,stuckat_edt_bypass_low_internal_serial_scan,[NWP] scan: edtbyp stuckat proxy,QUEUED,SathyahX Sv,nio-a0-rtl-26ww41b
Partition Level,parscfcrsp2p,stuckat_edt_edt_low_internal_loopback,[NWP] SSN: endpoint loopback,QUEUED,SathyahX Sv,nio-a0-rtl-26ww41b
Partition Level,parscfcrsp2p,stuckat_edt_edt_low_internal_serial_chain,[NWP] scan: edten cont proxy,QUEUED,SathyahX Sv,nio-a0-rtl-26ww41b
Partition Level,parscfcrsp2p,stuckat_edt_edt_low_internal_serial_scan,[NWP] scan: edten stuckat proxy,QUEUED,SathyahX Sv,nio-a0-rtl-26ww41b
Partition Level,parscfcrsubrcab,atspeed_edt_edt_low_internal_serial_scan,[NWP] scan: edten atspeed proxy,QUEUED,SathyahX Sv,nio-a0-rtl-26ww41b
Partition Level,parscfcrsubrcab,scan_ctlr_stuckat_edt_bypass_low_internal_scandump,[NWP] scan: scandump,NOT_LAUNCHED,SathyahX Sv,nio-a0-rtl-26ww41b
Partition Level,parscfcrsubrcab,ssn_continuity,[NWP] SSN: continuity,NOT_LAUNCHED,SathyahX Sv,nio-a0-rtl-26ww41b
Partition Level,parscfcrsubrcab,stuckat_edt_bypass_low_internal_burnin_togcnt_cap_off,[NWP] scan: Burnin,QUEUED,SathyahX Sv,nio-a0-rtl-26ww41b
Partition Level,parscfcrsubrcab,stuckat_edt_bypass_low_internal_serial_chain,[NWP] scan: edtbyp cont proxy,QUEUED,SathyahX Sv,nio-a0-rtl-26ww41b
Partition Level,parscfcrsubrcab,stuckat_edt_bypass_low_internal_serial_scan,[NWP] scan: edtbyp stuckat proxy,QUEUED,SathyahX Sv,nio-a0-rtl-26ww41b
Partition Level,parscfcrsubrcab,stuckat_edt_edt_low_internal_loopback,[NWP] SSN: endpoint loopback,NOT_LAUNCHED,SathyahX Sv,nio-a0-rtl-26ww41b
Partition Level,parscfcrsubrcab,stuckat_edt_edt_low_internal_serial_chain,[NWP] scan: edten cont proxy,QUEUED,SathyahX Sv,nio-a0-rtl-26ww41b
Partition Level,parscfcrsubrcab,stuckat_edt_edt_low_internal_serial_scan,[NWP] scan: edten stuckat proxy,QUEUED,SathyahX Sv,nio-a0-rtl-26ww41b
Partition Level,parscfcrsuio,atspeed_edt_edt_low_internal_serial_scan,[NWP] scan: edten atspeed proxy,NOT_LAUNCHED,SathyahX Sv,nio-a0-rtl-26ww41b
Partition Level,parscfcrsuio,scan_ctlr_stuckat_edt_bypass_low_internal_scandump,[NWP] scan: scandump,NOT_LAUNCHED,SathyahX Sv,nio-a0-rtl-26ww41b
Partition Level,parscfcrsuio,ssn_continuity,[NWP] SSN: continuity,NOT_LAUNCHED,SathyahX Sv,nio-a0-rtl-26ww41b
Partition Level,parscfcrsuio,stuckat_edt_bypass_low_internal_burnin_togcnt_cap_off,[NWP] scan: Burnin,NOT_LAUNCHED,SathyahX Sv,nio-a0-rtl-26ww41b
Partition Level,parscfcrsuio,stuckat_edt_bypass_low_internal_serial_chain,[NWP] scan: edtbyp cont proxy,NOT_LAUNCHED,SathyahX Sv,nio-a0-rtl-26ww41b
Partition Level,parscfcrsuio,stuckat_edt_bypass_low_internal_serial_scan,[NWP] scan: edtbyp stuckat proxy,NOT_LAUNCHED,SathyahX Sv,nio-a0-rtl-26ww41b
Partition Level,parscfcrsuio,stuckat_edt_edt_low_internal_loopback,[NWP] SSN: endpoint loopback,NOT_LAUNCHED,SathyahX Sv,nio-a0-rtl-26ww41b
Partition Level,parscfcrsuio,stuckat_edt_edt_low_internal_serial_chain,[NWP] scan: edten cont proxy,NOT_LAUNCHED,SathyahX Sv,nio-a0-rtl-26ww41b
Partition Level,parscfcrsuio,stuckat_edt_edt_low_internal_serial_scan,[NWP] scan: edten stuckat proxy,NOT_LAUNCHED,SathyahX Sv,nio-a0-rtl-26ww41b
Partition Level,parscfhaasf,atspeed_edt_edt_low_internal_serial_scan,[NWP] scan: edten atspeed proxy,QUEUED,SathyahX Sv,nio-a0-rtl-26ww41b
Partition Level,parscfhaasf,scan_ctlr_stuckat_edt_bypass_low_internal_scandump,[NWP] scan: scandump,NOT_LAUNCHED,SathyahX Sv,nio-a0-rtl-26ww41b
Partition Level,parscfhaasf,ssn_continuity,[NWP] SSN: continuity,NOT_LAUNCHED,SathyahX Sv,nio-a0-rtl-26ww41b
Partition Level,parscfhaasf,stuckat_edt_bypass_low_internal_burnin_togcnt_cap_off,[NWP] scan: Burnin,QUEUED,SathyahX Sv,nio-a0-rtl-26ww41b
Partition Level,parscfhaasf,stuckat_edt_bypass_low_internal_serial_chain,[NWP] scan: edtbyp cont proxy,QUEUED,SathyahX Sv,nio-a0-rtl-26ww41b
Partition Level,parscfhaasf,stuckat_edt_bypass_low_internal_serial_scan,[NWP] scan: edtbyp stuckat proxy,QUEUED,SathyahX Sv,nio-a0-rtl-26ww41b
Partition Level,parscfhaasf,stuckat_edt_edt_low_internal_loopback,[NWP] SSN: endpoint loopback,NOT_LAUNCHED,SathyahX Sv,nio-a0-rtl-26ww41b
Partition Level,parscfhaasf,stuckat_edt_edt_low_internal_serial_chain,[NWP] scan: edten cont proxy,QUEUED,SathyahX Sv,nio-a0-rtl-26ww41b
Partition Level,parscfhaasf,stuckat_edt_edt_low_internal_serial_scan,[NWP] scan: edten stuckat proxy,QUEUED,SathyahX Sv,nio-a0-rtl-26ww41b
Partition Level,parscfhsf,atspeed_edt_edt_low_internal_serial_scan,[NWP] scan: edten atspeed proxy,QUEUED,SathyahX Sv,nio-a0-rtl-26ww41b
Partition Level,parscfhsf,scan_ctlr_stuckat_edt_bypass_low_internal_scandump,[NWP] scan: scandump,PASS,SathyahX Sv,nio-a0-rtl-26ww41b
Partition Level,parscfhsf,ssn_continuity,[NWP] SSN: continuity,QUEUED,SathyahX Sv,nio-a0-rtl-26ww41b
Partition Level,parscfhsf,stuckat_edt_bypass_low_internal_burnin_togcnt_cap_off,[NWP] scan: Burnin,PASS,SathyahX Sv,nio-a0-rtl-26ww41b
Partition Level,parscfhsf,stuckat_edt_bypass_low_internal_serial_chain,[NWP] scan: edtbyp cont proxy,QUEUED,SathyahX Sv,nio-a0-rtl-26ww41b
Partition Level,parscfhsf,stuckat_edt_bypass_low_internal_serial_scan,[NWP] scan: edtbyp stuckat proxy,QUEUED,SathyahX Sv,nio-a0-rtl-26ww41b
Partition Level,parscfhsf,stuckat_edt_edt_low_internal_loopback,[NWP] SSN: endpoint loopback,QUEUED,SathyahX Sv,nio-a0-rtl-26ww41b
Partition Level,parscfhsf,stuckat_edt_edt_low_internal_serial_chain,[NWP] scan: edten cont proxy,QUEUED,SathyahX Sv,nio-a0-rtl-26ww41b
Partition Level,parscfhsf,stuckat_edt_edt_low_internal_serial_scan,[NWP] scan: edten stuckat proxy,QUEUED,SathyahX Sv,nio-a0-rtl-26ww41b
Partition Level,parscfioinf0e,atspeed_edt_edt_low_internal_serial_scan,[NWP] scan: edten atspeed proxy,QUEUED,SathyahX Sv,nio-a0-rtl-26ww41b
Partition Level,parscfioinf0e,scan_ctlr_stuckat_edt_bypass_low_internal_scandump,[NWP] scan: scandump,NOT_LAUNCHED,SathyahX Sv,nio-a0-rtl-26ww41b
Partition Level,parscfioinf0e,ssn_continuity,[NWP] SSN: continuity,QUEUED,SathyahX Sv,nio-a0-rtl-26ww41b
Partition Level,parscfioinf0e,stuckat_edt_bypass_low_internal_burnin_togcnt_cap_off,[NWP] scan: Burnin,QUEUED,SathyahX Sv,nio-a0-rtl-26ww41b
Partition Level,parscfioinf0e,stuckat_edt_bypass_low_internal_serial_chain,[NWP] scan: edtbyp cont proxy,QUEUED,SathyahX Sv,nio-a0-rtl-26ww41b
Partition Level,parscfioinf0e,stuckat_edt_bypass_low_internal_serial_scan,[NWP] scan: edtbyp stuckat proxy,QUEUED,SathyahX Sv,nio-a0-rtl-26ww41b
Partition Level,parscfioinf0e,stuckat_edt_edt_low_internal_loopback,[NWP] SSN: endpoint loopback,QUEUED,SathyahX Sv,nio-a0-rtl-26ww41b
Partition Level,parscfioinf0e,stuckat_edt_edt_low_internal_serial_chain,[NWP] scan: edten cont proxy,QUEUED,SathyahX Sv,nio-a0-rtl-26ww41b
Partition Level,parscfioinf0e,stuckat_edt_edt_low_internal_serial_scan,[NWP] scan: edten stuckat proxy,QUEUED,SathyahX Sv,nio-a0-rtl-26ww41b
Partition Level,parscfioinf0w,atspeed_edt_edt_low_internal_serial_scan,[NWP] scan: edten atspeed proxy,QUEUED,SathyahX Sv,nio-a0-rtl-26ww41b
Partition Level,parscfioinf0w,scan_ctlr_stuckat_edt_bypass_low_internal_scandump,[NWP] scan: scandump,NOT_LAUNCHED,SathyahX Sv,nio-a0-rtl-26ww41b
Partition Level,parscfioinf0w,ssn_continuity,[NWP] SSN: continuity,QUEUED,SathyahX Sv,nio-a0-rtl-26ww41b
Partition Level,parscfioinf0w,stuckat_edt_bypass_low_internal_burnin_togcnt_cap_off,[NWP] scan: Burnin,QUEUED,SathyahX Sv,nio-a0-rtl-26ww41b
Partition Level,parscfioinf0w,stuckat_edt_bypass_low_internal_serial_chain,[NWP] scan: edtbyp cont proxy,QUEUED,SathyahX Sv,nio-a0-rtl-26ww41b
Partition Level,parscfioinf0w,stuckat_edt_bypass_low_internal_serial_scan,[NWP] scan: edtbyp stuckat proxy,QUEUED,SathyahX Sv,nio-a0-rtl-26ww41b
Partition Level,parscfioinf0w,stuckat_edt_edt_low_internal_loopback,[NWP] SSN: endpoint loopback,QUEUED,SathyahX Sv,nio-a0-rtl-26ww41b
Partition Level,parscfioinf0w,stuckat_edt_edt_low_internal_serial_chain,[NWP] scan: edten cont proxy,QUEUED,SathyahX Sv,nio-a0-rtl-26ww41b
Partition Level,parscfioinf0w,stuckat_edt_edt_low_internal_serial_scan,[NWP] scan: edten stuckat proxy,QUEUED,SathyahX Sv,nio-a0-rtl-26ww41b
Partition Level,parscfioinf1e,atspeed_edt_edt_low_internal_serial_scan,[NWP] scan: edten atspeed proxy,QUEUED,SathyahX Sv,nio-a0-rtl-26ww41b
Partition Level,parscfioinf1e,scan_ctlr_stuckat_edt_bypass_low_internal_scandump,[NWP] scan: scandump,NOT_LAUNCHED,SathyahX Sv,nio-a0-rtl-26ww41b
Partition Level,parscfioinf1e,ssn_continuity,[NWP] SSN: continuity,QUEUED,SathyahX Sv,nio-a0-rtl-26ww41b
Partition Level,parscfioinf1e,stuckat_edt_bypass_low_internal_burnin_togcnt_cap_off,[NWP] scan: Burnin,QUEUED,SathyahX Sv,nio-a0-rtl-26ww41b
Partition Level,parscfioinf1e,stuckat_edt_bypass_low_internal_serial_chain,[NWP] scan: edtbyp cont proxy,QUEUED,SathyahX Sv,nio-a0-rtl-26ww41b
Partition Level,parscfioinf1e,stuckat_edt_bypass_low_internal_serial_scan,[NWP] scan: edtbyp stuckat proxy,QUEUED,SathyahX Sv,nio-a0-rtl-26ww41b
Partition Level,parscfioinf1e,stuckat_edt_edt_low_internal_loopback,[NWP] SSN: endpoint loopback,QUEUED,SathyahX Sv,nio-a0-rtl-26ww41b
Partition Level,parscfioinf1e,stuckat_edt_edt_low_internal_serial_chain,[NWP] scan: edten cont proxy,QUEUED,SathyahX Sv,nio-a0-rtl-26ww41b
Partition Level,parscfioinf1e,stuckat_edt_edt_low_internal_serial_scan,[NWP] scan: edten stuckat proxy,QUEUED,SathyahX Sv,nio-a0-rtl-26ww41b
Partition Level,parscfioinf1w,atspeed_edt_edt_low_internal_serial_scan,[NWP] scan: edten atspeed proxy,QUEUED,SathyahX Sv,nio-a0-rtl-26ww41b
Partition Level,parscfioinf1w,scan_ctlr_stuckat_edt_bypass_low_internal_scandump,[NWP] scan: scandump,NOT_LAUNCHED,SathyahX Sv,nio-a0-rtl-26ww41b
Partition Level,parscfioinf1w,ssn_continuity,[NWP] SSN: continuity,QUEUED,SathyahX Sv,nio-a0-rtl-26ww41b
Partition Level,parscfioinf1w,stuckat_edt_bypass_low_internal_burnin_togcnt_cap_off,[NWP] scan: Burnin,QUEUED,SathyahX Sv,nio-a0-rtl-26ww41b
Partition Level,parscfioinf1w,stuckat_edt_bypass_low_internal_serial_chain,[NWP] scan: edtbyp cont proxy,QUEUED,SathyahX Sv,nio-a0-rtl-26ww41b
Partition Level,parscfioinf1w,stuckat_edt_bypass_low_internal_serial_scan,[NWP] scan: edtbyp stuckat proxy,QUEUED,SathyahX Sv,nio-a0-rtl-26ww41b
Partition Level,parscfioinf1w,stuckat_edt_edt_low_internal_loopback,[NWP] SSN: endpoint loopback,QUEUED,SathyahX Sv,nio-a0-rtl-26ww41b
Partition Level,parscfioinf1w,stuckat_edt_edt_low_internal_serial_chain,[NWP] scan: edten cont proxy,QUEUED,SathyahX Sv,nio-a0-rtl-26ww41b
Partition Level,parscfioinf1w,stuckat_edt_edt_low_internal_serial_scan,[NWP] scan: edten stuckat proxy,QUEUED,SathyahX Sv,nio-a0-rtl-26ww41b
Partition Level,parscfioinf2e,atspeed_edt_edt_low_internal_serial_scan,[NWP] scan: edten atspeed proxy,QUEUED,SathyahX Sv,nio-a0-rtl-26ww41b
Partition Level,parscfioinf2e,scan_ctlr_stuckat_edt_bypass_low_internal_scandump,[NWP] scan: scandump,NOT_LAUNCHED,SathyahX Sv,nio-a0-rtl-26ww41b
Partition Level,parscfioinf2e,ssn_continuity,[NWP] SSN: continuity,QUEUED,SathyahX Sv,nio-a0-rtl-26ww41b
Partition Level,parscfioinf2e,stuckat_edt_bypass_low_internal_burnin_togcnt_cap_off,[NWP] scan: Burnin,QUEUED,SathyahX Sv,nio-a0-rtl-26ww41b
Partition Level,parscfioinf2e,stuckat_edt_bypass_low_internal_serial_chain,[NWP] scan: edtbyp cont proxy,QUEUED,SathyahX Sv,nio-a0-rtl-26ww41b
Partition Level,parscfioinf2e,stuckat_edt_bypass_low_internal_serial_scan,[NWP] scan: edtbyp stuckat proxy,QUEUED,SathyahX Sv,nio-a0-rtl-26ww41b
Partition Level,parscfioinf2e,stuckat_edt_edt_low_internal_loopback,[NWP] SSN: endpoint loopback,QUEUED,SathyahX Sv,nio-a0-rtl-26ww41b
Partition Level,parscfioinf2e,stuckat_edt_edt_low_internal_serial_chain,[NWP] scan: edten cont proxy,QUEUED,SathyahX Sv,nio-a0-rtl-26ww41b
Partition Level,parscfioinf2e,stuckat_edt_edt_low_internal_serial_scan,[NWP] scan: edten stuckat proxy,QUEUED,SathyahX Sv,nio-a0-rtl-26ww41b
Partition Level,parscfioinf2w,atspeed_edt_edt_low_internal_serial_scan,[NWP] scan: edten atspeed proxy,QUEUED,SathyahX Sv,nio-a0-rtl-26ww41b
Partition Level,parscfioinf2w,scan_ctlr_stuckat_edt_bypass_low_internal_scandump,[NWP] scan: scandump,NOT_LAUNCHED,SathyahX Sv,nio-a0-rtl-26ww41b
Partition Level,parscfioinf2w,ssn_continuity,[NWP] SSN: continuity,QUEUED,SathyahX Sv,nio-a0-rtl-26ww41b
Partition Level,parscfioinf2w,stuckat_edt_bypass_low_internal_burnin_togcnt_cap_off,[NWP] scan: Burnin,QUEUED,SathyahX Sv,nio-a0-rtl-26ww41b
Partition Level,parscfioinf2w,stuckat_edt_bypass_low_internal_serial_chain,[NWP] scan: edtbyp cont proxy,QUEUED,SathyahX Sv,nio-a0-rtl-26ww41b
Partition Level,parscfioinf2w,stuckat_edt_bypass_low_internal_serial_scan,[NWP] scan: edtbyp stuckat proxy,QUEUED,SathyahX Sv,nio-a0-rtl-26ww41b
Partition Level,parscfioinf2w,stuckat_edt_edt_low_internal_loopback,[NWP] SSN: endpoint loopback,QUEUED,SathyahX Sv,nio-a0-rtl-26ww41b
Partition Level,parscfioinf2w,stuckat_edt_edt_low_internal_serial_chain,[NWP] scan: edten cont proxy,QUEUED,SathyahX Sv,nio-a0-rtl-26ww41b
Partition Level,parscfioinf2w,stuckat_edt_edt_low_internal_serial_scan,[NWP] scan: edten stuckat proxy,QUEUED,SathyahX Sv,nio-a0-rtl-26ww41b
Partition Level,parscfmemch0n,atspeed_edt_edt_low_internal_serial_scan,[NWP] scan: edten atspeed proxy,QUEUED,SathyahX Sv,nio-a0-rtl-26ww41b
Partition Level,parscfmemch0n,scan_ctlr_stuckat_edt_bypass_low_internal_scandump,[NWP] scan: scandump,NOT_LAUNCHED,SathyahX Sv,nio-a0-rtl-26ww41b
Partition Level,parscfmemch0n,ssn_continuity,[NWP] SSN: continuity,QUEUED,SathyahX Sv,nio-a0-rtl-26ww41b
Partition Level,parscfmemch0n,stuckat_edt_bypass_low_internal_burnin_togcnt_cap_off,[NWP] scan: Burnin,QUEUED,SathyahX Sv,nio-a0-rtl-26ww41b
Partition Level,parscfmemch0n,stuckat_edt_bypass_low_internal_serial_chain,[NWP] scan: edtbyp cont proxy,QUEUED,SathyahX Sv,nio-a0-rtl-26ww41b
Partition Level,parscfmemch0n,stuckat_edt_bypass_low_internal_serial_scan,[NWP] scan: edtbyp stuckat proxy,QUEUED,SathyahX Sv,nio-a0-rtl-26ww41b
Partition Level,parscfmemch0n,stuckat_edt_edt_low_internal_loopback,[NWP] SSN: endpoint loopback,QUEUED,SathyahX Sv,nio-a0-rtl-26ww41b
Partition Level,parscfmemch0n,stuckat_edt_edt_low_internal_serial_chain,[NWP] scan: edten cont proxy,QUEUED,SathyahX Sv,nio-a0-rtl-26ww41b
Partition Level,parscfmemch0n,stuckat_edt_edt_low_internal_serial_scan,[NWP] scan: edten stuckat proxy,QUEUED,SathyahX Sv,nio-a0-rtl-26ww41b
Partition Level,parscfmemch0s,atspeed_edt_edt_low_internal_serial_scan,[NWP] scan: edten atspeed proxy,QUEUED,SathyahX Sv,nio-a0-rtl-26ww41b
Partition Level,parscfmemch0s,scan_ctlr_stuckat_edt_bypass_low_internal_scandump,[NWP] scan: scandump,NOT_LAUNCHED,SathyahX Sv,nio-a0-rtl-26ww41b
Partition Level,parscfmemch0s,ssn_continuity,[NWP] SSN: continuity,QUEUED,SathyahX Sv,nio-a0-rtl-26ww41b
Partition Level,parscfmemch0s,stuckat_edt_bypass_low_internal_burnin_togcnt_cap_off,[NWP] scan: Burnin,QUEUED,SathyahX Sv,nio-a0-rtl-26ww41b
Partition Level,parscfmemch0s,stuckat_edt_bypass_low_internal_serial_chain,[NWP] scan: edtbyp cont proxy,QUEUED,SathyahX Sv,nio-a0-rtl-26ww41b
Partition Level,parscfmemch0s,stuckat_edt_bypass_low_internal_serial_scan,[NWP] scan: edtbyp stuckat proxy,QUEUED,SathyahX Sv,nio-a0-rtl-26ww41b
Partition Level,parscfmemch0s,stuckat_edt_edt_low_internal_loopback,[NWP] SSN: endpoint loopback,QUEUED,SathyahX Sv,nio-a0-rtl-26ww41b
Partition Level,parscfmemch0s,stuckat_edt_edt_low_internal_serial_chain,[NWP] scan: edten cont proxy,QUEUED,SathyahX Sv,nio-a0-rtl-26ww41b
Partition Level,parscfmemch0s,stuckat_edt_edt_low_internal_serial_scan,[NWP] scan: edten stuckat proxy,QUEUED,SathyahX Sv,nio-a0-rtl-26ww41b
Partition Level,parscfmemch1n,atspeed_edt_edt_low_internal_serial_scan,[NWP] scan: edten atspeed proxy,NOT_LAUNCHED,SathyahX Sv,nio-a0-rtl-26ww41b
Partition Level,parscfmemch1n,scan_ctlr_stuckat_edt_bypass_low_internal_scandump,[NWP] scan: scandump,NOT_LAUNCHED,SathyahX Sv,nio-a0-rtl-26ww41b
Partition Level,parscfmemch1n,ssn_continuity,[NWP] SSN: continuity,NOT_LAUNCHED,SathyahX Sv,nio-a0-rtl-26ww41b
Partition Level,parscfmemch1n,stuckat_edt_bypass_low_internal_burnin_togcnt_cap_off,[NWP] scan: Burnin,NOT_LAUNCHED,SathyahX Sv,nio-a0-rtl-26ww41b
Partition Level,parscfmemch1n,stuckat_edt_bypass_low_internal_serial_chain,[NWP] scan: edtbyp cont proxy,NOT_LAUNCHED,SathyahX Sv,nio-a0-rtl-26ww41b
Partition Level,parscfmemch1n,stuckat_edt_bypass_low_internal_serial_scan,[NWP] scan: edtbyp stuckat proxy,NOT_LAUNCHED,SathyahX Sv,nio-a0-rtl-26ww41b
Partition Level,parscfmemch1n,stuckat_edt_edt_low_internal_loopback,[NWP] SSN: endpoint loopback,NOT_LAUNCHED,SathyahX Sv,nio-a0-rtl-26ww41b
Partition Level,parscfmemch1n,stuckat_edt_edt_low_internal_serial_chain,[NWP] scan: edten cont proxy,NOT_LAUNCHED,SathyahX Sv,nio-a0-rtl-26ww41b
Partition Level,parscfmemch1n,stuckat_edt_edt_low_internal_serial_scan,[NWP] scan: edten stuckat proxy,NOT_LAUNCHED,SathyahX Sv,nio-a0-rtl-26ww41b
Partition Level,parscfmemch1s,atspeed_edt_edt_low_internal_serial_scan,[NWP] scan: edten atspeed proxy,NOT_LAUNCHED,SathyahX Sv,nio-a0-rtl-26ww41b
Partition Level,parscfmemch1s,scan_ctlr_stuckat_edt_bypass_low_internal_scandump,[NWP] scan: scandump,NOT_LAUNCHED,SathyahX Sv,nio-a0-rtl-26ww41b
Partition Level,parscfmemch1s,ssn_continuity,[NWP] SSN: continuity,NOT_LAUNCHED,SathyahX Sv,nio-a0-rtl-26ww41b
Partition Level,parscfmemch1s,stuckat_edt_bypass_low_internal_burnin_togcnt_cap_off,[NWP] scan: Burnin,NOT_LAUNCHED,SathyahX Sv,nio-a0-rtl-26ww41b
Partition Level,parscfmemch1s,stuckat_edt_bypass_low_internal_serial_chain,[NWP] scan: edtbyp cont proxy,NOT_LAUNCHED,SathyahX Sv,nio-a0-rtl-26ww41b
Partition Level,parscfmemch1s,stuckat_edt_bypass_low_internal_serial_scan,[NWP] scan: edtbyp stuckat proxy,NOT_LAUNCHED,SathyahX Sv,nio-a0-rtl-26ww41b
Partition Level,parscfmemch1s,stuckat_edt_edt_low_internal_loopback,[NWP] SSN: endpoint loopback,NOT_LAUNCHED,SathyahX Sv,nio-a0-rtl-26ww41b
Partition Level,parscfmemch1s,stuckat_edt_edt_low_internal_serial_chain,[NWP] scan: edten cont proxy,NOT_LAUNCHED,SathyahX Sv,nio-a0-rtl-26ww41b
Partition Level,parscfmemch1s,stuckat_edt_edt_low_internal_serial_scan,[NWP] scan: edten stuckat proxy,NOT_LAUNCHED,SathyahX Sv,nio-a0-rtl-26ww41b
Partition Level,parscfmemch2n,atspeed_edt_edt_low_internal_serial_scan,[NWP] scan: edten atspeed proxy,QUEUED,SathyahX Sv,nio-a0-rtl-26ww41b
Partition Level,parscfmemch2n,scan_ctlr_stuckat_edt_bypass_low_internal_scandump,[NWP] scan: scandump,NOT_LAUNCHED,SathyahX Sv,nio-a0-rtl-26ww41b
Partition Level,parscfmemch2n,ssn_continuity,[NWP] SSN: continuity,QUEUED,SathyahX Sv,nio-a0-rtl-26ww41b
Partition Level,parscfmemch2n,stuckat_edt_bypass_low_internal_burnin_togcnt_cap_off,[NWP] scan: Burnin,QUEUED,SathyahX Sv,nio-a0-rtl-26ww41b
Partition Level,parscfmemch2n,stuckat_edt_bypass_low_internal_serial_chain,[NWP] scan: edtbyp cont proxy,QUEUED,SathyahX Sv,nio-a0-rtl-26ww41b
Partition Level,parscfmemch2n,stuckat_edt_bypass_low_internal_serial_scan,[NWP] scan: edtbyp stuckat proxy,QUEUED,SathyahX Sv,nio-a0-rtl-26ww41b
Partition Level,parscfmemch2n,stuckat_edt_edt_low_internal_loopback,[NWP] SSN: endpoint loopback,QUEUED,SathyahX Sv,nio-a0-rtl-26ww41b
Partition Level,parscfmemch2n,stuckat_edt_edt_low_internal_serial_chain,[NWP] scan: edten cont proxy,QUEUED,SathyahX Sv,nio-a0-rtl-26ww41b
Partition Level,parscfmemch2n,stuckat_edt_edt_low_internal_serial_scan,[NWP] scan: edten stuckat proxy,QUEUED,SathyahX Sv,nio-a0-rtl-26ww41b
Partition Level,parscfmemch2s,atspeed_edt_edt_low_internal_serial_scan,[NWP] scan: edten atspeed proxy,QUEUED,SathyahX Sv,nio-a0-rtl-26ww41b
Partition Level,parscfmemch2s,scan_ctlr_stuckat_edt_bypass_low_internal_scandump,[NWP] scan: scandump,NOT_LAUNCHED,SathyahX Sv,nio-a0-rtl-26ww41b
Partition Level,parscfmemch2s,ssn_continuity,[NWP] SSN: continuity,QUEUED,SathyahX Sv,nio-a0-rtl-26ww41b
Partition Level,parscfmemch2s,stuckat_edt_bypass_low_internal_burnin_togcnt_cap_off,[NWP] scan: Burnin,PASS,SathyahX Sv,nio-a0-rtl-26ww41b
Partition Level,parscfmemch2s,stuckat_edt_bypass_low_internal_serial_chain,[NWP] scan: edtbyp cont proxy,QUEUED,SathyahX Sv,nio-a0-rtl-26ww41b
Partition Level,parscfmemch2s,stuckat_edt_bypass_low_internal_serial_scan,[NWP] scan: edtbyp stuckat proxy,QUEUED,SathyahX Sv,nio-a0-rtl-26ww41b
Partition Level,parscfmemch2s,stuckat_edt_edt_low_internal_loopback,[NWP] SSN: endpoint loopback,QUEUED,SathyahX Sv,nio-a0-rtl-26ww41b
Partition Level,parscfmemch2s,stuckat_edt_edt_low_internal_serial_chain,[NWP] scan: edten cont proxy,QUEUED,SathyahX Sv,nio-a0-rtl-26ww41b
Partition Level,parscfmemch2s,stuckat_edt_edt_low_internal_serial_scan,[NWP] scan: edten stuckat proxy,QUEUED,SathyahX Sv,nio-a0-rtl-26ww41b
Partition Level,parscfmemch3n,atspeed_edt_edt_low_internal_serial_scan,[NWP] scan: edten atspeed proxy,NOT_LAUNCHED,SathyahX Sv,nio-a0-rtl-26ww41b
Partition Level,parscfmemch3n,scan_ctlr_stuckat_edt_bypass_low_internal_scandump,[NWP] scan: scandump,NOT_LAUNCHED,SathyahX Sv,nio-a0-rtl-26ww41b
Partition Level,parscfmemch3n,ssn_continuity,[NWP] SSN: continuity,NOT_LAUNCHED,SathyahX Sv,nio-a0-rtl-26ww41b
Partition Level,parscfmemch3n,stuckat_edt_bypass_low_internal_burnin_togcnt_cap_off,[NWP] scan: Burnin,NOT_LAUNCHED,SathyahX Sv,nio-a0-rtl-26ww41b
Partition Level,parscfmemch3n,stuckat_edt_bypass_low_internal_serial_chain,[NWP] scan: edtbyp cont proxy,NOT_LAUNCHED,SathyahX Sv,nio-a0-rtl-26ww41b
Partition Level,parscfmemch3n,stuckat_edt_bypass_low_internal_serial_scan,[NWP] scan: edtbyp stuckat proxy,NOT_LAUNCHED,SathyahX Sv,nio-a0-rtl-26ww41b
Partition Level,parscfmemch3n,stuckat_edt_edt_low_internal_loopback,[NWP] SSN: endpoint loopback,NOT_LAUNCHED,SathyahX Sv,nio-a0-rtl-26ww41b
Partition Level,parscfmemch3n,stuckat_edt_edt_low_internal_serial_chain,[NWP] scan: edten cont proxy,NOT_LAUNCHED,SathyahX Sv,nio-a0-rtl-26ww41b
Partition Level,parscfmemch3n,stuckat_edt_edt_low_internal_serial_scan,[NWP] scan: edten stuckat proxy,NOT_LAUNCHED,SathyahX Sv,nio-a0-rtl-26ww41b
Partition Level,parscfmemch3s,atspeed_edt_edt_low_internal_serial_scan,[NWP] scan: edten atspeed proxy,NOT_LAUNCHED,SathyahX Sv,nio-a0-rtl-26ww41b
Partition Level,parscfmemch3s,scan_ctlr_stuckat_edt_bypass_low_internal_scandump,[NWP] scan: scandump,NOT_LAUNCHED,SathyahX Sv,nio-a0-rtl-26ww41b
Partition Level,parscfmemch3s,ssn_continuity,[NWP] SSN: continuity,NOT_LAUNCHED,SathyahX Sv,nio-a0-rtl-26ww41b
Partition Level,parscfmemch3s,stuckat_edt_bypass_low_internal_burnin_togcnt_cap_off,[NWP] scan: Burnin,NOT_LAUNCHED,SathyahX Sv,nio-a0-rtl-26ww41b
Partition Level,parscfmemch3s,stuckat_edt_bypass_low_internal_serial_chain,[NWP] scan: edtbyp cont proxy,NOT_LAUNCHED,SathyahX Sv,nio-a0-rtl-26ww41b
Partition Level,parscfmemch3s,stuckat_edt_bypass_low_internal_serial_scan,[NWP] scan: edtbyp stuckat proxy,NOT_LAUNCHED,SathyahX Sv,nio-a0-rtl-26ww41b
Partition Level,parscfmemch3s,stuckat_edt_edt_low_internal_loopback,[NWP] SSN: endpoint loopback,NOT_LAUNCHED,SathyahX Sv,nio-a0-rtl-26ww41b
Partition Level,parscfmemch3s,stuckat_edt_edt_low_internal_serial_chain,[NWP] scan: edten cont proxy,NOT_LAUNCHED,SathyahX Sv,nio-a0-rtl-26ww41b
Partition Level,parscfmemch3s,stuckat_edt_edt_low_internal_serial_scan,[NWP] scan: edten stuckat proxy,NOT_LAUNCHED,SathyahX Sv,nio-a0-rtl-26ww41b
Partition Level,parscfmemch4,atspeed_edt_edt_low_internal_serial_scan,[NWP] scan: edten atspeed proxy,NOT_LAUNCHED,SathyahX Sv,nio-a0-rtl-26ww41b
Partition Level,parscfmemch4,scan_ctlr_stuckat_edt_bypass_low_internal_scandump,[NWP] scan: scandump,NOT_LAUNCHED,SathyahX Sv,nio-a0-rtl-26ww41b
Partition Level,parscfmemch4,ssn_continuity,[NWP] SSN: continuity,NOT_LAUNCHED,SathyahX Sv,nio-a0-rtl-26ww41b
Partition Level,parscfmemch4,stuckat_edt_bypass_low_internal_burnin_togcnt_cap_off,[NWP] scan: Burnin,NOT_LAUNCHED,SathyahX Sv,nio-a0-rtl-26ww41b
Partition Level,parscfmemch4,stuckat_edt_bypass_low_internal_serial_chain,[NWP] scan: edtbyp cont proxy,NOT_LAUNCHED,SathyahX Sv,nio-a0-rtl-26ww41b
Partition Level,parscfmemch4,stuckat_edt_bypass_low_internal_serial_scan,[NWP] scan: edtbyp stuckat proxy,NOT_LAUNCHED,SathyahX Sv,nio-a0-rtl-26ww41b
Partition Level,parscfmemch4,stuckat_edt_edt_low_internal_loopback,[NWP] SSN: endpoint loopback,NOT_LAUNCHED,SathyahX Sv,nio-a0-rtl-26ww41b
Partition Level,parscfmemch4,stuckat_edt_edt_low_internal_serial_chain,[NWP] scan: edten cont proxy,NOT_LAUNCHED,SathyahX Sv,nio-a0-rtl-26ww41b
Partition Level,parscfmemch4,stuckat_edt_edt_low_internal_serial_scan,[NWP] scan: edten stuckat proxy,NOT_LAUNCHED,SathyahX Sv,nio-a0-rtl-26ww41b
Partition Level,parscfmemch5,atspeed_edt_edt_low_internal_serial_scan,[NWP] scan: edten atspeed proxy,NOT_LAUNCHED,SathyahX Sv,nio-a0-rtl-26ww41b
Partition Level,parscfmemch5,scan_ctlr_stuckat_edt_bypass_low_internal_scandump,[NWP] scan: scandump,NOT_LAUNCHED,SathyahX Sv,nio-a0-rtl-26ww41b
Partition Level,parscfmemch5,ssn_continuity,[NWP] SSN: continuity,NOT_LAUNCHED,SathyahX Sv,nio-a0-rtl-26ww41b
Partition Level,parscfmemch5,stuckat_edt_bypass_low_internal_burnin_togcnt_cap_off,[NWP] scan: Burnin,NOT_LAUNCHED,SathyahX Sv,nio-a0-rtl-26ww41b
Partition Level,parscfmemch5,stuckat_edt_bypass_low_internal_serial_chain,[NWP] scan: edtbyp cont proxy,NOT_LAUNCHED,SathyahX Sv,nio-a0-rtl-26ww41b
Partition Level,parscfmemch5,stuckat_edt_bypass_low_internal_serial_scan,[NWP] scan: edtbyp stuckat proxy,NOT_LAUNCHED,SathyahX Sv,nio-a0-rtl-26ww41b
Partition Level,parscfmemch5,stuckat_edt_edt_low_internal_loopback,[NWP] SSN: endpoint loopback,NOT_LAUNCHED,SathyahX Sv,nio-a0-rtl-26ww41b
Partition Level,parscfmemch5,stuckat_edt_edt_low_internal_serial_chain,[NWP] scan: edten cont proxy,NOT_LAUNCHED,SathyahX Sv,nio-a0-rtl-26ww41b
Partition Level,parscfmemch5,stuckat_edt_edt_low_internal_serial_scan,[NWP] scan: edten stuckat proxy,NOT_LAUNCHED,SathyahX Sv,nio-a0-rtl-26ww41b
Partition Level,parscfmeminf0e,atspeed_edt_edt_low_internal_serial_scan,[NWP] scan: edten atspeed proxy,QUEUED,SathyahX Sv,nio-a0-rtl-26ww41b
Partition Level,parscfmeminf0e,scan_ctlr_stuckat_edt_bypass_low_internal_scandump,[NWP] scan: scandump,NOT_LAUNCHED,SathyahX Sv,nio-a0-rtl-26ww41b
Partition Level,parscfmeminf0e,ssn_continuity,[NWP] SSN: continuity,QUEUED,SathyahX Sv,nio-a0-rtl-26ww41b
Partition Level,parscfmeminf0e,stuckat_edt_bypass_low_internal_burnin_togcnt_cap_off,[NWP] scan: Burnin,QUEUED,SathyahX Sv,nio-a0-rtl-26ww41b
Partition Level,parscfmeminf0e,stuckat_edt_bypass_low_internal_serial_chain,[NWP] scan: edtbyp cont proxy,QUEUED,SathyahX Sv,nio-a0-rtl-26ww41b
Partition Level,parscfmeminf0e,stuckat_edt_bypass_low_internal_serial_scan,[NWP] scan: edtbyp stuckat proxy,QUEUED,SathyahX Sv,nio-a0-rtl-26ww41b
Partition Level,parscfmeminf0e,stuckat_edt_edt_low_internal_loopback,[NWP] SSN: endpoint loopback,QUEUED,SathyahX Sv,nio-a0-rtl-26ww41b
Partition Level,parscfmeminf0e,stuckat_edt_edt_low_internal_serial_chain,[NWP] scan: edten cont proxy,QUEUED,SathyahX Sv,nio-a0-rtl-26ww41b
Partition Level,parscfmeminf0e,stuckat_edt_edt_low_internal_serial_scan,[NWP] scan: edten stuckat proxy,QUEUED,SathyahX Sv,nio-a0-rtl-26ww41b
Partition Level,parscfmeminf0w,atspeed_edt_edt_low_internal_serial_scan,[NWP] scan: edten atspeed proxy,QUEUED,SathyahX Sv,nio-a0-rtl-26ww41b
Partition Level,parscfmeminf0w,scan_ctlr_stuckat_edt_bypass_low_internal_scandump,[NWP] scan: scandump,NOT_LAUNCHED,SathyahX Sv,nio-a0-rtl-26ww41b
Partition Level,parscfmeminf0w,ssn_continuity,[NWP] SSN: continuity,NOT_LAUNCHED,SathyahX Sv,nio-a0-rtl-26ww41b
Partition Level,parscfmeminf0w,stuckat_edt_bypass_low_internal_burnin_togcnt_cap_off,[NWP] scan: Burnin,QUEUED,SathyahX Sv,nio-a0-rtl-26ww41b
Partition Level,parscfmeminf0w,stuckat_edt_bypass_low_internal_serial_chain,[NWP] scan: edtbyp cont proxy,QUEUED,SathyahX Sv,nio-a0-rtl-26ww41b
Partition Level,parscfmeminf0w,stuckat_edt_bypass_low_internal_serial_scan,[NWP] scan: edtbyp stuckat proxy,QUEUED,SathyahX Sv,nio-a0-rtl-26ww41b
Partition Level,parscfmeminf0w,stuckat_edt_edt_low_internal_loopback,[NWP] SSN: endpoint loopback,QUEUED,SathyahX Sv,nio-a0-rtl-26ww41b
Partition Level,parscfmeminf0w,stuckat_edt_edt_low_internal_serial_chain,[NWP] scan: edten cont proxy,QUEUED,SathyahX Sv,nio-a0-rtl-26ww41b
Partition Level,parscfmeminf0w,stuckat_edt_edt_low_internal_serial_scan,[NWP] scan: edten stuckat proxy,QUEUED,SathyahX Sv,nio-a0-rtl-26ww41b
Partition Level,parscfmeminf1e,atspeed_edt_edt_low_internal_serial_scan,[NWP] scan: edten atspeed proxy,QUEUED,SathyahX Sv,nio-a0-rtl-26ww41b
Partition Level,parscfmeminf1e,scan_ctlr_stuckat_edt_bypass_low_internal_scandump,[NWP] scan: scandump,NOT_LAUNCHED,SathyahX Sv,nio-a0-rtl-26ww41b
Partition Level,parscfmeminf1e,ssn_continuity,[NWP] SSN: continuity,QUEUED,SathyahX Sv,nio-a0-rtl-26ww41b
Partition Level,parscfmeminf1e,stuckat_edt_bypass_low_internal_burnin_togcnt_cap_off,[NWP] scan: Burnin,QUEUED,SathyahX Sv,nio-a0-rtl-26ww41b
Partition Level,parscfmeminf1e,stuckat_edt_bypass_low_internal_serial_chain,[NWP] scan: edtbyp cont proxy,QUEUED,SathyahX Sv,nio-a0-rtl-26ww41b
Partition Level,parscfmeminf1e,stuckat_edt_bypass_low_internal_serial_scan,[NWP] scan: edtbyp stuckat proxy,QUEUED,SathyahX Sv,nio-a0-rtl-26ww41b
Partition Level,parscfmeminf1e,stuckat_edt_edt_low_internal_loopback,[NWP] SSN: endpoint loopback,QUEUED,SathyahX Sv,nio-a0-rtl-26ww41b
Partition Level,parscfmeminf1e,stuckat_edt_edt_low_internal_serial_chain,[NWP] scan: edten cont proxy,QUEUED,SathyahX Sv,nio-a0-rtl-26ww41b
Partition Level,parscfmeminf1e,stuckat_edt_edt_low_internal_serial_scan,[NWP] scan: edten stuckat proxy,QUEUED,SathyahX Sv,nio-a0-rtl-26ww41b
Partition Level,parscfmeminf1w,atspeed_edt_edt_low_internal_serial_scan,[NWP] scan: edten atspeed proxy,QUEUED,SathyahX Sv,nio-a0-rtl-26ww41b
Partition Level,parscfmeminf1w,scan_ctlr_stuckat_edt_bypass_low_internal_scandump,[NWP] scan: scandump,NOT_LAUNCHED,SathyahX Sv,nio-a0-rtl-26ww41b
Partition Level,parscfmeminf1w,ssn_continuity,[NWP] SSN: continuity,NOT_LAUNCHED,SathyahX Sv,nio-a0-rtl-26ww41b
Partition Level,parscfmeminf1w,stuckat_edt_bypass_low_internal_burnin_togcnt_cap_off,[NWP] scan: Burnin,QUEUED,SathyahX Sv,nio-a0-rtl-26ww41b
Partition Level,parscfmeminf1w,stuckat_edt_bypass_low_internal_serial_chain,[NWP] scan: edtbyp cont proxy,QUEUED,SathyahX Sv,nio-a0-rtl-26ww41b
Partition Level,parscfmeminf1w,stuckat_edt_bypass_low_internal_serial_scan,[NWP] scan: edtbyp stuckat proxy,QUEUED,SathyahX Sv,nio-a0-rtl-26ww41b
Partition Level,parscfmeminf1w,stuckat_edt_edt_low_internal_loopback,[NWP] SSN: endpoint loopback,QUEUED,SathyahX Sv,nio-a0-rtl-26ww41b
Partition Level,parscfmeminf1w,stuckat_edt_edt_low_internal_serial_chain,[NWP] scan: edten cont proxy,QUEUED,SathyahX Sv,nio-a0-rtl-26ww41b
Partition Level,parscfmeminf1w,stuckat_edt_edt_low_internal_serial_scan,[NWP] scan: edten stuckat proxy,QUEUED,SathyahX Sv,nio-a0-rtl-26ww41b
Partition Level,parscfmeminf2e,atspeed_edt_edt_low_internal_serial_scan,[NWP] scan: edten atspeed proxy,QUEUED,SathyahX Sv,nio-a0-rtl-26ww41b
Partition Level,parscfmeminf2e,scan_ctlr_stuckat_edt_bypass_low_internal_scandump,[NWP] scan: scandump,NOT_LAUNCHED,SathyahX Sv,nio-a0-rtl-26ww41b
Partition Level,parscfmeminf2e,ssn_continuity,[NWP] SSN: continuity,NOT_LAUNCHED,SathyahX Sv,nio-a0-rtl-26ww41b
Partition Level,parscfmeminf2e,stuckat_edt_bypass_low_internal_burnin_togcnt_cap_off,[NWP] scan: Burnin,QUEUED,SathyahX Sv,nio-a0-rtl-26ww41b
Partition Level,parscfmeminf2e,stuckat_edt_bypass_low_internal_serial_chain,[NWP] scan: edtbyp cont proxy,QUEUED,SathyahX Sv,nio-a0-rtl-26ww41b
Partition Level,parscfmeminf2e,stuckat_edt_bypass_low_internal_serial_scan,[NWP] scan: edtbyp stuckat proxy,QUEUED,SathyahX Sv,nio-a0-rtl-26ww41b
Partition Level,parscfmeminf2e,stuckat_edt_edt_low_internal_loopback,[NWP] SSN: endpoint loopback,QUEUED,SathyahX Sv,nio-a0-rtl-26ww41b
Partition Level,parscfmeminf2e,stuckat_edt_edt_low_internal_serial_chain,[NWP] scan: edten cont proxy,QUEUED,SathyahX Sv,nio-a0-rtl-26ww41b
Partition Level,parscfmeminf2e,stuckat_edt_edt_low_internal_serial_scan,[NWP] scan: edten stuckat proxy,QUEUED,SathyahX Sv,nio-a0-rtl-26ww41b
Partition Level,parscfmeminf2w,atspeed_edt_edt_low_internal_serial_scan,[NWP] scan: edten atspeed proxy,QUEUED,SathyahX Sv,nio-a0-rtl-26ww41b
Partition Level,parscfmeminf2w,scan_ctlr_stuckat_edt_bypass_low_internal_scandump,[NWP] scan: scandump,NOT_LAUNCHED,SathyahX Sv,nio-a0-rtl-26ww41b
Partition Level,parscfmeminf2w,ssn_continuity,[NWP] SSN: continuity,NOT_LAUNCHED,SathyahX Sv,nio-a0-rtl-26ww41b
Partition Level,parscfmeminf2w,stuckat_edt_bypass_low_internal_burnin_togcnt_cap_off,[NWP] scan: Burnin,QUEUED,SathyahX Sv,nio-a0-rtl-26ww41b
Partition Level,parscfmeminf2w,stuckat_edt_bypass_low_internal_serial_chain,[NWP] scan: edtbyp cont proxy,QUEUED,SathyahX Sv,nio-a0-rtl-26ww41b
Partition Level,parscfmeminf2w,stuckat_edt_bypass_low_internal_serial_scan,[NWP] scan: edtbyp stuckat proxy,QUEUED,SathyahX Sv,nio-a0-rtl-26ww41b
Partition Level,parscfmeminf2w,stuckat_edt_edt_low_internal_loopback,[NWP] SSN: endpoint loopback,QUEUED,SathyahX Sv,nio-a0-rtl-26ww41b
Partition Level,parscfmeminf2w,stuckat_edt_edt_low_internal_serial_chain,[NWP] scan: edten cont proxy,QUEUED,SathyahX Sv,nio-a0-rtl-26ww41b
Partition Level,parscfmeminf2w,stuckat_edt_edt_low_internal_serial_scan,[NWP] scan: edten stuckat proxy,QUEUED,SathyahX Sv,nio-a0-rtl-26ww41b
Partition Level,parscfmeminf3e,atspeed_edt_edt_low_internal_serial_scan,[NWP] scan: edten atspeed proxy,QUEUED,SathyahX Sv,nio-a0-rtl-26ww41b
Partition Level,parscfmeminf3e,scan_ctlr_stuckat_edt_bypass_low_internal_scandump,[NWP] scan: scandump,NOT_LAUNCHED,SathyahX Sv,nio-a0-rtl-26ww41b
Partition Level,parscfmeminf3e,ssn_continuity,[NWP] SSN: continuity,QUEUED,SathyahX Sv,nio-a0-rtl-26ww41b
Partition Level,parscfmeminf3e,stuckat_edt_bypass_low_internal_burnin_togcnt_cap_off,[NWP] scan: Burnin,QUEUED,SathyahX Sv,nio-a0-rtl-26ww41b
Partition Level,parscfmeminf3e,stuckat_edt_bypass_low_internal_serial_chain,[NWP] scan: edtbyp cont proxy,QUEUED,SathyahX Sv,nio-a0-rtl-26ww41b
Partition Level,parscfmeminf3e,stuckat_edt_bypass_low_internal_serial_scan,[NWP] scan: edtbyp stuckat proxy,QUEUED,SathyahX Sv,nio-a0-rtl-26ww41b
Partition Level,parscfmeminf3e,stuckat_edt_edt_low_internal_loopback,[NWP] SSN: endpoint loopback,QUEUED,SathyahX Sv,nio-a0-rtl-26ww41b
Partition Level,parscfmeminf3e,stuckat_edt_edt_low_internal_serial_chain,[NWP] scan: edten cont proxy,QUEUED,SathyahX Sv,nio-a0-rtl-26ww41b
Partition Level,parscfmeminf3e,stuckat_edt_edt_low_internal_serial_scan,[NWP] scan: edten stuckat proxy,QUEUED,SathyahX Sv,nio-a0-rtl-26ww41b
Partition Level,parscfmeminf3w,atspeed_edt_edt_low_internal_serial_scan,[NWP] scan: edten atspeed proxy,QUEUED,SathyahX Sv,nio-a0-rtl-26ww41b
Partition Level,parscfmeminf3w,scan_ctlr_stuckat_edt_bypass_low_internal_scandump,[NWP] scan: scandump,NOT_LAUNCHED,SathyahX Sv,nio-a0-rtl-26ww41b
Partition Level,parscfmeminf3w,ssn_continuity,[NWP] SSN: continuity,QUEUED,SathyahX Sv,nio-a0-rtl-26ww41b
Partition Level,parscfmeminf3w,stuckat_edt_bypass_low_internal_burnin_togcnt_cap_off,[NWP] scan: Burnin,QUEUED,SathyahX Sv,nio-a0-rtl-26ww41b
Partition Level,parscfmeminf3w,stuckat_edt_bypass_low_internal_serial_chain,[NWP] scan: edtbyp cont proxy,QUEUED,SathyahX Sv,nio-a0-rtl-26ww41b
Partition Level,parscfmeminf3w,stuckat_edt_bypass_low_internal_serial_scan,[NWP] scan: edtbyp stuckat proxy,QUEUED,SathyahX Sv,nio-a0-rtl-26ww41b
Partition Level,parscfmeminf3w,stuckat_edt_edt_low_internal_loopback,[NWP] SSN: endpoint loopback,QUEUED,SathyahX Sv,nio-a0-rtl-26ww41b
Partition Level,parscfmeminf3w,stuckat_edt_edt_low_internal_serial_chain,[NWP] scan: edten cont proxy,QUEUED,SathyahX Sv,nio-a0-rtl-26ww41b
Partition Level,parscfmeminf3w,stuckat_edt_edt_low_internal_serial_scan,[NWP] scan: edten stuckat proxy,QUEUED,SathyahX Sv,nio-a0-rtl-26ww41b
Partition Level,parscfmeminffivr0e,atspeed_edt_edt_low_internal_serial_scan,[NWP] scan: edten atspeed proxy,QUEUED,SathyahX Sv,nio-a0-rtl-26ww41b
Partition Level,parscfmeminffivr0e,scan_ctlr_stuckat_edt_bypass_low_internal_scandump,[NWP] scan: scandump,NOT_LAUNCHED,SathyahX Sv,nio-a0-rtl-26ww41b
Partition Level,parscfmeminffivr0e,ssn_continuity,[NWP] SSN: continuity,QUEUED,SathyahX Sv,nio-a0-rtl-26ww41b
Partition Level,parscfmeminffivr0e,stuckat_edt_bypass_low_internal_burnin_togcnt_cap_off,[NWP] scan: Burnin,QUEUED,SathyahX Sv,nio-a0-rtl-26ww41b
Partition Level,parscfmeminffivr0e,stuckat_edt_bypass_low_internal_serial_chain,[NWP] scan: edtbyp cont proxy,QUEUED,SathyahX Sv,nio-a0-rtl-26ww41b
Partition Level,parscfmeminffivr0e,stuckat_edt_bypass_low_internal_serial_scan,[NWP] scan: edtbyp stuckat proxy,QUEUED,SathyahX Sv,nio-a0-rtl-26ww41b
Partition Level,parscfmeminffivr0e,stuckat_edt_edt_low_internal_loopback,[NWP] SSN: endpoint loopback,QUEUED,SathyahX Sv,nio-a0-rtl-26ww41b
Partition Level,parscfmeminffivr0e,stuckat_edt_edt_low_internal_serial_chain,[NWP] scan: edten cont proxy,QUEUED,SathyahX Sv,nio-a0-rtl-26ww41b
Partition Level,parscfmeminffivr0e,stuckat_edt_edt_low_internal_serial_scan,[NWP] scan: edten stuckat proxy,QUEUED,SathyahX Sv,nio-a0-rtl-26ww41b
Partition Level,parscfmeminffivr0w,atspeed_edt_edt_low_internal_serial_scan,[NWP] scan: edten atspeed proxy,QUEUED,SathyahX Sv,nio-a0-rtl-26ww41b
Partition Level,parscfmeminffivr0w,scan_ctlr_stuckat_edt_bypass_low_internal_scandump,[NWP] scan: scandump,NOT_LAUNCHED,SathyahX Sv,nio-a0-rtl-26ww41b
Partition Level,parscfmeminffivr0w,ssn_continuity,[NWP] SSN: continuity,QUEUED,SathyahX Sv,nio-a0-rtl-26ww41b
Partition Level,parscfmeminffivr0w,stuckat_edt_bypass_low_internal_burnin_togcnt_cap_off,[NWP] scan: Burnin,QUEUED,SathyahX Sv,nio-a0-rtl-26ww41b
Partition Level,parscfmeminffivr0w,stuckat_edt_bypass_low_internal_serial_chain,[NWP] scan: edtbyp cont proxy,QUEUED,SathyahX Sv,nio-a0-rtl-26ww41b
Partition Level,parscfmeminffivr0w,stuckat_edt_bypass_low_internal_serial_scan,[NWP] scan: edtbyp stuckat proxy,QUEUED,SathyahX Sv,nio-a0-rtl-26ww41b
Partition Level,parscfmeminffivr0w,stuckat_edt_edt_low_internal_loopback,[NWP] SSN: endpoint loopback,QUEUED,SathyahX Sv,nio-a0-rtl-26ww41b
Partition Level,parscfmeminffivr0w,stuckat_edt_edt_low_internal_serial_chain,[NWP] scan: edten cont proxy,QUEUED,SathyahX Sv,nio-a0-rtl-26ww41b
Partition Level,parscfmeminffivr0w,stuckat_edt_edt_low_internal_serial_scan,[NWP] scan: edten stuckat proxy,QUEUED,SathyahX Sv,nio-a0-rtl-26ww41b
Partition Level,parscfmeminffivr1e,atspeed_edt_edt_low_internal_serial_scan,[NWP] scan: edten atspeed proxy,QUEUED,SathyahX Sv,nio-a0-rtl-26ww41b
Partition Level,parscfmeminffivr1e,scan_ctlr_stuckat_edt_bypass_low_internal_scandump,[NWP] scan: scandump,NOT_LAUNCHED,SathyahX Sv,nio-a0-rtl-26ww41b
Partition Level,parscfmeminffivr1e,ssn_continuity,[NWP] SSN: continuity,QUEUED,SathyahX Sv,nio-a0-rtl-26ww41b
Partition Level,parscfmeminffivr1e,stuckat_edt_bypass_low_internal_burnin_togcnt_cap_off,[NWP] scan: Burnin,QUEUED,SathyahX Sv,nio-a0-rtl-26ww41b
Partition Level,parscfmeminffivr1e,stuckat_edt_bypass_low_internal_serial_chain,[NWP] scan: edtbyp cont proxy,QUEUED,SathyahX Sv,nio-a0-rtl-26ww41b
Partition Level,parscfmeminffivr1e,stuckat_edt_bypass_low_internal_serial_scan,[NWP] scan: edtbyp stuckat proxy,QUEUED,SathyahX Sv,nio-a0-rtl-26ww41b
Partition Level,parscfmeminffivr1e,stuckat_edt_edt_low_internal_loopback,[NWP] SSN: endpoint loopback,QUEUED,SathyahX Sv,nio-a0-rtl-26ww41b
Partition Level,parscfmeminffivr1e,stuckat_edt_edt_low_internal_serial_chain,[NWP] scan: edten cont proxy,QUEUED,SathyahX Sv,nio-a0-rtl-26ww41b
Partition Level,parscfmeminffivr1e,stuckat_edt_edt_low_internal_serial_scan,[NWP] scan: edten stuckat proxy,QUEUED,SathyahX Sv,nio-a0-rtl-26ww41b
Partition Level,parscfmeminffivr1w,atspeed_edt_edt_low_internal_serial_scan,[NWP] scan: edten atspeed proxy,QUEUED,SathyahX Sv,nio-a0-rtl-26ww41b
Partition Level,parscfmeminffivr1w,scan_ctlr_stuckat_edt_bypass_low_internal_scandump,[NWP] scan: scandump,NOT_LAUNCHED,SathyahX Sv,nio-a0-rtl-26ww41b
Partition Level,parscfmeminffivr1w,ssn_continuity,[NWP] SSN: continuity,NOT_LAUNCHED,SathyahX Sv,nio-a0-rtl-26ww41b
Partition Level,parscfmeminffivr1w,stuckat_edt_bypass_low_internal_burnin_togcnt_cap_off,[NWP] scan: Burnin,NOT_LAUNCHED,SathyahX Sv,nio-a0-rtl-26ww41b
Partition Level,parscfmeminffivr1w,stuckat_edt_bypass_low_internal_serial_chain,[NWP] scan: edtbyp cont proxy,QUEUED,SathyahX Sv,nio-a0-rtl-26ww41b
Partition Level,parscfmeminffivr1w,stuckat_edt_bypass_low_internal_serial_scan,[NWP] scan: edtbyp stuckat proxy,QUEUED,SathyahX Sv,nio-a0-rtl-26ww41b
Partition Level,parscfmeminffivr1w,stuckat_edt_edt_low_internal_loopback,[NWP] SSN: endpoint loopback,QUEUED,SathyahX Sv,nio-a0-rtl-26ww41b
Partition Level,parscfmeminffivr1w,stuckat_edt_edt_low_internal_serial_chain,[NWP] scan: edten cont proxy,QUEUED,SathyahX Sv,nio-a0-rtl-26ww41b
Partition Level,parscfmeminffivr1w,stuckat_edt_edt_low_internal_serial_scan,[NWP] scan: edten stuckat proxy,QUEUED,SathyahX Sv,nio-a0-rtl-26ww41b
Partition Level,parscfmeminffivr2e,atspeed_edt_edt_low_internal_serial_scan,[NWP] scan: edten atspeed proxy,QUEUED,SathyahX Sv,nio-a0-rtl-26ww41b
Partition Level,parscfmeminffivr2e,scan_ctlr_stuckat_edt_bypass_low_internal_scandump,[NWP] scan: scandump,NOT_LAUNCHED,SathyahX Sv,nio-a0-rtl-26ww41b
Partition Level,parscfmeminffivr2e,ssn_continuity,[NWP] SSN: continuity,QUEUED,SathyahX Sv,nio-a0-rtl-26ww41b
Partition Level,parscfmeminffivr2e,stuckat_edt_bypass_low_internal_burnin_togcnt_cap_off,[NWP] scan: Burnin,QUEUED,SathyahX Sv,nio-a0-rtl-26ww41b
Partition Level,parscfmeminffivr2e,stuckat_edt_bypass_low_internal_serial_chain,[NWP] scan: edtbyp cont proxy,QUEUED,SathyahX Sv,nio-a0-rtl-26ww41b
Partition Level,parscfmeminffivr2e,stuckat_edt_bypass_low_internal_serial_scan,[NWP] scan: edtbyp stuckat proxy,QUEUED,SathyahX Sv,nio-a0-rtl-26ww41b
Partition Level,parscfmeminffivr2e,stuckat_edt_edt_low_internal_loopback,[NWP] SSN: endpoint loopback,QUEUED,SathyahX Sv,nio-a0-rtl-26ww41b
Partition Level,parscfmeminffivr2e,stuckat_edt_edt_low_internal_serial_chain,[NWP] scan: edten cont proxy,QUEUED,SathyahX Sv,nio-a0-rtl-26ww41b
Partition Level,parscfmeminffivr2e,stuckat_edt_edt_low_internal_serial_scan,[NWP] scan: edten stuckat proxy,QUEUED,SathyahX Sv,nio-a0-rtl-26ww41b
Partition Level,parscfmeminffivr2w,atspeed_edt_edt_low_internal_serial_scan,[NWP] scan: edten atspeed proxy,QUEUED,SathyahX Sv,nio-a0-rtl-26ww41b
Partition Level,parscfmeminffivr2w,scan_ctlr_stuckat_edt_bypass_low_internal_scandump,[NWP] scan: scandump,NOT_LAUNCHED,SathyahX Sv,nio-a0-rtl-26ww41b
Partition Level,parscfmeminffivr2w,ssn_continuity,[NWP] SSN: continuity,QUEUED,SathyahX Sv,nio-a0-rtl-26ww41b
Partition Level,parscfmeminffivr2w,stuckat_edt_bypass_low_internal_burnin_togcnt_cap_off,[NWP] scan: Burnin,QUEUED,SathyahX Sv,nio-a0-rtl-26ww41b
Partition Level,parscfmeminffivr2w,stuckat_edt_bypass_low_internal_serial_chain,[NWP] scan: edtbyp cont proxy,QUEUED,SathyahX Sv,nio-a0-rtl-26ww41b
Partition Level,parscfmeminffivr2w,stuckat_edt_bypass_low_internal_serial_scan,[NWP] scan: edtbyp stuckat proxy,QUEUED,SathyahX Sv,nio-a0-rtl-26ww41b
Partition Level,parscfmeminffivr2w,stuckat_edt_edt_low_internal_loopback,[NWP] SSN: endpoint loopback,QUEUED,SathyahX Sv,nio-a0-rtl-26ww41b
Partition Level,parscfmeminffivr2w,stuckat_edt_edt_low_internal_serial_chain,[NWP] scan: edten cont proxy,QUEUED,SathyahX Sv,nio-a0-rtl-26ww41b
Partition Level,parscfmeminffivr2w,stuckat_edt_edt_low_internal_serial_scan,[NWP] scan: edten stuckat proxy,QUEUED,SathyahX Sv,nio-a0-rtl-26ww41b
Partition Level,parscfmemmisc,atspeed_edt_edt_low_internal_serial_scan,[NWP] scan: edten atspeed proxy,QUEUED,SathyahX Sv,nio-a0-rtl-26ww41b
Partition Level,parscfmemmisc,scan_ctlr_stuckat_edt_bypass_low_internal_scandump,[NWP] scan: scandump,PASS,SathyahX Sv,nio-a0-rtl-26ww41b
Partition Level,parscfmemmisc,ssn_continuity,[NWP] SSN: continuity,QUEUED,SathyahX Sv,nio-a0-rtl-26ww41b
Partition Level,parscfmemmisc,stuckat_edt_bypass_low_internal_burnin_togcnt_cap_off,[NWP] scan: Burnin,QUEUED,SathyahX Sv,nio-a0-rtl-26ww41b
Partition Level,parscfmemmisc,stuckat_edt_bypass_low_internal_serial_chain,[NWP] scan: edtbyp cont proxy,QUEUED,SathyahX Sv,nio-a0-rtl-26ww41b
Partition Level,parscfmemmisc,stuckat_edt_bypass_low_internal_serial_scan,[NWP] scan: edtbyp stuckat proxy,QUEUED,SathyahX Sv,nio-a0-rtl-26ww41b
Partition Level,parscfmemmisc,stuckat_edt_edt_low_internal_loopback,[NWP] SSN: endpoint loopback,QUEUED,SathyahX Sv,nio-a0-rtl-26ww41b
Partition Level,parscfmemmisc,stuckat_edt_edt_low_internal_serial_chain,[NWP] scan: edten cont proxy,QUEUED,SathyahX Sv,nio-a0-rtl-26ww41b
Partition Level,parscfmemmisc,stuckat_edt_edt_low_internal_serial_scan,[NWP] scan: edten stuckat proxy,QUEUED,SathyahX Sv,nio-a0-rtl-26ww41b
Partition Level,parscfmvf,atspeed_edt_edt_low_internal_serial_scan,[NWP] scan: edten atspeed proxy,QUEUED,SathyahX Sv,nio-a0-rtl-26ww41b
Partition Level,parscfmvf,scan_ctlr_stuckat_edt_bypass_low_internal_scandump,[NWP] scan: scandump,NOT_LAUNCHED,SathyahX Sv,nio-a0-rtl-26ww41b
Partition Level,parscfmvf,ssn_continuity,[NWP] SSN: continuity,QUEUED,SathyahX Sv,nio-a0-rtl-26ww41b
Partition Level,parscfmvf,stuckat_edt_bypass_low_internal_burnin_togcnt_cap_off,[NWP] scan: Burnin,QUEUED,SathyahX Sv,nio-a0-rtl-26ww41b
Partition Level,parscfmvf,stuckat_edt_bypass_low_internal_serial_chain,[NWP] scan: edtbyp cont proxy,QUEUED,SathyahX Sv,nio-a0-rtl-26ww41b
Partition Level,parscfmvf,stuckat_edt_bypass_low_internal_serial_scan,[NWP] scan: edtbyp stuckat proxy,QUEUED,SathyahX Sv,nio-a0-rtl-26ww41b
Partition Level,parscfmvf,stuckat_edt_edt_low_internal_loopback,[NWP] SSN: endpoint loopback,QUEUED,SathyahX Sv,nio-a0-rtl-26ww41b
Partition Level,parscfmvf,stuckat_edt_edt_low_internal_serial_chain,[NWP] scan: edten cont proxy,QUEUED,SathyahX Sv,nio-a0-rtl-26ww41b
Partition Level,parscfmvf,stuckat_edt_edt_low_internal_serial_scan,[NWP] scan: edten stuckat proxy,QUEUED,SathyahX Sv,nio-a0-rtl-26ww41b
Partition Level,parscfsasfrx2x,atspeed_edt_edt_low_internal_serial_scan,[NWP] scan: edten atspeed proxy,QUEUED,SathyahX Sv,nio-a0-rtl-26ww41b
Partition Level,parscfsasfrx2x,scan_ctlr_stuckat_edt_bypass_low_internal_scandump,[NWP] scan: scandump,NOT_LAUNCHED,SathyahX Sv,nio-a0-rtl-26ww41b
Partition Level,parscfsasfrx2x,ssn_continuity,[NWP] SSN: continuity,NOT_LAUNCHED,SathyahX Sv,nio-a0-rtl-26ww41b
Partition Level,parscfsasfrx2x,stuckat_edt_bypass_low_internal_burnin_togcnt_cap_off,[NWP] scan: Burnin,QUEUED,SathyahX Sv,nio-a0-rtl-26ww41b
Partition Level,parscfsasfrx2x,stuckat_edt_bypass_low_internal_serial_chain,[NWP] scan: edtbyp cont proxy,QUEUED,SathyahX Sv,nio-a0-rtl-26ww41b
Partition Level,parscfsasfrx2x,stuckat_edt_bypass_low_internal_serial_scan,[NWP] scan: edtbyp stuckat proxy,QUEUED,SathyahX Sv,nio-a0-rtl-26ww41b
Partition Level,parscfsasfrx2x,stuckat_edt_edt_low_internal_loopback,[NWP] SSN: endpoint loopback,NOT_LAUNCHED,SathyahX Sv,nio-a0-rtl-26ww41b
Partition Level,parscfsasfrx2x,stuckat_edt_edt_low_internal_serial_chain,[NWP] scan: edten cont proxy,QUEUED,SathyahX Sv,nio-a0-rtl-26ww41b
Partition Level,parscfsasfrx2x,stuckat_edt_edt_low_internal_serial_scan,[NWP] scan: edten stuckat proxy,QUEUED,SathyahX Sv,nio-a0-rtl-26ww41b
Partition Level,parscfscatopllcsf0,atspeed_edt_edt_low_internal_serial_scan,[NWP] scan: edten atspeed proxy,QUEUED,SathyahX Sv,nio-a0-rtl-26ww41b
Partition Level,parscfscatopllcsf0,scan_ctlr_stuckat_edt_bypass_low_internal_scandump,[NWP] scan: scandump,NOT_LAUNCHED,SathyahX Sv,nio-a0-rtl-26ww41b
Partition Level,parscfscatopllcsf0,ssn_continuity,[NWP] SSN: continuity,NOT_LAUNCHED,SathyahX Sv,nio-a0-rtl-26ww41b
Partition Level,parscfscatopllcsf0,stuckat_edt_bypass_low_internal_burnin_togcnt_cap_off,[NWP] scan: Burnin,NOT_LAUNCHED,SathyahX Sv,nio-a0-rtl-26ww41b
Partition Level,parscfscatopllcsf0,stuckat_edt_bypass_low_internal_serial_chain,[NWP] scan: edtbyp cont proxy,QUEUED,SathyahX Sv,nio-a0-rtl-26ww41b
Partition Level,parscfscatopllcsf0,stuckat_edt_bypass_low_internal_serial_scan,[NWP] scan: edtbyp stuckat proxy,QUEUED,SathyahX Sv,nio-a0-rtl-26ww41b
Partition Level,parscfscatopllcsf0,stuckat_edt_edt_low_internal_loopback,[NWP] SSN: endpoint loopback,QUEUED,SathyahX Sv,nio-a0-rtl-26ww41b
Partition Level,parscfscatopllcsf0,stuckat_edt_edt_low_internal_serial_chain,[NWP] scan: edten cont proxy,QUEUED,SathyahX Sv,nio-a0-rtl-26ww41b
Partition Level,parscfscatopllcsf0,stuckat_edt_edt_low_internal_serial_scan,[NWP] scan: edten stuckat proxy,QUEUED,SathyahX Sv,nio-a0-rtl-26ww41b
Partition Level,parscfscatopllcsf1,atspeed_edt_edt_low_internal_serial_scan,[NWP] scan: edten atspeed proxy,QUEUED,SathyahX Sv,nio-a0-rtl-26ww41b
Partition Level,parscfscatopllcsf1,scan_ctlr_stuckat_edt_bypass_low_internal_scandump,[NWP] scan: scandump,NOT_LAUNCHED,SathyahX Sv,nio-a0-rtl-26ww41b
Partition Level,parscfscatopllcsf1,ssn_continuity,[NWP] SSN: continuity,QUEUED,SathyahX Sv,nio-a0-rtl-26ww41b
Partition Level,parscfscatopllcsf1,stuckat_edt_bypass_low_internal_burnin_togcnt_cap_off,[NWP] scan: Burnin,FAIL,SathyahX Sv,nio-a0-rtl-26ww41b
Partition Level,parscfscatopllcsf1,stuckat_edt_bypass_low_internal_serial_chain,[NWP] scan: edtbyp cont proxy,QUEUED,SathyahX Sv,nio-a0-rtl-26ww41b
Partition Level,parscfscatopllcsf1,stuckat_edt_bypass_low_internal_serial_scan,[NWP] scan: edtbyp stuckat proxy,QUEUED,SathyahX Sv,nio-a0-rtl-26ww41b
Partition Level,parscfscatopllcsf1,stuckat_edt_edt_low_internal_loopback,[NWP] SSN: endpoint loopback,QUEUED,SathyahX Sv,nio-a0-rtl-26ww41b
Partition Level,parscfscatopllcsf1,stuckat_edt_edt_low_internal_serial_chain,[NWP] scan: edten cont proxy,QUEUED,SathyahX Sv,nio-a0-rtl-26ww41b
Partition Level,parscfscatopllcsf1,stuckat_edt_edt_low_internal_serial_scan,[NWP] scan: edten stuckat proxy,QUEUED,SathyahX Sv,nio-a0-rtl-26ww41b
Partition Level,parscftqcab,atspeed_edt_edt_low_internal_serial_scan,[NWP] scan: edten atspeed proxy,QUEUED,SathyahX Sv,nio-a0-rtl-26ww41b
Partition Level,parscftqcab,scan_ctlr_stuckat_edt_bypass_low_internal_scandump,[NWP] scan: scandump,NOT_LAUNCHED,SathyahX Sv,nio-a0-rtl-26ww41b
Partition Level,parscftqcab,ssn_continuity,[NWP] SSN: continuity,NOT_LAUNCHED,SathyahX Sv,nio-a0-rtl-26ww41b
Partition Level,parscftqcab,stuckat_edt_bypass_low_internal_burnin_togcnt_cap_off,[NWP] scan: Burnin,QUEUED,SathyahX Sv,nio-a0-rtl-26ww41b
Partition Level,parscftqcab,stuckat_edt_bypass_low_internal_serial_chain,[NWP] scan: edtbyp cont proxy,QUEUED,SathyahX Sv,nio-a0-rtl-26ww41b
Partition Level,parscftqcab,stuckat_edt_bypass_low_internal_serial_scan,[NWP] scan: edtbyp stuckat proxy,QUEUED,SathyahX Sv,nio-a0-rtl-26ww41b
Partition Level,parscftqcab,stuckat_edt_edt_low_internal_loopback,[NWP] SSN: endpoint loopback,NOT_LAUNCHED,SathyahX Sv,nio-a0-rtl-26ww41b
Partition Level,parscftqcab,stuckat_edt_edt_low_internal_serial_chain,[NWP] scan: edten cont proxy,QUEUED,SathyahX Sv,nio-a0-rtl-26ww41b
Partition Level,parscftqcab,stuckat_edt_edt_low_internal_serial_scan,[NWP] scan: edten stuckat proxy,QUEUED,SathyahX Sv,nio-a0-rtl-26ww41b
Partition Level,parscftqio,atspeed_edt_edt_low_internal_serial_scan,[NWP] scan: edten atspeed proxy,NOT_LAUNCHED,SathyahX Sv,nio-a0-rtl-26ww41b
Partition Level,parscftqio,scan_ctlr_stuckat_edt_bypass_low_internal_scandump,[NWP] scan: scandump,NOT_LAUNCHED,SathyahX Sv,nio-a0-rtl-26ww41b
Partition Level,parscftqio,ssn_continuity,[NWP] SSN: continuity,NOT_LAUNCHED,SathyahX Sv,nio-a0-rtl-26ww41b
Partition Level,parscftqio,stuckat_edt_bypass_low_internal_burnin_togcnt_cap_off,[NWP] scan: Burnin,NOT_LAUNCHED,SathyahX Sv,nio-a0-rtl-26ww41b
Partition Level,parscftqio,stuckat_edt_bypass_low_internal_serial_chain,[NWP] scan: edtbyp cont proxy,NOT_LAUNCHED,SathyahX Sv,nio-a0-rtl-26ww41b
Partition Level,parscftqio,stuckat_edt_bypass_low_internal_serial_scan,[NWP] scan: edtbyp stuckat proxy,NOT_LAUNCHED,SathyahX Sv,nio-a0-rtl-26ww41b
Partition Level,parscftqio,stuckat_edt_edt_low_internal_loopback,[NWP] SSN: endpoint loopback,NOT_LAUNCHED,SathyahX Sv,nio-a0-rtl-26ww41b
Partition Level,parscftqio,stuckat_edt_edt_low_internal_serial_chain,[NWP] scan: edten cont proxy,NOT_LAUNCHED,SathyahX Sv,nio-a0-rtl-26ww41b
Partition Level,parscftqio,stuckat_edt_edt_low_internal_serial_scan,[NWP] scan: edten stuckat proxy,NOT_LAUNCHED,SathyahX Sv,nio-a0-rtl-26ww41b
Partition Level,parscftqp2p,atspeed_edt_edt_low_internal_serial_scan,[NWP] scan: edten atspeed proxy,NOT_LAUNCHED,SathyahX Sv,nio-a0-rtl-26ww41b
Partition Level,parscftqp2p,scan_ctlr_stuckat_edt_bypass_low_internal_scandump,[NWP] scan: scandump,NOT_LAUNCHED,SathyahX Sv,nio-a0-rtl-26ww41b
Partition Level,parscftqp2p,ssn_continuity,[NWP] SSN: continuity,NOT_LAUNCHED,SathyahX Sv,nio-a0-rtl-26ww41b
Partition Level,parscftqp2p,stuckat_edt_bypass_low_internal_burnin_togcnt_cap_off,[NWP] scan: Burnin,NOT_LAUNCHED,SathyahX Sv,nio-a0-rtl-26ww41b
Partition Level,parscftqp2p,stuckat_edt_bypass_low_internal_serial_chain,[NWP] scan: edtbyp cont proxy,NOT_LAUNCHED,SathyahX Sv,nio-a0-rtl-26ww41b
Partition Level,parscftqp2p,stuckat_edt_bypass_low_internal_serial_scan,[NWP] scan: edtbyp stuckat proxy,NOT_LAUNCHED,SathyahX Sv,nio-a0-rtl-26ww41b
Partition Level,parscftqp2p,stuckat_edt_edt_low_internal_loopback,[NWP] SSN: endpoint loopback,NOT_LAUNCHED,SathyahX Sv,nio-a0-rtl-26ww41b
Partition Level,parscftqp2p,stuckat_edt_edt_low_internal_serial_chain,[NWP] scan: edten cont proxy,NOT_LAUNCHED,SathyahX Sv,nio-a0-rtl-26ww41b
Partition Level,parscftqp2p,stuckat_edt_edt_low_internal_serial_scan,[NWP] scan: edten stuckat proxy,NOT_LAUNCHED,SathyahX Sv,nio-a0-rtl-26ww41b
Partition Level,parscfubrd2d,atspeed_edt_edt_low_internal_serial_scan,[NWP] scan: edten atspeed proxy,QUEUED,SathyahX Sv,nio-a0-rtl-26ww41b
Partition Level,parscfubrd2d,scan_ctlr_stuckat_edt_bypass_low_internal_scandump,[NWP] scan: scandump,PASS,SathyahX Sv,nio-a0-rtl-26ww41b
Partition Level,parscfubrd2d,ssn_continuity,[NWP] SSN: continuity,QUEUED,SathyahX Sv,nio-a0-rtl-26ww41b
Partition Level,parscfubrd2d,stuckat_edt_bypass_low_internal_burnin_togcnt_cap_off,[NWP] scan: Burnin,QUEUED,SathyahX Sv,nio-a0-rtl-26ww41b
Partition Level,parscfubrd2d,stuckat_edt_bypass_low_internal_serial_chain,[NWP] scan: edtbyp cont proxy,QUEUED,SathyahX Sv,nio-a0-rtl-26ww41b
Partition Level,parscfubrd2d,stuckat_edt_bypass_low_internal_serial_scan,[NWP] scan: edtbyp stuckat proxy,QUEUED,SathyahX Sv,nio-a0-rtl-26ww41b
Partition Level,parscfubrd2d,stuckat_edt_edt_low_internal_loopback,[NWP] SSN: endpoint loopback,QUEUED,SathyahX Sv,nio-a0-rtl-26ww41b
Partition Level,parscfubrd2d,stuckat_edt_edt_low_internal_serial_chain,[NWP] scan: edten cont proxy,QUEUED,SathyahX Sv,nio-a0-rtl-26ww41b
Partition Level,parscfubrd2d,stuckat_edt_edt_low_internal_serial_scan,[NWP] scan: edten stuckat proxy,QUEUED,SathyahX Sv,nio-a0-rtl-26ww41b
Partition Level,parscfubrsca,atspeed_edt_edt_low_internal_serial_scan,[NWP] scan: edten atspeed proxy,QUEUED,SathyahX Sv,nio-a0-rtl-26ww41b
Partition Level,parscfubrsca,scan_ctlr_stuckat_edt_bypass_low_internal_scandump,[NWP] scan: scandump,NOT_LAUNCHED,SathyahX Sv,nio-a0-rtl-26ww41b
Partition Level,parscfubrsca,ssn_continuity,[NWP] SSN: continuity,QUEUED,SathyahX Sv,nio-a0-rtl-26ww41b
Partition Level,parscfubrsca,stuckat_edt_bypass_low_internal_burnin_togcnt_cap_off,[NWP] scan: Burnin,QUEUED,SathyahX Sv,nio-a0-rtl-26ww41b
Partition Level,parscfubrsca,stuckat_edt_bypass_low_internal_serial_chain,[NWP] scan: edtbyp cont proxy,QUEUED,SathyahX Sv,nio-a0-rtl-26ww41b
Partition Level,parscfubrsca,stuckat_edt_bypass_low_internal_serial_scan,[NWP] scan: edtbyp stuckat proxy,QUEUED,SathyahX Sv,nio-a0-rtl-26ww41b
Partition Level,parscfubrsca,stuckat_edt_edt_low_internal_loopback,[NWP] SSN: endpoint loopback,QUEUED,SathyahX Sv,nio-a0-rtl-26ww41b
Partition Level,parscfubrsca,stuckat_edt_edt_low_internal_serial_chain,[NWP] scan: edten cont proxy,QUEUED,SathyahX Sv,nio-a0-rtl-26ww41b
Partition Level,parscfubrsca,stuckat_edt_edt_low_internal_serial_scan,[NWP] scan: edten stuckat proxy,QUEUED,SathyahX Sv,nio-a0-rtl-26ww41b
Partition Level,parscfubruioadaktype1,atspeed_edt_edt_low_internal_serial_scan,[NWP] scan: edten atspeed proxy,QUEUED,SathyahX Sv,nio-a0-rtl-26ww41b
Partition Level,parscfubruioadaktype1,scan_ctlr_stuckat_edt_bypass_low_internal_scandump,[NWP] scan: scandump,PASS,SathyahX Sv,nio-a0-rtl-26ww41b
Partition Level,parscfubruioadaktype1,ssn_continuity,[NWP] SSN: continuity,QUEUED,SathyahX Sv,nio-a0-rtl-26ww41b
Partition Level,parscfubruioadaktype1,stuckat_edt_bypass_low_internal_burnin_togcnt_cap_off,[NWP] scan: Burnin,PASS,SathyahX Sv,nio-a0-rtl-26ww41b
Partition Level,parscfubruioadaktype1,stuckat_edt_bypass_low_internal_serial_chain,[NWP] scan: edtbyp cont proxy,QUEUED,SathyahX Sv,nio-a0-rtl-26ww41b
Partition Level,parscfubruioadaktype1,stuckat_edt_bypass_low_internal_serial_scan,[NWP] scan: edtbyp stuckat proxy,QUEUED,SathyahX Sv,nio-a0-rtl-26ww41b
Partition Level,parscfubruioadaktype1,stuckat_edt_edt_low_internal_loopback,[NWP] SSN: endpoint loopback,QUEUED,SathyahX Sv,nio-a0-rtl-26ww41b
Partition Level,parscfubruioadaktype1,stuckat_edt_edt_low_internal_serial_chain,[NWP] scan: edten cont proxy,QUEUED,SathyahX Sv,nio-a0-rtl-26ww41b
Partition Level,parscfubruioadaktype1,stuckat_edt_edt_low_internal_serial_scan,[NWP] scan: edten stuckat proxy,QUEUED,SathyahX Sv,nio-a0-rtl-26ww41b
Partition Level,parscfubruioadaktype2,atspeed_edt_edt_low_internal_serial_scan,[NWP] scan: edten atspeed proxy,QUEUED,SathyahX Sv,nio-a0-rtl-26ww41b
Partition Level,parscfubruioadaktype2,scan_ctlr_stuckat_edt_bypass_low_internal_scandump,[NWP] scan: scandump,NOT_LAUNCHED,SathyahX Sv,nio-a0-rtl-26ww41b
Partition Level,parscfubruioadaktype2,ssn_continuity,[NWP] SSN: continuity,QUEUED,SathyahX Sv,nio-a0-rtl-26ww41b
Partition Level,parscfubruioadaktype2,stuckat_edt_bypass_low_internal_burnin_togcnt_cap_off,[NWP] scan: Burnin,QUEUED,SathyahX Sv,nio-a0-rtl-26ww41b
Partition Level,parscfubruioadaktype2,stuckat_edt_bypass_low_internal_serial_chain,[NWP] scan: edtbyp cont proxy,QUEUED,SathyahX Sv,nio-a0-rtl-26ww41b
Partition Level,parscfubruioadaktype2,stuckat_edt_bypass_low_internal_serial_scan,[NWP] scan: edtbyp stuckat proxy,QUEUED,SathyahX Sv,nio-a0-rtl-26ww41b
Partition Level,parscfubruioadaktype2,stuckat_edt_edt_low_internal_loopback,[NWP] SSN: endpoint loopback,QUEUED,SathyahX Sv,nio-a0-rtl-26ww41b
Partition Level,parscfubruioadaktype2,stuckat_edt_edt_low_internal_serial_chain,[NWP] scan: edten cont proxy,QUEUED,SathyahX Sv,nio-a0-rtl-26ww41b
Partition Level,parscfubruioadaktype2,stuckat_edt_edt_low_internal_serial_scan,[NWP] scan: edten stuckat proxy,QUEUED,SathyahX Sv,nio-a0-rtl-26ww41b
Partition Level,parscfubruiodatatype1,atspeed_edt_edt_low_internal_serial_scan,[NWP] scan: edten atspeed proxy,QUEUED,SathyahX Sv,nio-a0-rtl-26ww41b
Partition Level,parscfubruiodatatype1,scan_ctlr_stuckat_edt_bypass_low_internal_scandump,[NWP] scan: scandump,NOT_LAUNCHED,SathyahX Sv,nio-a0-rtl-26ww41b
Partition Level,parscfubruiodatatype1,ssn_continuity,[NWP] SSN: continuity,QUEUED,SathyahX Sv,nio-a0-rtl-26ww41b
Partition Level,parscfubruiodatatype1,stuckat_edt_bypass_low_internal_burnin_togcnt_cap_off,[NWP] scan: Burnin,PASS,SathyahX Sv,nio-a0-rtl-26ww41b
Partition Level,parscfubruiodatatype1,stuckat_edt_bypass_low_internal_serial_chain,[NWP] scan: edtbyp cont proxy,QUEUED,SathyahX Sv,nio-a0-rtl-26ww41b
Partition Level,parscfubruiodatatype1,stuckat_edt_bypass_low_internal_serial_scan,[NWP] scan: edtbyp stuckat proxy,QUEUED,SathyahX Sv,nio-a0-rtl-26ww41b
Partition Level,parscfubruiodatatype1,stuckat_edt_edt_low_internal_loopback,[NWP] SSN: endpoint loopback,QUEUED,SathyahX Sv,nio-a0-rtl-26ww41b
Partition Level,parscfubruiodatatype1,stuckat_edt_edt_low_internal_serial_chain,[NWP] scan: edten cont proxy,QUEUED,SathyahX Sv,nio-a0-rtl-26ww41b
Partition Level,parscfubruiodatatype1,stuckat_edt_edt_low_internal_serial_scan,[NWP] scan: edten stuckat proxy,QUEUED,SathyahX Sv,nio-a0-rtl-26ww41b
Partition Level,parscfubruiodatatype2,atspeed_edt_edt_low_internal_serial_scan,[NWP] scan: edten atspeed proxy,QUEUED,SathyahX Sv,nio-a0-rtl-26ww41b
Partition Level,parscfubruiodatatype2,scan_ctlr_stuckat_edt_bypass_low_internal_scandump,[NWP] scan: scandump,NOT_LAUNCHED,SathyahX Sv,nio-a0-rtl-26ww41b
Partition Level,parscfubruiodatatype2,ssn_continuity,[NWP] SSN: continuity,QUEUED,SathyahX Sv,nio-a0-rtl-26ww41b
Partition Level,parscfubruiodatatype2,stuckat_edt_bypass_low_internal_burnin_togcnt_cap_off,[NWP] scan: Burnin,QUEUED,SathyahX Sv,nio-a0-rtl-26ww41b
Partition Level,parscfubruiodatatype2,stuckat_edt_bypass_low_internal_serial_chain,[NWP] scan: edtbyp cont proxy,QUEUED,SathyahX Sv,nio-a0-rtl-26ww41b
Partition Level,parscfubruiodatatype2,stuckat_edt_bypass_low_internal_serial_scan,[NWP] scan: edtbyp stuckat proxy,QUEUED,SathyahX Sv,nio-a0-rtl-26ww41b
Partition Level,parscfubruiodatatype2,stuckat_edt_edt_low_internal_loopback,[NWP] SSN: endpoint loopback,QUEUED,SathyahX Sv,nio-a0-rtl-26ww41b
Partition Level,parscfubruiodatatype2,stuckat_edt_edt_low_internal_serial_chain,[NWP] scan: edten cont proxy,QUEUED,SathyahX Sv,nio-a0-rtl-26ww41b
Partition Level,parscfubruiodatatype2,stuckat_edt_edt_low_internal_serial_scan,[NWP] scan: edten stuckat proxy,QUEUED,SathyahX Sv,nio-a0-rtl-26ww41b
Partition Level,parseinf0,atspeed_edt_edt_low_internal_serial_scan,[NWP] scan: edten atspeed proxy,QUEUED,Mauricio Segura,nio-a0-rtl-26ww41b
Partition Level,parseinf0,scan_ctlr_stuckat_edt_bypass_low_internal_scandump,[NWP] scan: scandump,NOT_LAUNCHED,Mauricio Segura,nio-a0-rtl-26ww41b
Partition Level,parseinf0,ssn_continuity,[NWP] SSN: continuity,QUEUED,Mauricio Segura,nio-a0-rtl-26ww41b
Partition Level,parseinf0,stuckat_edt_bypass_low_internal_burnin_togcnt_cap_off,[NWP] scan: Burnin,QUEUED,Mauricio Segura,nio-a0-rtl-26ww41b
Partition Level,parseinf0,stuckat_edt_bypass_low_internal_serial_chain,[NWP] scan: edtbyp cont proxy,QUEUED,Mauricio Segura,nio-a0-rtl-26ww41b
Partition Level,parseinf0,stuckat_edt_bypass_low_internal_serial_scan,[NWP] scan: edtbyp stuckat proxy,QUEUED,Mauricio Segura,nio-a0-rtl-26ww41b
Partition Level,parseinf0,stuckat_edt_edt_low_internal_loopback,[NWP] SSN: endpoint loopback,QUEUED,Mauricio Segura,nio-a0-rtl-26ww41b
Partition Level,parseinf0,stuckat_edt_edt_low_internal_serial_chain,[NWP] scan: edten cont proxy,QUEUED,Mauricio Segura,nio-a0-rtl-26ww41b
Partition Level,parseinf0,stuckat_edt_edt_low_internal_serial_scan,[NWP] scan: edten stuckat proxy,QUEUED,Mauricio Segura,nio-a0-rtl-26ww41b
Partition Level,parseinf1,atspeed_edt_edt_low_internal_serial_scan,[NWP] scan: edten atspeed proxy,QUEUED,Emmanuel Araya,nio-a0-rtl-26ww41b
Partition Level,parseinf1,scan_ctlr_stuckat_edt_bypass_low_internal_scandump,[NWP] scan: scandump,NOT_LAUNCHED,Emmanuel Araya,nio-a0-rtl-26ww41b
Partition Level,parseinf1,ssn_continuity,[NWP] SSN: continuity,QUEUED,Emmanuel Araya,nio-a0-rtl-26ww41b
Partition Level,parseinf1,stuckat_edt_bypass_low_internal_burnin_togcnt_cap_off,[NWP] scan: Burnin,QUEUED,Emmanuel Araya,nio-a0-rtl-26ww41b
Partition Level,parseinf1,stuckat_edt_bypass_low_internal_serial_chain,[NWP] scan: edtbyp cont proxy,QUEUED,Emmanuel Araya,nio-a0-rtl-26ww41b
Partition Level,parseinf1,stuckat_edt_bypass_low_internal_serial_scan,[NWP] scan: edtbyp stuckat proxy,QUEUED,Emmanuel Araya,nio-a0-rtl-26ww41b
Partition Level,parseinf1,stuckat_edt_edt_low_internal_loopback,[NWP] SSN: endpoint loopback,QUEUED,Emmanuel Araya,nio-a0-rtl-26ww41b
Partition Level,parseinf1,stuckat_edt_edt_low_internal_serial_chain,[NWP] scan: edten cont proxy,QUEUED,Emmanuel Araya,nio-a0-rtl-26ww41b
Partition Level,parseinf1,stuckat_edt_edt_low_internal_serial_scan,[NWP] scan: edten stuckat proxy,QUEUED,Emmanuel Araya,nio-a0-rtl-26ww41b
Partition Level,parseinf2,atspeed_edt_edt_low_internal_serial_scan,[NWP] scan: edten atspeed proxy,QUEUED,Emmanuel Araya,nio-a0-rtl-26ww41b
Partition Level,parseinf2,scan_ctlr_stuckat_edt_bypass_low_internal_scandump,[NWP] scan: scandump,NOT_LAUNCHED,Emmanuel Araya,nio-a0-rtl-26ww41b
Partition Level,parseinf2,ssn_continuity,[NWP] SSN: continuity,NOT_LAUNCHED,Emmanuel Araya,nio-a0-rtl-26ww41b
Partition Level,parseinf2,stuckat_edt_bypass_low_internal_burnin_togcnt_cap_off,[NWP] scan: Burnin,QUEUED,Emmanuel Araya,nio-a0-rtl-26ww41b
Partition Level,parseinf2,stuckat_edt_bypass_low_internal_serial_chain,[NWP] scan: edtbyp cont proxy,QUEUED,Emmanuel Araya,nio-a0-rtl-26ww41b
Partition Level,parseinf2,stuckat_edt_bypass_low_internal_serial_scan,[NWP] scan: edtbyp stuckat proxy,QUEUED,Emmanuel Araya,nio-a0-rtl-26ww41b
Partition Level,parseinf2,stuckat_edt_edt_low_internal_loopback,[NWP] SSN: endpoint loopback,QUEUED,Emmanuel Araya,nio-a0-rtl-26ww41b
Partition Level,parseinf2,stuckat_edt_edt_low_internal_serial_chain,[NWP] scan: edten cont proxy,QUEUED,Emmanuel Araya,nio-a0-rtl-26ww41b
Partition Level,parseinf2,stuckat_edt_edt_low_internal_serial_scan,[NWP] scan: edten stuckat proxy,QUEUED,Emmanuel Araya,nio-a0-rtl-26ww41b
Partition Level,parsocmiofivrmisc,atspeed_edt_edt_low_internal_serial_scan,[NWP] scan: edten atspeed proxy,QUEUED,Mario Alpizar,nio-a0-rtl-26ww41b
Partition Level,parsocmiofivrmisc,scan_ctlr_stuckat_edt_bypass_low_internal_scandump,[NWP] scan: scandump,NOT_LAUNCHED,Mario Alpizar,nio-a0-rtl-26ww41b
Partition Level,parsocmiofivrmisc,ssn_continuity,[NWP] SSN: continuity,NOT_LAUNCHED,Mario Alpizar,nio-a0-rtl-26ww41b
Partition Level,parsocmiofivrmisc,stuckat_edt_bypass_low_internal_burnin_togcnt_cap_off,[NWP] scan: Burnin,NOT_LAUNCHED,Mario Alpizar,nio-a0-rtl-26ww41b
Partition Level,parsocmiofivrmisc,stuckat_edt_bypass_low_internal_serial_chain,[NWP] scan: edtbyp cont proxy,QUEUED,Mario Alpizar,nio-a0-rtl-26ww41b
Partition Level,parsocmiofivrmisc,stuckat_edt_bypass_low_internal_serial_scan,[NWP] scan: edtbyp stuckat proxy,QUEUED,Mario Alpizar,nio-a0-rtl-26ww41b
Partition Level,parsocmiofivrmisc,stuckat_edt_edt_low_internal_loopback,[NWP] SSN: endpoint loopback,QUEUED,Mario Alpizar,nio-a0-rtl-26ww41b
Partition Level,parsocmiofivrmisc,stuckat_edt_edt_low_internal_serial_chain,[NWP] scan: edten cont proxy,QUEUED,Mario Alpizar,nio-a0-rtl-26ww41b
Partition Level,parsocmiofivrmisc,stuckat_edt_edt_low_internal_serial_scan,[NWP] scan: edten stuckat proxy,QUEUED,Mario Alpizar,nio-a0-rtl-26ww41b
Partition Level,parsocmiofivrmisc_e,atspeed_edt_edt_low_internal_serial_scan,[NWP] scan: edten atspeed proxy,QUEUED,Mario Alpizar,nio-a0-rtl-26ww41b
Partition Level,parsocmiofivrmisc_e,scan_ctlr_stuckat_edt_bypass_low_internal_scandump,[NWP] scan: scandump,NOT_LAUNCHED,Mario Alpizar,nio-a0-rtl-26ww41b
Partition Level,parsocmiofivrmisc_e,ssn_continuity,[NWP] SSN: continuity,NOT_LAUNCHED,Mario Alpizar,nio-a0-rtl-26ww41b
Partition Level,parsocmiofivrmisc_e,stuckat_edt_bypass_low_internal_burnin_togcnt_cap_off,[NWP] scan: Burnin,NOT_LAUNCHED,Mario Alpizar,nio-a0-rtl-26ww41b
Partition Level,parsocmiofivrmisc_e,stuckat_edt_bypass_low_internal_serial_chain,[NWP] scan: edtbyp cont proxy,QUEUED,Mario Alpizar,nio-a0-rtl-26ww41b
Partition Level,parsocmiofivrmisc_e,stuckat_edt_bypass_low_internal_serial_scan,[NWP] scan: edtbyp stuckat proxy,QUEUED,Mario Alpizar,nio-a0-rtl-26ww41b
Partition Level,parsocmiofivrmisc_e,stuckat_edt_edt_low_internal_loopback,[NWP] SSN: endpoint loopback,QUEUED,Mario Alpizar,nio-a0-rtl-26ww41b
Partition Level,parsocmiofivrmisc_e,stuckat_edt_edt_low_internal_serial_chain,[NWP] scan: edten cont proxy,QUEUED,Mario Alpizar,nio-a0-rtl-26ww41b
Partition Level,parsocmiofivrmisc_e,stuckat_edt_edt_low_internal_serial_scan,[NWP] scan: edten stuckat proxy,QUEUED,Mario Alpizar,nio-a0-rtl-26ww41b
Partition Level,parsocrasip,atspeed_edt_edt_low_internal_serial_scan,[NWP] scan: edten atspeed proxy,QUEUED,Mauricio Segura,nio-a0-rtl-26ww41b
Partition Level,parsocrasip,scan_ctlr_stuckat_edt_bypass_low_internal_scandump,[NWP] scan: scandump,NOT_LAUNCHED,Mauricio Segura,nio-a0-rtl-26ww41b
Partition Level,parsocrasip,ssn_continuity,[NWP] SSN: continuity,QUEUED,Mauricio Segura,nio-a0-rtl-26ww41b
Partition Level,parsocrasip,stuckat_edt_bypass_low_internal_burnin_togcnt_cap_off,[NWP] scan: Burnin,PASS,Mauricio Segura,nio-a0-rtl-26ww41b
Partition Level,parsocrasip,stuckat_edt_bypass_low_internal_serial_chain,[NWP] scan: edtbyp cont proxy,QUEUED,Mauricio Segura,nio-a0-rtl-26ww41b
Partition Level,parsocrasip,stuckat_edt_bypass_low_internal_serial_scan,[NWP] scan: edtbyp stuckat proxy,QUEUED,Mauricio Segura,nio-a0-rtl-26ww41b
Partition Level,parsocrasip,stuckat_edt_edt_low_internal_loopback,[NWP] SSN: endpoint loopback,QUEUED,Mauricio Segura,nio-a0-rtl-26ww41b
Partition Level,parsocrasip,stuckat_edt_edt_low_internal_serial_chain,[NWP] scan: edten cont proxy,QUEUED,Mauricio Segura,nio-a0-rtl-26ww41b
Partition Level,parsocrasip,stuckat_edt_edt_low_internal_serial_scan,[NWP] scan: edten stuckat proxy,QUEUED,Mauricio Segura,nio-a0-rtl-26ww41b
Partition Level,parswinf0,atspeed_edt_edt_low_internal_serial_scan,[NWP] scan: edten atspeed proxy,QUEUED,Mauricio Segura,nio-a0-rtl-26ww41b
Partition Level,parswinf0,scan_ctlr_stuckat_edt_bypass_low_internal_scandump,[NWP] scan: scandump,NOT_LAUNCHED,Emmanuel Araya,nio-a0-rtl-26ww41b
Partition Level,parswinf0,ssn_continuity,[NWP] SSN: continuity,QUEUED,Emmanuel Araya,nio-a0-rtl-26ww41b
Partition Level,parswinf0,stuckat_edt_bypass_low_internal_burnin_togcnt_cap_off,[NWP] scan: Burnin,QUEUED,Emmanuel Araya,nio-a0-rtl-26ww41b
Partition Level,parswinf0,stuckat_edt_bypass_low_internal_serial_chain,[NWP] scan: edtbyp cont proxy,QUEUED,Emmanuel Araya,nio-a0-rtl-26ww41b
Partition Level,parswinf0,stuckat_edt_bypass_low_internal_serial_scan,[NWP] scan: edtbyp stuckat proxy,QUEUED,Emmanuel Araya,nio-a0-rtl-26ww41b
Partition Level,parswinf0,stuckat_edt_edt_low_internal_loopback,[NWP] SSN: endpoint loopback,QUEUED,Emmanuel Araya,nio-a0-rtl-26ww41b
Partition Level,parswinf0,stuckat_edt_edt_low_internal_serial_chain,[NWP] scan: edten cont proxy,QUEUED,Emmanuel Araya,nio-a0-rtl-26ww41b
Partition Level,parswinf0,stuckat_edt_edt_low_internal_serial_scan,[NWP] scan: edten stuckat proxy,QUEUED,Emmanuel Araya,nio-a0-rtl-26ww41b
Partition Level,parswinf1,atspeed_edt_edt_low_internal_serial_scan,[NWP] scan: edten atspeed proxy,QUEUED,Emmanuel Araya,nio-a0-rtl-26ww41b
Partition Level,parswinf1,scan_ctlr_stuckat_edt_bypass_low_internal_scandump,[NWP] scan: scandump,NOT_LAUNCHED,Emmanuel Araya,nio-a0-rtl-26ww41b
Partition Level,parswinf1,ssn_continuity,[NWP] SSN: continuity,QUEUED,Emmanuel Araya,nio-a0-rtl-26ww41b
Partition Level,parswinf1,stuckat_edt_bypass_low_internal_burnin_togcnt_cap_off,[NWP] scan: Burnin,PASS,Emmanuel Araya,nio-a0-rtl-26ww41b
Partition Level,parswinf1,stuckat_edt_bypass_low_internal_serial_chain,[NWP] scan: edtbyp cont proxy,QUEUED,Emmanuel Araya,nio-a0-rtl-26ww41b
Partition Level,parswinf1,stuckat_edt_bypass_low_internal_serial_scan,[NWP] scan: edtbyp stuckat proxy,QUEUED,Emmanuel Araya,nio-a0-rtl-26ww41b
Partition Level,parswinf1,stuckat_edt_edt_low_internal_loopback,[NWP] SSN: endpoint loopback,QUEUED,Emmanuel Araya,nio-a0-rtl-26ww41b
Partition Level,parswinf1,stuckat_edt_edt_low_internal_serial_chain,[NWP] scan: edten cont proxy,QUEUED,Emmanuel Araya,nio-a0-rtl-26ww41b
Partition Level,parswinf1,stuckat_edt_edt_low_internal_serial_scan,[NWP] scan: edten stuckat proxy,QUEUED,Emmanuel Araya,nio-a0-rtl-26ww41b
Partition Level,parswinf2,atspeed_edt_edt_low_internal_serial_scan,[NWP] scan: edten atspeed proxy,QUEUED,Mario Alpizar,nio-a0-rtl-26ww41b
Partition Level,parswinf2,ssn_continuity,[NWP] SSN: continuity,QUEUED,Mario Alpizar,nio-a0-rtl-26ww41b
Partition Level,parswinf2,stuckat_edt_bypass_low_internal_burnin_togcnt_cap_off,[NWP] scan: Burnin,QUEUED,Mario Alpizar,nio-a0-rtl-26ww41b
Partition Level,parswinf2,stuckat_edt_bypass_low_internal_scandump,[NWP] scan: scandump,PASS,Mario Alpizar,nio-a0-rtl-26ww41b
Partition Level,parswinf2,stuckat_edt_bypass_low_internal_serial_chain,[NWP] scan: edtbyp cont proxy,QUEUED,Mario Alpizar,nio-a0-rtl-26ww41b
Partition Level,parswinf2,stuckat_edt_bypass_low_internal_serial_scan,[NWP] scan: edtbyp stuckat proxy,QUEUED,Mario Alpizar,nio-a0-rtl-26ww41b
Partition Level,parswinf2,stuckat_edt_edt_low_internal_loopback,[NWP] SSN: endpoint loopback,QUEUED,Mario Alpizar,nio-a0-rtl-26ww41b
Partition Level,parswinf2,stuckat_edt_edt_low_internal_serial_chain,[NWP] scan: edten cont proxy,QUEUED,Mario Alpizar,nio-a0-rtl-26ww41b
Partition Level,parswinf2,stuckat_edt_edt_low_internal_serial_scan,[NWP] scan: edten stuckat proxy,QUEUED,Mario Alpizar,nio-a0-rtl-26ww41b
Partition Level,paruboxspk,atspeed_edt_edt_low_internal_serial_scan,[NWP] scan: edten atspeed proxy,QUEUED,SathyahX Sv,nio-a0-rtl-26ww41b
Partition Level,paruboxspk,scan_ctlr_stuckat_edt_bypass_low_internal_scandump,[NWP] scan: scandump,NOT_LAUNCHED,SathyahX Sv,nio-a0-rtl-26ww41b
Partition Level,paruboxspk,ssn_continuity,[NWP] SSN: continuity,QUEUED,SathyahX Sv,nio-a0-rtl-26ww41b
Partition Level,paruboxspk,stuckat_edt_bypass_low_internal_burnin_togcnt_cap_off,[NWP] scan: Burnin,QUEUED,SathyahX Sv,nio-a0-rtl-26ww41b
Partition Level,paruboxspk,stuckat_edt_bypass_low_internal_serial_chain,[NWP] scan: edtbyp cont proxy,QUEUED,SathyahX Sv,nio-a0-rtl-26ww41b
Partition Level,paruboxspk,stuckat_edt_bypass_low_internal_serial_scan,[NWP] scan: edtbyp stuckat proxy,QUEUED,SathyahX Sv,nio-a0-rtl-26ww41b
Partition Level,paruboxspk,stuckat_edt_edt_low_internal_loopback,[NWP] SSN: endpoint loopback,QUEUED,SathyahX Sv,nio-a0-rtl-26ww41b
Partition Level,paruboxspk,stuckat_edt_edt_low_internal_serial_chain,[NWP] scan: edten cont proxy,QUEUED,SathyahX Sv,nio-a0-rtl-26ww41b
Partition Level,paruboxspk,stuckat_edt_edt_low_internal_serial_scan,[NWP] scan: edten stuckat proxy,QUEUED,SathyahX Sv,nio-a0-rtl-26ww41b
Partition Level,parubrd2dch,atspeed_edt_edt_low_internal_serial_scan,[NWP] scan: edten atspeed proxy,NOT_LAUNCHED,KalthireddyX Gunasekhar,nio-a0-rtl-26ww41b
Partition Level,parubrd2dch,scan_ctlr_stuckat_edt_bypass_low_internal_scandump,[NWP] scan: scandump,NOT_LAUNCHED,KalthireddyX Gunasekhar,nio-a0-rtl-26ww41b
Partition Level,parubrd2dch,ssn_continuity,[NWP] SSN: continuity,NOT_LAUNCHED,KalthireddyX Gunasekhar,nio-a0-rtl-26ww41b
Partition Level,parubrd2dch,stuckat_edt_bypass_low_internal_burnin_togcnt_cap_off,[NWP] scan: Burnin,NOT_LAUNCHED,KalthireddyX Gunasekhar,nio-a0-rtl-26ww41b
Partition Level,parubrd2dch,stuckat_edt_bypass_low_internal_serial_chain,[NWP] scan: edtbyp cont proxy,NOT_LAUNCHED,KalthireddyX Gunasekhar,nio-a0-rtl-26ww41b
Partition Level,parubrd2dch,stuckat_edt_bypass_low_internal_serial_scan,[NWP] scan: edtbyp stuckat proxy,NOT_LAUNCHED,KalthireddyX Gunasekhar,nio-a0-rtl-26ww41b
Partition Level,parubrd2dch,stuckat_edt_edt_low_internal_loopback,[NWP] SSN: endpoint loopback,NOT_LAUNCHED,KalthireddyX Gunasekhar,nio-a0-rtl-26ww41b
Partition Level,parubrd2dch,stuckat_edt_edt_low_internal_serial_chain,[NWP] scan: edten cont proxy,NOT_LAUNCHED,KalthireddyX Gunasekhar,nio-a0-rtl-26ww41b
Partition Level,parubrd2dch,stuckat_edt_edt_low_internal_serial_scan,[NWP] scan: edten stuckat proxy,NOT_LAUNCHED,KalthireddyX Gunasekhar,nio-a0-rtl-26ww41b
Partition Level,parc2cdfd,atspeed_edt_edt_low_internal_serial_scan,[NWP] scan: edten atspeed proxy,NOT_LAUNCHED,Emmanuel Araya,nio_c2c-a0-26ww40e
Stack Level,parc2cdfd,c2c_stack_retarget_atspeed_edt_edt_low_internal_serial_scan,[NWP] scan: edten atspeed proxy,NOT_LAUNCHED,Emmanuel Araya,nio_c2c-a0-26ww40e
Stack Level,parc2cdfd,c2c_stack_retarget_stuckat_edt_edt_low_internal_loopback,[NWP] SSN: endpoint loopback,NOT_LAUNCHED,Emmanuel Araya,nio_c2c-a0-26ww40e
Stack Level,parc2cdfd,c2c_stack_retarget_stuckat_edt_edt_low_internal_serial_chain,[NWP] scan: edten cont proxy,NOT_LAUNCHED,Emmanuel Araya,nio_c2c-a0-26ww40e
Stack Level,parc2cdfd,c2c_stack_retarget_stuckat_edt_edt_low_internal_serial_scan,[NWP] scan: edten stuckat proxy,NOT_LAUNCHED,Emmanuel Araya,nio_c2c-a0-26ww40e
Partition Level,parc2cdfd,scan_ctlr_stuckat_edt_bypass_low_internal_scandump,[NWP] scan: scandump,NOT_LAUNCHED,Emmanuel Araya,nio_c2c-a0-26ww40e
Partition Level,parc2cdfd,ssn_continuity,[NWP] SSN: continuity,NOT_LAUNCHED,Emmanuel Araya,nio_c2c-a0-26ww40e
Partition Level,parc2cdfd,stuckat_edt_bypass_low_internal_burnin_togcnt_cap_off,[NWP] scan: Burnin,NOT_LAUNCHED,Emmanuel Araya,nio_c2c-a0-26ww40e
Partition Level,parc2cdfd,stuckat_edt_bypass_low_internal_serial_chain,[NWP] scan: edtbyp cont proxy,NOT_LAUNCHED,Emmanuel Araya,nio_c2c-a0-26ww40e
Partition Level,parc2cdfd,stuckat_edt_bypass_low_internal_serial_scan,[NWP] scan: edtbyp stuckat proxy,NOT_LAUNCHED,Emmanuel Araya,nio_c2c-a0-26ww40e
Partition Level,parc2cdfd,stuckat_edt_edt_low_internal_loopback,[NWP] SSN: endpoint loopback,NOT_LAUNCHED,Emmanuel Araya,nio_c2c-a0-26ww40e
Partition Level,parc2cdfd,stuckat_edt_edt_low_internal_serial_chain,[NWP] scan: edten cont proxy,NOT_LAUNCHED,Emmanuel Araya,nio_c2c-a0-26ww40e
Partition Level,parc2cdfd,stuckat_edt_edt_low_internal_serial_scan,[NWP] scan: edten stuckat proxy,NOT_LAUNCHED,Emmanuel Araya,nio_c2c-a0-26ww40e
Partition Level,parc2chip,atspeed_edt_edt_low_internal_serial_scan,[NWP] scan: edten atspeed proxy,NOT_LAUNCHED,Emmanuel Araya,nio_c2c-a0-26ww40e
Stack Level,parc2chip,c2c_stack_retarget_atspeed_edt_edt_low_internal_serial_scan,[NWP] scan: edten atspeed proxy,NOT_LAUNCHED,Emmanuel Araya,nio_c2c-a0-26ww40e
Stack Level,parc2chip,c2c_stack_retarget_stuckat_edt_edt_low_internal_loopback,[NWP] SSN: endpoint loopback,NOT_LAUNCHED,Emmanuel Araya,nio_c2c-a0-26ww40e
Stack Level,parc2chip,c2c_stack_retarget_stuckat_edt_edt_low_internal_serial_chain,[NWP] scan: edten cont proxy,NOT_LAUNCHED,Emmanuel Araya,nio_c2c-a0-26ww40e
Stack Level,parc2chip,c2c_stack_retarget_stuckat_edt_edt_low_internal_serial_scan,[NWP] scan: edten stuckat proxy,NOT_LAUNCHED,Emmanuel Araya,nio_c2c-a0-26ww40e
Partition Level,parc2chip,scan_ctlr_stuckat_edt_bypass_low_internal_scandump,[NWP] scan: scandump,NOT_LAUNCHED,Emmanuel Araya,nio_c2c-a0-26ww40e
Partition Level,parc2chip,ssn_continuity,[NWP] SSN: continuity,NOT_LAUNCHED,Emmanuel Araya,nio_c2c-a0-26ww40e
Partition Level,parc2chip,stuckat_edt_bypass_low_internal_burnin_togcnt_cap_off,[NWP] scan: Burnin,NOT_LAUNCHED,Emmanuel Araya,nio_c2c-a0-26ww40e
Partition Level,parc2chip,stuckat_edt_bypass_low_internal_serial_chain,[NWP] scan: edtbyp cont proxy,NOT_LAUNCHED,Emmanuel Araya,nio_c2c-a0-26ww40e
Partition Level,parc2chip,stuckat_edt_bypass_low_internal_serial_scan,[NWP] scan: edtbyp stuckat proxy,NOT_LAUNCHED,Emmanuel Araya,nio_c2c-a0-26ww40e
Partition Level,parc2chip,stuckat_edt_edt_low_internal_loopback,[NWP] SSN: endpoint loopback,NOT_LAUNCHED,Emmanuel Araya,nio_c2c-a0-26ww40e
Partition Level,parc2chip,stuckat_edt_edt_low_internal_serial_chain,[NWP] scan: edten cont proxy,NOT_LAUNCHED,Emmanuel Araya,nio_c2c-a0-26ww40e
Partition Level,parc2chip,stuckat_edt_edt_low_internal_serial_scan,[NWP] scan: edten stuckat proxy,NOT_LAUNCHED,Emmanuel Araya,nio_c2c-a0-26ww40e
Partition Level,parc2cinfra,atspeed_edt_edt_low_internal_serial_scan,[NWP] scan: edten atspeed proxy,NOT_LAUNCHED,Mauricio Segura,nio_c2c-a0-26ww40e
Stack Level,parc2cinfra,c2c_stack_retarget_atspeed_edt_edt_low_internal_serial_scan,[NWP] scan: edten atspeed proxy,NOT_LAUNCHED,Mauricio Segura,nio_c2c-a0-26ww40e
Stack Level,parc2cinfra,c2c_stack_retarget_stuckat_edt_edt_low_internal_loopback,[NWP] SSN: endpoint loopback,NOT_LAUNCHED,Mauricio Segura,nio_c2c-a0-26ww40e
Stack Level,parc2cinfra,c2c_stack_retarget_stuckat_edt_edt_low_internal_serial_chain,[NWP] scan: edten cont proxy,NOT_LAUNCHED,Mauricio Segura,nio_c2c-a0-26ww40e
Stack Level,parc2cinfra,c2c_stack_retarget_stuckat_edt_edt_low_internal_serial_scan,[NWP] scan: edten stuckat proxy,NOT_LAUNCHED,Mauricio Segura,nio_c2c-a0-26ww40e
Partition Level,parc2cinfra,scan_ctlr_stuckat_edt_bypass_low_internal_scandump,[NWP] scan: scandump,NOT_LAUNCHED,Mauricio Segura,nio_c2c-a0-26ww40e
Partition Level,parc2cinfra,ssn_continuity,[NWP] SSN: continuity,NOT_LAUNCHED,Mauricio Segura,nio_c2c-a0-26ww40e
Partition Level,parc2cinfra,stuckat_edt_bypass_low_internal_burnin_togcnt_cap_off,[NWP] scan: Burnin,NOT_LAUNCHED,Mauricio Segura,nio_c2c-a0-26ww40e
Partition Level,parc2cinfra,stuckat_edt_bypass_low_internal_serial_chain,[NWP] scan: edtbyp cont proxy,NOT_LAUNCHED,Mauricio Segura,nio_c2c-a0-26ww40e
Partition Level,parc2cinfra,stuckat_edt_bypass_low_internal_serial_scan,[NWP] scan: edtbyp stuckat proxy,NOT_LAUNCHED,Mauricio Segura,nio_c2c-a0-26ww40e
Partition Level,parc2cinfra,stuckat_edt_edt_low_internal_loopback,[NWP] SSN: endpoint loopback,NOT_LAUNCHED,Mauricio Segura,nio_c2c-a0-26ww40e
Partition Level,parc2cinfra,stuckat_edt_edt_low_internal_serial_chain,[NWP] scan: edten cont proxy,NOT_LAUNCHED,Mauricio Segura,nio_c2c-a0-26ww40e
Partition Level,parc2cinfra,stuckat_edt_edt_low_internal_serial_scan,[NWP] scan: edten stuckat proxy,NOT_LAUNCHED,Mauricio Segura,nio_c2c-a0-26ww40e
Partition Level,parc2clink,atspeed_edt_edt_low_internal_serial_scan,[NWP] scan: edten atspeed proxy,PASS,Emmanuel Araya,nio_c2c-a0-26ww40e
Stack Level,parc2clink,c2c_stack_retarget_atspeed_edt_edt_low_internal_serial_scan,[NWP] scan: edten atspeed proxy,NOT_LAUNCHED,Emmanuel Araya,nio_c2c-a0-26ww40e
Stack Level,parc2clink,c2c_stack_retarget_stuckat_edt_edt_low_internal_loopback,[NWP] SSN: endpoint loopback,NOT_LAUNCHED,Emmanuel Araya,nio_c2c-a0-26ww40e
Stack Level,parc2clink,c2c_stack_retarget_stuckat_edt_edt_low_internal_serial_chain,[NWP] scan: edten cont proxy,NOT_LAUNCHED,Emmanuel Araya,nio_c2c-a0-26ww40e
Stack Level,parc2clink,c2c_stack_retarget_stuckat_edt_edt_low_internal_serial_scan,[NWP] scan: edten stuckat proxy,NOT_LAUNCHED,Emmanuel Araya,nio_c2c-a0-26ww40e
Partition Level,parc2clink,scan_ctlr_stuckat_edt_bypass_low_internal_scandump,[NWP] scan: scandump,NOT_LAUNCHED,Emmanuel Araya,nio_c2c-a0-26ww40e
Partition Level,parc2clink,ssn_continuity,[NWP] SSN: continuity,NOT_LAUNCHED,Emmanuel Araya,nio_c2c-a0-26ww40e
Partition Level,parc2clink,stuckat_edt_bypass_low_internal_burnin_togcnt_cap_off,[NWP] scan: Burnin,NOT_LAUNCHED,Emmanuel Araya,nio_c2c-a0-26ww40e
Partition Level,parc2clink,stuckat_edt_bypass_low_internal_serial_chain,[NWP] scan: edtbyp cont proxy,PASS,Emmanuel Araya,nio_c2c-a0-26ww40e
Partition Level,parc2clink,stuckat_edt_bypass_low_internal_serial_scan,[NWP] scan: edtbyp stuckat proxy,FAIL,Emmanuel Araya,nio_c2c-a0-26ww40e
Partition Level,parc2clink,stuckat_edt_edt_low_internal_loopback,[NWP] SSN: endpoint loopback,NOT_LAUNCHED,Emmanuel Araya,nio_c2c-a0-26ww40e
Partition Level,parc2clink,stuckat_edt_edt_low_internal_serial_chain,[NWP] scan: edten cont proxy,PASS,Emmanuel Araya,nio_c2c-a0-26ww40e
Partition Level,parc2clink,stuckat_edt_edt_low_internal_serial_scan,[NWP] scan: edten stuckat proxy,FAIL,Emmanuel Araya,nio_c2c-a0-26ww40e
Partition Level,parc2cmhub,atspeed_edt_edt_low_internal_serial_scan,[NWP] scan: edten atspeed proxy,NOT_LAUNCHED,Emmanuel Araya,nio_c2c-a0-26ww40e
Stack Level,parc2cmhub,c2c_stack_retarget_atspeed_edt_edt_low_internal_serial_scan,[NWP] scan: edten atspeed proxy,NOT_LAUNCHED,Emmanuel Araya,nio_c2c-a0-26ww40e
Stack Level,parc2cmhub,c2c_stack_retarget_stuckat_edt_edt_low_internal_loopback,[NWP] SSN: endpoint loopback,NOT_LAUNCHED,Emmanuel Araya,nio_c2c-a0-26ww40e
Stack Level,parc2cmhub,c2c_stack_retarget_stuckat_edt_edt_low_internal_serial_chain,[NWP] scan: edten cont proxy,NOT_LAUNCHED,Emmanuel Araya,nio_c2c-a0-26ww40e
Stack Level,parc2cmhub,c2c_stack_retarget_stuckat_edt_edt_low_internal_serial_scan,[NWP] scan: edten stuckat proxy,NOT_LAUNCHED,Emmanuel Araya,nio_c2c-a0-26ww40e
Partition Level,parc2cmhub,scan_ctlr_stuckat_edt_bypass_low_internal_scandump,[NWP] scan: scandump,NOT_LAUNCHED,Emmanuel Araya,nio_c2c-a0-26ww40e
Partition Level,parc2cmhub,ssn_continuity,[NWP] SSN: continuity,NOT_LAUNCHED,Emmanuel Araya,nio_c2c-a0-26ww40e
Partition Level,parc2cmhub,stuckat_edt_bypass_low_internal_burnin_togcnt_cap_off,[NWP] scan: Burnin,NOT_LAUNCHED,Emmanuel Araya,nio_c2c-a0-26ww40e
Partition Level,parc2cmhub,stuckat_edt_bypass_low_internal_serial_chain,[NWP] scan: edtbyp cont proxy,NOT_LAUNCHED,Emmanuel Araya,nio_c2c-a0-26ww40e
Partition Level,parc2cmhub,stuckat_edt_bypass_low_internal_serial_scan,[NWP] scan: edtbyp stuckat proxy,NOT_LAUNCHED,Emmanuel Araya,nio_c2c-a0-26ww40e
Partition Level,parc2cmhub,stuckat_edt_edt_low_internal_loopback,[NWP] SSN: endpoint loopback,NOT_LAUNCHED,Emmanuel Araya,nio_c2c-a0-26ww40e
Partition Level,parc2cmhub,stuckat_edt_edt_low_internal_serial_chain,[NWP] scan: edten cont proxy,NOT_LAUNCHED,Emmanuel Araya,nio_c2c-a0-26ww40e
Partition Level,parc2cmhub,stuckat_edt_edt_low_internal_serial_scan,[NWP] scan: edten stuckat proxy,NOT_LAUNCHED,Emmanuel Araya,nio_c2c-a0-26ww40e
Partition Level,parc2cscbra,atspeed_edt_edt_low_internal_serial_scan,[NWP] scan: edten atspeed proxy,NOT_LAUNCHED,Emmanuel Araya,nio_c2c-a0-26ww40e
Stack Level,parc2cscbra,c2c_stack_retarget_atspeed_edt_edt_low_internal_serial_scan,[NWP] scan: edten atspeed proxy,NOT_LAUNCHED,Emmanuel Araya,nio_c2c-a0-26ww40e
Stack Level,parc2cscbra,c2c_stack_retarget_stuckat_edt_edt_low_internal_loopback,[NWP] SSN: endpoint loopback,NOT_LAUNCHED,Emmanuel Araya,nio_c2c-a0-26ww40e
Stack Level,parc2cscbra,c2c_stack_retarget_stuckat_edt_edt_low_internal_serial_chain,[NWP] scan: edten cont proxy,NOT_LAUNCHED,Emmanuel Araya,nio_c2c-a0-26ww40e
Stack Level,parc2cscbra,c2c_stack_retarget_stuckat_edt_edt_low_internal_serial_scan,[NWP] scan: edten stuckat proxy,NOT_LAUNCHED,Emmanuel Araya,nio_c2c-a0-26ww40e
Partition Level,parc2cscbra,scan_ctlr_stuckat_edt_bypass_low_internal_scandump,[NWP] scan: scandump,NOT_LAUNCHED,Emmanuel Araya,nio_c2c-a0-26ww40e
Partition Level,parc2cscbra,ssn_continuity,[NWP] SSN: continuity,NOT_LAUNCHED,Emmanuel Araya,nio_c2c-a0-26ww40e
Partition Level,parc2cscbra,stuckat_edt_bypass_low_internal_burnin_togcnt_cap_off,[NWP] scan: Burnin,NOT_LAUNCHED,Emmanuel Araya,nio_c2c-a0-26ww40e
Partition Level,parc2cscbra,stuckat_edt_bypass_low_internal_serial_chain,[NWP] scan: edtbyp cont proxy,NOT_LAUNCHED,Emmanuel Araya,nio_c2c-a0-26ww40e
Partition Level,parc2cscbra,stuckat_edt_bypass_low_internal_serial_scan,[NWP] scan: edtbyp stuckat proxy,NOT_LAUNCHED,Emmanuel Araya,nio_c2c-a0-26ww40e
Partition Level,parc2cscbra,stuckat_edt_edt_low_internal_loopback,[NWP] SSN: endpoint loopback,NOT_LAUNCHED,Emmanuel Araya,nio_c2c-a0-26ww40e
Partition Level,parc2cscbra,stuckat_edt_edt_low_internal_serial_chain,[NWP] scan: edten cont proxy,NOT_LAUNCHED,Emmanuel Araya,nio_c2c-a0-26ww40e
Partition Level,parc2cscbra,stuckat_edt_edt_low_internal_serial_scan,[NWP] scan: edten stuckat proxy,NOT_LAUNCHED,Emmanuel Araya,nio_c2c-a0-26ww40e
Stack Level,d2d1,ssn_continuity,[NWP] SSN: continuity,PASS,Emmanuel Araya,nio_d2d-a0-26ww28a
Partition Level,pard2d1chnl,atspeed_edt_edt_low_internal_serial_scan,[NWP] scan: edten atspeed proxy,PASS,SathyahX Sv,nio_d2d-a0-26ww28a
Stack Level,pard2d1chnl,d2d1_retarget_atspeed_edt_edt_low_internal_serial_scan,[NWP] scan: edten atspeed proxy,PASS,SathyahX Sv,nio_d2d-a0-26ww28a
Stack Level,pard2d1chnl,d2d1_retarget_stuckat_edt_edt_low_internal_loopback,[NWP] SSN: endpoint loopback,PASS,SathyahX Sv,nio_d2d-a0-26ww28a
Stack Level,pard2d1chnl,d2d1_retarget_stuckat_edt_edt_low_internal_serial_chain,[NWP] scan: edten cont proxy,PASS,SathyahX Sv,nio_d2d-a0-26ww28a
Stack Level,pard2d1chnl,d2d1_retarget_stuckat_edt_edt_low_internal_serial_scan,[NWP] scan: edten stuckat proxy,PASS,SathyahX Sv,nio_d2d-a0-26ww28a
Partition Level,pard2d1chnl,pard2d1chnl_ub_i_ult_scan_ctlr_stuckat_edt_bypass_low_internal_scandump,[NWP] scan: scandump,PASS,SathyahX Sv,nio_d2d-a0-26ww28a
Partition Level,pard2d1chnl,ssn_continuity,[NWP] SSN: continuity,PASS,SathyahX Sv,nio_d2d-a0-26ww28a
Partition Level,pard2d1chnl,stuckat_edt_bypass_low_internal_burnin_togcnt_cap_off,[NWP] scan: Burnin,PASS,SathyahX Sv,nio_d2d-a0-26ww28a
Partition Level,pard2d1chnl,stuckat_edt_bypass_low_internal_serial_chain,[NWP] scan: edtbyp cont proxy,PASS,SathyahX Sv,nio_d2d-a0-26ww28a
Partition Level,pard2d1chnl,stuckat_edt_bypass_low_internal_serial_scan,[NWP] scan: edtbyp stuckat proxy,PASS,SathyahX Sv,nio_d2d-a0-26ww28a
Partition Level,pard2d1chnl,stuckat_edt_edt_low_internal_loopback,[NWP] SSN: endpoint loopback,PASS,SathyahX Sv,nio_d2d-a0-26ww28a
Partition Level,pard2d1chnl,stuckat_edt_edt_low_internal_serial_chain,[NWP] scan: edten cont proxy,PASS,SathyahX Sv,nio_d2d-a0-26ww28a
Partition Level,pard2d1chnl,stuckat_edt_edt_low_internal_serial_scan,[NWP] scan: edten stuckat proxy,PASS,SathyahX Sv,nio_d2d-a0-26ww28a
Partition Level,pard2d1misc,atspeed_edt_edt_low_internal_serial_scan,[NWP] scan: edten atspeed proxy,PASS,SathyahX Sv,nio_d2d-a0-26ww28a
Stack Level,pard2d1misc,d2d1_retarget_atspeed_edt_edt_low_internal_serial_scan,[NWP] scan: edten atspeed proxy,PASS,SathyahX Sv,nio_d2d-a0-26ww28a
Stack Level,pard2d1misc,d2d1_retarget_stuckat_edt_edt_low_internal_loopback,[NWP] SSN: endpoint loopback,PASS,SathyahX Sv,nio_d2d-a0-26ww28a
Stack Level,pard2d1misc,d2d1_retarget_stuckat_edt_edt_low_internal_serial_chain,[NWP] scan: edten cont proxy,PASS,SathyahX Sv,nio_d2d-a0-26ww28a
Stack Level,pard2d1misc,d2d1_retarget_stuckat_edt_edt_low_internal_serial_scan,[NWP] scan: edten stuckat proxy,PASS,SathyahX Sv,nio_d2d-a0-26ww28a
Partition Level,pard2d1misc,pard2d1misc_ub_i_ult_scan_ctlr_stuckat_edt_bypass_low_internal_scandump,[NWP] scan: scandump,PASS,SathyahX Sv,nio_d2d-a0-26ww28a
Partition Level,pard2d1misc,ssn_continuity,[NWP] SSN: continuity,PASS,SathyahX Sv,nio_d2d-a0-26ww28a
Partition Level,pard2d1misc,stuckat_edt_bypass_low_internal_burnin_togcnt_cap_off,[NWP] scan: Burnin,PASS,SathyahX Sv,nio_d2d-a0-26ww28a
Partition Level,pard2d1misc,stuckat_edt_bypass_low_internal_serial_chain,[NWP] scan: edtbyp cont proxy,PASS,SathyahX Sv,nio_d2d-a0-26ww28a
Partition Level,pard2d1misc,stuckat_edt_bypass_low_internal_serial_scan,[NWP] scan: edtbyp stuckat proxy,PASS,SathyahX Sv,nio_d2d-a0-26ww28a
Partition Level,pard2d1misc,stuckat_edt_edt_low_internal_loopback,[NWP] SSN: endpoint loopback,PASS,SathyahX Sv,nio_d2d-a0-26ww28a
Partition Level,pard2d1misc,stuckat_edt_edt_low_internal_serial_chain,[NWP] scan: edten cont proxy,PASS,SathyahX Sv,nio_d2d-a0-26ww28a
Partition Level,pard2d1misc,stuckat_edt_edt_low_internal_serial_scan,[NWP] scan: edten stuckat proxy,PASS,SathyahX Sv,nio_d2d-a0-26ww28a
Partition Level,pard2d1uladda0,atspeed_edt_edt_low_internal_serial_scan,[NWP] scan: edten atspeed proxy,PASS,SathyahX Sv,nio_d2d-a0-26ww28a
Stack Level,pard2d1uladda0,d2d1_retarget_atspeed_edt_edt_low_internal_serial_scan,[NWP] scan: edten atspeed proxy,PASS,SathyahX Sv,nio_d2d-a0-26ww28a
Stack Level,pard2d1uladda0,d2d1_retarget_stuckat_edt_edt_low_internal_loopback,[NWP] SSN: endpoint loopback,PASS,SathyahX Sv,nio_d2d-a0-26ww28a
Stack Level,pard2d1uladda0,d2d1_retarget_stuckat_edt_edt_low_internal_serial_chain,[NWP] scan: edten cont proxy,PASS,SathyahX Sv,nio_d2d-a0-26ww28a
Stack Level,pard2d1uladda0,d2d1_retarget_stuckat_edt_edt_low_internal_serial_scan,[NWP] scan: edten stuckat proxy,PASS,SathyahX Sv,nio_d2d-a0-26ww28a
Partition Level,pard2d1uladda0,pard2d1uladda0_ub_i_ult_scan_ctlr_stuckat_edt_bypass_low_internal_scandump,[NWP] scan: scandump,PASS,SathyahX Sv,nio_d2d-a0-26ww28a
Partition Level,pard2d1uladda0,ssn_continuity,[NWP] SSN: continuity,PASS,SathyahX Sv,nio_d2d-a0-26ww28a
Partition Level,pard2d1uladda0,stuckat_edt_bypass_low_internal_burnin_togcnt_cap_off,[NWP] scan: Burnin,PASS,SathyahX Sv,nio_d2d-a0-26ww28a
Partition Level,pard2d1uladda0,stuckat_edt_bypass_low_internal_serial_chain,[NWP] scan: edtbyp cont proxy,PASS,SathyahX Sv,nio_d2d-a0-26ww28a
Partition Level,pard2d1uladda0,stuckat_edt_bypass_low_internal_serial_scan,[NWP] scan: edtbyp stuckat proxy,PASS,SathyahX Sv,nio_d2d-a0-26ww28a
Partition Level,pard2d1uladda0,stuckat_edt_edt_low_internal_loopback,[NWP] SSN: endpoint loopback,PASS,SathyahX Sv,nio_d2d-a0-26ww28a
Partition Level,pard2d1uladda0,stuckat_edt_edt_low_internal_serial_chain,[NWP] scan: edten cont proxy,PASS,SathyahX Sv,nio_d2d-a0-26ww28a
Partition Level,pard2d1uladda0,stuckat_edt_edt_low_internal_serial_scan,[NWP] scan: edten stuckat proxy,PASS,SathyahX Sv,nio_d2d-a0-26ww28a
Partition Level,pard2d1uladda1,atspeed_edt_edt_low_internal_serial_scan,[NWP] scan: edten atspeed proxy,PASS,SathyahX Sv,nio_d2d-a0-26ww28a
Stack Level,pard2d1uladda1,d2d1_retarget_atspeed_edt_edt_low_internal_serial_scan,[NWP] scan: edten atspeed proxy,PASS,SathyahX Sv,nio_d2d-a0-26ww28a
Stack Level,pard2d1uladda1,d2d1_retarget_stuckat_edt_edt_low_internal_loopback,[NWP] SSN: endpoint loopback,PASS,SathyahX Sv,nio_d2d-a0-26ww28a
Stack Level,pard2d1uladda1,d2d1_retarget_stuckat_edt_edt_low_internal_serial_chain,[NWP] scan: edten cont proxy,PASS,SathyahX Sv,nio_d2d-a0-26ww28a
Stack Level,pard2d1uladda1,d2d1_retarget_stuckat_edt_edt_low_internal_serial_scan,[NWP] scan: edten stuckat proxy,PASS,SathyahX Sv,nio_d2d-a0-26ww28a
Partition Level,pard2d1uladda1,pard2d1uladda1_ub_i_ult_scan_ctlr_stuckat_edt_bypass_low_internal_scandump,[NWP] scan: scandump,PASS,SathyahX Sv,nio_d2d-a0-26ww28a
Partition Level,pard2d1uladda1,ssn_continuity,[NWP] SSN: continuity,PASS,SathyahX Sv,nio_d2d-a0-26ww28a
Partition Level,pard2d1uladda1,stuckat_edt_bypass_low_internal_burnin_togcnt_cap_off,[NWP] scan: Burnin,PASS,SathyahX Sv,nio_d2d-a0-26ww28a
Partition Level,pard2d1uladda1,stuckat_edt_bypass_low_internal_serial_chain,[NWP] scan: edtbyp cont proxy,PASS,SathyahX Sv,nio_d2d-a0-26ww28a
Partition Level,pard2d1uladda1,stuckat_edt_bypass_low_internal_serial_scan,[NWP] scan: edtbyp stuckat proxy,PASS,SathyahX Sv,nio_d2d-a0-26ww28a
Partition Level,pard2d1uladda1,stuckat_edt_edt_low_internal_loopback,[NWP] SSN: endpoint loopback,PASS,SathyahX Sv,nio_d2d-a0-26ww28a
Partition Level,pard2d1uladda1,stuckat_edt_edt_low_internal_serial_chain,[NWP] scan: edten cont proxy,PASS,SathyahX Sv,nio_d2d-a0-26ww28a
Partition Level,pard2d1uladda1,stuckat_edt_edt_low_internal_serial_scan,[NWP] scan: edten stuckat proxy,PASS,SathyahX Sv,nio_d2d-a0-26ww28a
Stack Level,memstack,ssn_continuity,[NWP] SSN: continuity,PASS,Mario Alpizar,nio_mc-a0-26ww40c
Partition Level,pardfi,atspeed_edt_edt_low_internal_serial_scan,[NWP] scan: edten atspeed proxy,PASS,Mauricio Segura,nio_mc-a0-26ww40c
Partition Level,pardfi,atspeed_edt_edt_low_internal_sih_loopback,[NWP] SIH case val,PASS,Diego Matamoros,nio_mc-a0-26ww40c
Partition Level,pardfi,atspeed_edt_edt_low_internal_sih_serial_chain,[NWP] SIH case val,PASS,Diego Matamoros,nio_mc-a0-26ww40c
Partition Level,pardfi,atspeed_edt_edt_low_internal_sih_serial_scan,[NWP] SIH case val,PASS,Diego Matamoros,nio_mc-a0-26ww40c
Stack Level,pardfi,memstack_retarget_atspeed_edt_edt_low_internal_serial_scan,[NWP] scan: edten atspeed proxy,PASS,Mauricio Segura,nio_mc-a0-26ww40c
Stack Level,pardfi,memstack_retarget_stuckat_edt_bypass_low_internal_serial_chain,[NWP] scan: edtbyp cont proxy,PASS,Mauricio Segura,nio_mc-a0-26ww40c
Stack Level,pardfi,memstack_retarget_stuckat_edt_bypass_low_internal_serial_scan,[NWP] scan: edtbyp stuckat proxy,FAIL,Mauricio Segura,nio_mc-a0-26ww40c
Stack Level,pardfi,memstack_retarget_stuckat_edt_edt_low_internal_loopback,[NWP] SSN: endpoint loopback,PASS,Mauricio Segura,nio_mc-a0-26ww40c
Stack Level,pardfi,memstack_retarget_stuckat_edt_edt_low_internal_serial_chain,[NWP] scan: edten cont proxy,PASS,Mauricio Segura,nio_mc-a0-26ww40c
Stack Level,pardfi,memstack_retarget_stuckat_edt_edt_low_internal_serial_scan,[NWP] scan: edten stuckat proxy,FAIL,Mauricio Segura,nio_mc-a0-26ww40c
Partition Level,pardfi,pardfi_ub_i_ult_scan_ctlr_stuckat_edt_bypass_low_internal_scandump,[NWP] scan: scandump,PASS,Mauricio Segura,nio_mc-a0-26ww40c
Partition Level,pardfi,ssn_continuity,[NWP] SSN: continuity,PASS,Mauricio Segura,nio_mc-a0-26ww40c
Partition Level,pardfi,stuckat_edt_bypass_low_internal_burnin_togcnt_cap_off,[NWP] scan: Burnin,PASS,Mauricio Segura,nio_mc-a0-26ww40c
Partition Level,pardfi,stuckat_edt_bypass_low_internal_serial_chain,[NWP] scan: edtbyp cont proxy,PASS,Mauricio Segura,nio_mc-a0-26ww40c
Partition Level,pardfi,stuckat_edt_bypass_low_internal_serial_scan,[NWP] scan: edtbyp stuckat proxy,FAIL,Mauricio Segura,nio_mc-a0-26ww40c
Partition Level,pardfi,stuckat_edt_edt_low_internal_loopback,[NWP] SSN: endpoint loopback,PASS,Mauricio Segura,nio_mc-a0-26ww40c
Partition Level,pardfi,stuckat_edt_edt_low_internal_serial_chain,[NWP] scan: edten cont proxy,PASS,Mauricio Segura,nio_mc-a0-26ww40c
Partition Level,pardfi,stuckat_edt_edt_low_internal_serial_scan,[NWP] scan: edten stuckat proxy,FAIL,Mauricio Segura,nio_mc-a0-26ww40c
Partition Level,pardfi,stuckat_edt_edt_low_internal_sih_loopback,[NWP] SIH case val,PASS,Diego Matamoros,nio_mc-a0-26ww40c
Partition Level,pardfi,stuckat_edt_edt_low_internal_sih_serial_chain,[NWP] SIH case val,PASS,Diego Matamoros,nio_mc-a0-26ww40c
Partition Level,pardfi,stuckat_edt_edt_low_internal_sih_serial_scan,[NWP] SIH case val,FAIL,Diego Matamoros,nio_mc-a0-26ww40c
Partition Level,parmccore,atspeed_edt_edt_low_internal_serial_scan,[NWP] scan: edten atspeed proxy,PASS,Mario Alpizar,nio_mc-a0-26ww40c
Stack Level,parmccore,memstack_retarget_atspeed_edt_edt_low_internal_serial_scan,[NWP] scan: edten atspeed proxy,PASS,Mario Alpizar,nio_mc-a0-26ww40c
Stack Level,parmccore,memstack_retarget_stuckat_edt_bypass_low_internal_serial_chain,[NWP] scan: edtbyp cont proxy,PASS,Mario Alpizar,nio_mc-a0-26ww40c
Stack Level,parmccore,memstack_retarget_stuckat_edt_bypass_low_internal_serial_scan,[NWP] scan: edtbyp stuckat proxy,PASS,Mario Alpizar,nio_mc-a0-26ww40c
Stack Level,parmccore,memstack_retarget_stuckat_edt_edt_low_internal_loopback,[NWP] SSN: endpoint loopback,PASS,Mario Alpizar,nio_mc-a0-26ww40c
Stack Level,parmccore,memstack_retarget_stuckat_edt_edt_low_internal_serial_chain,[NWP] scan: edten cont proxy,PASS,Mario Alpizar,nio_mc-a0-26ww40c
Stack Level,parmccore,memstack_retarget_stuckat_edt_edt_low_internal_serial_scan,[NWP] scan: edten stuckat proxy,PASS,Mario Alpizar,nio_mc-a0-26ww40c
Partition Level,parmccore,parmccore_ub_i_ult_scan_ctlr_stuckat_edt_bypass_low_internal_scandump,[NWP] scan: scandump,PASS,Mario Alpizar,nio_mc-a0-26ww40c
Partition Level,parmccore,ssn_continuity,[NWP] SSN: continuity,PASS,Mario Alpizar,nio_mc-a0-26ww40c
Partition Level,parmccore,stuckat_edt_bypass_low_internal_burnin_togcnt_cap_off,[NWP] scan: Burnin,PASS,Mario Alpizar,nio_mc-a0-26ww40c
Partition Level,parmccore,stuckat_edt_bypass_low_internal_serial_chain,[NWP] scan: edtbyp cont proxy,PASS,Mario Alpizar,nio_mc-a0-26ww40c
Partition Level,parmccore,stuckat_edt_bypass_low_internal_serial_scan,[NWP] scan: edtbyp stuckat proxy,PASS,Mario Alpizar,nio_mc-a0-26ww40c
Partition Level,parmccore,stuckat_edt_edt_low_internal_loopback,[NWP] SSN: endpoint loopback,PASS,Mario Alpizar,nio_mc-a0-26ww40c
Partition Level,parmccore,stuckat_edt_edt_low_internal_serial_chain,[NWP] scan: edten cont proxy,PASS,Mario Alpizar,nio_mc-a0-26ww40c
Partition Level,parmccore,stuckat_edt_edt_low_internal_serial_scan,[NWP] scan: edten stuckat proxy,PASS,Mario Alpizar,nio_mc-a0-26ww40c
Partition Level,parmcmisc,atspeed_edt_edt_low_internal_serial_scan,[NWP] scan: edten atspeed proxy,PASS,Mauricio Segura,nio_mc-a0-26ww40c
Partition Level,parmcmisc,atspeed_edt_edt_low_internal_sih_loopback,[NWP] SIH case val,PASS,Diego Matamoros,nio_mc-a0-26ww40c
Partition Level,parmcmisc,atspeed_edt_edt_low_internal_sih_serial_chain,[NWP] SIH case val,PASS,Diego Matamoros,nio_mc-a0-26ww40c
Partition Level,parmcmisc,atspeed_edt_edt_low_internal_sih_serial_scan,[NWP] SIH case val,PASS,Diego Matamoros,nio_mc-a0-26ww40c
Stack Level,parmcmisc,memstack_retarget_atspeed_edt_edt_low_internal_serial_scan,[NWP] scan: edten atspeed proxy,PASS,Mauricio Segura,nio_mc-a0-26ww40c
Stack Level,parmcmisc,memstack_retarget_stuckat_edt_bypass_low_internal_serial_chain,[NWP] scan: edtbyp cont proxy,PASS,Mauricio Segura,nio_mc-a0-26ww40c
Stack Level,parmcmisc,memstack_retarget_stuckat_edt_bypass_low_internal_serial_scan,[NWP] scan: edtbyp stuckat proxy,PASS,Mauricio Segura,nio_mc-a0-26ww40c
Stack Level,parmcmisc,memstack_retarget_stuckat_edt_edt_low_internal_loopback,[NWP] SSN: endpoint loopback,PASS,Mauricio Segura,nio_mc-a0-26ww40c
Stack Level,parmcmisc,memstack_retarget_stuckat_edt_edt_low_internal_serial_chain,[NWP] scan: edten cont proxy,PASS,Mauricio Segura,nio_mc-a0-26ww40c
Stack Level,parmcmisc,memstack_retarget_stuckat_edt_edt_low_internal_serial_scan,[NWP] scan: edten stuckat proxy,PASS,Mauricio Segura,nio_mc-a0-26ww40c
Partition Level,parmcmisc,parmcmisc_ub_i_ult_scan_ctlr_stuckat_edt_bypass_low_internal_scandump,[NWP] scan: scandump,PASS,Mauricio Segura,nio_mc-a0-26ww40c
Partition Level,parmcmisc,ssn_continuity,[NWP] SSN: continuity,PASS,Mauricio Segura,nio_mc-a0-26ww40c
Partition Level,parmcmisc,stuckat_edt_bypass_low_internal_burnin_togcnt_cap_off,[NWP] scan: Burnin,PASS,Mauricio Segura,nio_mc-a0-26ww40c
Partition Level,parmcmisc,stuckat_edt_bypass_low_internal_serial_chain,[NWP] scan: edtbyp cont proxy,PASS,Mauricio Segura,nio_mc-a0-26ww40c
Partition Level,parmcmisc,stuckat_edt_bypass_low_internal_serial_scan,[NWP] scan: edtbyp stuckat proxy,PASS,Mauricio Segura,nio_mc-a0-26ww40c
Partition Level,parmcmisc,stuckat_edt_edt_low_internal_loopback,[NWP] SSN: endpoint loopback,PASS,Mauricio Segura,nio_mc-a0-26ww40c
Partition Level,parmcmisc,stuckat_edt_edt_low_internal_serial_chain,[NWP] scan: edten cont proxy,PASS,Mauricio Segura,nio_mc-a0-26ww40c
Partition Level,parmcmisc,stuckat_edt_edt_low_internal_serial_scan,[NWP] scan: edten stuckat proxy,PASS,Mauricio Segura,nio_mc-a0-26ww40c
Partition Level,parmcmisc,stuckat_edt_edt_low_internal_sih_loopback,[NWP] SIH case val,PASS,Diego Matamoros,nio_mc-a0-26ww40c
Partition Level,parmcmisc,stuckat_edt_edt_low_internal_sih_serial_chain,[NWP] SIH case val,PASS,Diego Matamoros,nio_mc-a0-26ww40c
Partition Level,parmcmisc,stuckat_edt_edt_low_internal_sih_serial_scan,[NWP] SIH case val,PASS,Diego Matamoros,nio_mc-a0-26ww40c
Partition Level,parmcmse,atspeed_edt_edt_low_internal_serial_scan,[NWP] scan: edten atspeed proxy,PASS,Emmanuel Araya,nio_mc-a0-26ww40c
Stack Level,parmcmse,memstack_retarget_atspeed_edt_edt_low_internal_serial_scan,[NWP] scan: edten atspeed proxy,PASS,Emmanuel Araya,nio_mc-a0-26ww40c
Stack Level,parmcmse,memstack_retarget_stuckat_edt_bypass_low_internal_serial_chain,[NWP] scan: edtbyp cont proxy,PASS,Emmanuel Araya,nio_mc-a0-26ww40c
Stack Level,parmcmse,memstack_retarget_stuckat_edt_bypass_low_internal_serial_scan,[NWP] scan: edtbyp stuckat proxy,PASS,Emmanuel Araya,nio_mc-a0-26ww40c
Stack Level,parmcmse,memstack_retarget_stuckat_edt_edt_low_internal_loopback,[NWP] SSN: endpoint loopback,PASS,Emmanuel Araya,nio_mc-a0-26ww40c
Stack Level,parmcmse,memstack_retarget_stuckat_edt_edt_low_internal_serial_chain,[NWP] scan: edten cont proxy,PASS,Emmanuel Araya,nio_mc-a0-26ww40c
Stack Level,parmcmse,memstack_retarget_stuckat_edt_edt_low_internal_serial_scan,[NWP] scan: edten stuckat proxy,PASS,Emmanuel Araya,nio_mc-a0-26ww40c
Partition Level,parmcmse,parmcmse_ub_i_ult_scan_ctlr_stuckat_edt_bypass_low_internal_scandump,[NWP] scan: scandump,PASS,Emmanuel Araya,nio_mc-a0-26ww40c
Partition Level,parmcmse,ssn_continuity,[NWP] SSN: continuity,PASS,Emmanuel Araya,nio_mc-a0-26ww40c
Partition Level,parmcmse,stuckat_edt_bypass_low_internal_burnin_togcnt_cap_off,[NWP] scan: Burnin,PASS,Emmanuel Araya,nio_mc-a0-26ww40c
Partition Level,parmcmse,stuckat_edt_bypass_low_internal_serial_chain,[NWP] scan: edtbyp cont proxy,PASS,Emmanuel Araya,nio_mc-a0-26ww40c
Partition Level,parmcmse,stuckat_edt_bypass_low_internal_serial_scan,[NWP] scan: edtbyp stuckat proxy,PASS,Emmanuel Araya,nio_mc-a0-26ww40c
Partition Level,parmcmse,stuckat_edt_edt_low_internal_loopback,[NWP] SSN: endpoint loopback,PASS,Emmanuel Araya,nio_mc-a0-26ww40c
Partition Level,parmcmse,stuckat_edt_edt_low_internal_serial_chain,[NWP] scan: edten cont proxy,PASS,Emmanuel Araya,nio_mc-a0-26ww40c
Partition Level,parmcmse,stuckat_edt_edt_low_internal_serial_scan,[NWP] scan: edten stuckat proxy,PASS,Emmanuel Araya,nio_mc-a0-26ww40c
Partition Level,parmemdfi0,atspeed_edt_edt_low_internal_serial_scan,[NWP] scan: edten atspeed proxy,NOT_LAUNCHED,Mauricio Segura,nio_mc-a0-26ww40c
Stack Level,parmemdfi0,memstack_retarget_atspeed_edt_edt_low_internal_serial_scan,[NWP] scan: edten atspeed proxy,NOT_LAUNCHED,Mauricio Segura,nio_mc-a0-26ww40c
Stack Level,parmemdfi0,memstack_retarget_stuckat_edt_edt_low_internal_loopback,[NWP] SSN: endpoint loopback,NOT_LAUNCHED,Mauricio Segura,nio_mc-a0-26ww40c
Stack Level,parmemdfi0,memstack_retarget_stuckat_edt_edt_low_internal_serial_chain,[NWP] scan: edten cont proxy,NOT_LAUNCHED,Mauricio Segura,nio_mc-a0-26ww40c
Stack Level,parmemdfi0,memstack_retarget_stuckat_edt_edt_low_internal_serial_scan,[NWP] scan: edten stuckat proxy,NOT_LAUNCHED,Mauricio Segura,nio_mc-a0-26ww40c
Partition Level,parmemdfi0,scan_ctlr_stuckat_edt_bypass_low_internal_scandump,[NWP] scan: scandump,NOT_LAUNCHED,Mauricio Segura,nio_mc-a0-26ww40c
Partition Level,parmemdfi0,ssn_continuity,[NWP] SSN: continuity,NOT_LAUNCHED,Mauricio Segura,nio_mc-a0-26ww40c
Partition Level,parmemdfi0,stuckat_edt_bypass_low_internal_burnin_togcnt_cap_off,[NWP] scan: Burnin,NOT_LAUNCHED,Mauricio Segura,nio_mc-a0-26ww40c
Partition Level,parmemdfi0,stuckat_edt_bypass_low_internal_serial_chain,[NWP] scan: edtbyp cont proxy,NOT_LAUNCHED,Mauricio Segura,nio_mc-a0-26ww40c
Partition Level,parmemdfi0,stuckat_edt_bypass_low_internal_serial_scan,[NWP] scan: edtbyp stuckat proxy,NOT_LAUNCHED,Mauricio Segura,nio_mc-a0-26ww40c
Partition Level,parmemdfi0,stuckat_edt_edt_low_internal_loopback,[NWP] SSN: endpoint loopback,NOT_LAUNCHED,Mauricio Segura,nio_mc-a0-26ww40c
Partition Level,parmemdfi0,stuckat_edt_edt_low_internal_serial_chain,[NWP] scan: edten cont proxy,NOT_LAUNCHED,Mauricio Segura,nio_mc-a0-26ww40c
Partition Level,parmemdfi0,stuckat_edt_edt_low_internal_serial_scan,[NWP] scan: edten stuckat proxy,NOT_LAUNCHED,Mauricio Segura,nio_mc-a0-26ww40c
Partition Level,phy_cluster,atspeed_edt_edt_low_internal_serial_scan,[NWP] scan: edten atspeed proxy,PASS,Bhanu Vattikuti,nio_mc-a0-26ww40c
Stack Level,phy_cluster,memstack_retarget_atspeed_edt_edt_low_internal_serial_scan,[NWP] scan: edten atspeed proxy,PASS,Bhanu Vattikuti,nio_mc-a0-26ww40c
Stack Level,phy_cluster,memstack_retarget_stuckat_edt_bypass_low_internal_serial_chain,[NWP] scan: edtbyp cont proxy,PASS,Bhanu Vattikuti,nio_mc-a0-26ww40c
Stack Level,phy_cluster,memstack_retarget_stuckat_edt_bypass_low_internal_serial_scan,[NWP] scan: edtbyp stuckat proxy,PASS,Bhanu Vattikuti,nio_mc-a0-26ww40c
Stack Level,phy_cluster,memstack_retarget_stuckat_edt_edt_low_internal_loopback,[NWP] SSN: endpoint loopback,PASS,Bhanu Vattikuti,nio_mc-a0-26ww40c
Stack Level,phy_cluster,memstack_retarget_stuckat_edt_edt_low_internal_serial_chain,[NWP] scan: edten cont proxy,PASS,Bhanu Vattikuti,nio_mc-a0-26ww40c
Stack Level,phy_cluster,memstack_retarget_stuckat_edt_edt_low_internal_serial_scan,[NWP] scan: edten stuckat proxy,PASS,Bhanu Vattikuti,nio_mc-a0-26ww40c
Partition Level,phy_cluster,phy_cluster_ub_i_ult_scan_ctlr_stuckat_edt_bypass_low_internal_scandump,[NWP] scan: scandump,PASS,Bhanu Vattikuti,nio_mc-a0-26ww40c
Partition Level,phy_cluster,ssn_continuity,[NWP] SSN: continuity,PASS,Bhanu Vattikuti,nio_mc-a0-26ww40c
Partition Level,phy_cluster,stuckat_edt_bypass_low_internal_burnin_togcnt_cap_off,[NWP] scan: Burnin,PASS,Bhanu Vattikuti,nio_mc-a0-26ww40c
Partition Level,phy_cluster,stuckat_edt_bypass_low_internal_serial_chain,[NWP] scan: edtbyp cont proxy,PASS,Bhanu Vattikuti,nio_mc-a0-26ww40c
Partition Level,phy_cluster,stuckat_edt_bypass_low_internal_serial_scan,[NWP] scan: edtbyp stuckat proxy,PASS,Bhanu Vattikuti,nio_mc-a0-26ww40c
Partition Level,phy_cluster,stuckat_edt_edt_low_internal_loopback,[NWP] SSN: endpoint loopback,PASS,Bhanu Vattikuti,nio_mc-a0-26ww40c
Partition Level,phy_cluster,stuckat_edt_edt_low_internal_serial_chain,[NWP] scan: edten cont proxy,PASS,Bhanu Vattikuti,nio_mc-a0-26ww40c
Partition Level,phy_cluster,stuckat_edt_edt_low_internal_serial_scan,[NWP] scan: edten stuckat proxy,PASS,Bhanu Vattikuti,nio_mc-a0-26ww40c
Partition Level,parmioasf_uio_0,atspeed_edt_edt_low_internal_serial_scan,[NWP] scan: edten atspeed proxy,PASS,Mauricio Segura,nio_uio-a0-26ww40c
Partition Level,parmioasf_uio_0,parmioasf_uio_0_ub_i_ult_scan_ctlr_stuckat_edt_bypass_low_internal_scandump,[NWP] scan: scandump,PASS,Mauricio Segura,nio_uio-a0-26ww40c
Partition Level,parmioasf_uio_0,ssn_continuity,[NWP] SSN: continuity,PASS,Mauricio Segura,nio_uio-a0-26ww40c
Partition Level,parmioasf_uio_0,stuckat_edt_bypass_low_internal_burnin_togcnt_cap_off,[NWP] scan: Burnin,PASS,Mauricio Segura,nio_uio-a0-26ww40c
Partition Level,parmioasf_uio_0,stuckat_edt_bypass_low_internal_serial_chain,[NWP] scan: edtbyp cont proxy,PASS,Mauricio Segura,nio_uio-a0-26ww40c
Partition Level,parmioasf_uio_0,stuckat_edt_bypass_low_internal_serial_scan,[NWP] scan: edtbyp stuckat proxy,PASS,Mauricio Segura,nio_uio-a0-26ww40c
Partition Level,parmioasf_uio_0,stuckat_edt_edt_low_internal_loopback,[NWP] SSN: endpoint loopback,PASS,Mauricio Segura,nio_uio-a0-26ww40c
Partition Level,parmioasf_uio_0,stuckat_edt_edt_low_internal_serial_chain,[NWP] scan: edten cont proxy,PASS,Mauricio Segura,nio_uio-a0-26ww40c
Partition Level,parmioasf_uio_0,stuckat_edt_edt_low_internal_serial_scan,[NWP] scan: edten stuckat proxy,PASS,Mauricio Segura,nio_uio-a0-26ww40c
Stack Level,parmioasf_uio_0,uio_a_0_retarget_atspeed_edt_edt_low_internal_serial_scan,[NWP] scan: edten atspeed proxy,PASS,Mauricio Segura,nio_uio-a0-26ww40c
Stack Level,parmioasf_uio_0,uio_a_0_retarget_stuckat_edt_edt_low_internal_loopback,[NWP] SSN: endpoint loopback,PASS,Mauricio Segura,nio_uio-a0-26ww40c
Stack Level,parmioasf_uio_0,uio_a_0_retarget_stuckat_edt_edt_low_internal_serial_chain,[NWP] scan: edten cont proxy,PASS,Mauricio Segura,nio_uio-a0-26ww40c
Stack Level,parmioasf_uio_0,uio_a_0_retarget_stuckat_edt_edt_low_internal_serial_scan,[NWP] scan: edten stuckat proxy,PASS,Mauricio Segura,nio_uio-a0-26ww40c
Partition Level,parmioasf_uio_1,atspeed_edt_edt_low_internal_serial_scan,[NWP] scan: edten atspeed proxy,NOT_LAUNCHED,SathyahX Sv,nio_uio-a0-26ww40c
Partition Level,parmioasf_uio_1,scan_ctlr_stuckat_edt_bypass_low_internal_scandump,[NWP] scan: scandump,NOT_LAUNCHED,SathyahX Sv,nio_uio-a0-26ww40c
Partition Level,parmioasf_uio_1,ssn_continuity,[NWP] SSN: continuity,NOT_LAUNCHED,SathyahX Sv,nio_uio-a0-26ww40c
Partition Level,parmioasf_uio_1,stuckat_edt_bypass_low_internal_burnin_togcnt_cap_off,[NWP] scan: Burnin,NOT_LAUNCHED,SathyahX Sv,nio_uio-a0-26ww40c
Partition Level,parmioasf_uio_1,stuckat_edt_bypass_low_internal_serial_chain,[NWP] scan: edtbyp cont proxy,NOT_LAUNCHED,SathyahX Sv,nio_uio-a0-26ww40c
Partition Level,parmioasf_uio_1,stuckat_edt_bypass_low_internal_serial_scan,[NWP] scan: edtbyp stuckat proxy,NOT_LAUNCHED,SathyahX Sv,nio_uio-a0-26ww40c
Partition Level,parmioasf_uio_1,stuckat_edt_edt_low_internal_loopback,[NWP] SSN: endpoint loopback,NOT_LAUNCHED,SathyahX Sv,nio_uio-a0-26ww40c
Partition Level,parmioasf_uio_1,stuckat_edt_edt_low_internal_serial_chain,[NWP] scan: edten cont proxy,NOT_LAUNCHED,SathyahX Sv,nio_uio-a0-26ww40c
Partition Level,parmioasf_uio_1,stuckat_edt_edt_low_internal_serial_scan,[NWP] scan: edten stuckat proxy,NOT_LAUNCHED,SathyahX Sv,nio_uio-a0-26ww40c
Stack Level,parmioasf_uio_1,uio_1_retarget_atspeed_edt_edt_low_internal_serial_scan,[NWP] scan: edten atspeed proxy,NOT_LAUNCHED,SathyahX Sv,nio_uio-a0-26ww40c
Stack Level,parmioasf_uio_1,uio_1_retarget_stuckat_edt_edt_low_internal_loopback,[NWP] SSN: endpoint loopback,NOT_LAUNCHED,SathyahX Sv,nio_uio-a0-26ww40c
Stack Level,parmioasf_uio_1,uio_1_retarget_stuckat_edt_edt_low_internal_serial_chain,[NWP] scan: edten cont proxy,NOT_LAUNCHED,SathyahX Sv,nio_uio-a0-26ww40c
Stack Level,parmioasf_uio_1,uio_1_retarget_stuckat_edt_edt_low_internal_serial_scan,[NWP] scan: edten stuckat proxy,NOT_LAUNCHED,SathyahX Sv,nio_uio-a0-26ww40c
Partition Level,parmiocpc_uio_0,atspeed_edt_edt_low_internal_serial_scan,[NWP] scan: edten atspeed proxy,PASS,Mauricio Segura,nio_uio-a0-26ww40c
Partition Level,parmiocpc_uio_0,parmiocpc_uio_0_ub_i_ult_scan_ctlr_stuckat_edt_bypass_low_internal_scandump,[NWP] scan: scandump,PASS,Mauricio Segura,nio_uio-a0-26ww40c
Partition Level,parmiocpc_uio_0,ssn_continuity,[NWP] SSN: continuity,PASS,Mauricio Segura,nio_uio-a0-26ww40c
Partition Level,parmiocpc_uio_0,stuckat_edt_bypass_low_internal_burnin_togcnt_cap_off,[NWP] scan: Burnin,PASS,Mauricio Segura,nio_uio-a0-26ww40c
Partition Level,parmiocpc_uio_0,stuckat_edt_bypass_low_internal_serial_chain,[NWP] scan: edtbyp cont proxy,PASS,Mauricio Segura,nio_uio-a0-26ww40c
Partition Level,parmiocpc_uio_0,stuckat_edt_bypass_low_internal_serial_scan,[NWP] scan: edtbyp stuckat proxy,PASS,Mauricio Segura,nio_uio-a0-26ww40c
Partition Level,parmiocpc_uio_0,stuckat_edt_edt_low_internal_loopback,[NWP] SSN: endpoint loopback,PASS,Mauricio Segura,nio_uio-a0-26ww40c
Partition Level,parmiocpc_uio_0,stuckat_edt_edt_low_internal_serial_chain,[NWP] scan: edten cont proxy,PASS,Mauricio Segura,nio_uio-a0-26ww40c
Partition Level,parmiocpc_uio_0,stuckat_edt_edt_low_internal_serial_scan,[NWP] scan: edten stuckat proxy,PASS,Mauricio Segura,nio_uio-a0-26ww40c
Stack Level,parmiocpc_uio_0,uio_a_0_retarget_atspeed_edt_edt_low_internal_serial_scan,[NWP] scan: edten atspeed proxy,PASS,Mauricio Segura,nio_uio-a0-26ww40c
Stack Level,parmiocpc_uio_0,uio_a_0_retarget_stuckat_edt_edt_low_internal_loopback,[NWP] SSN: endpoint loopback,PASS,Mauricio Segura,nio_uio-a0-26ww40c
Stack Level,parmiocpc_uio_0,uio_a_0_retarget_stuckat_edt_edt_low_internal_serial_chain,[NWP] scan: edten cont proxy,PASS,Mauricio Segura,nio_uio-a0-26ww40c
Stack Level,parmiocpc_uio_0,uio_a_0_retarget_stuckat_edt_edt_low_internal_serial_scan,[NWP] scan: edten stuckat proxy,PASS,Mauricio Segura,nio_uio-a0-26ww40c
Partition Level,parmiocxlrx_uio_0,atspeed_edt_edt_low_internal_serial_scan,[NWP] scan: edten atspeed proxy,PASS,Mauricio Segura,nio_uio-a0-26ww40c
Partition Level,parmiocxlrx_uio_0,parmiocxlrx_uio_0_ub_i_ult_scan_ctlr_stuckat_edt_bypass_low_internal_scandump,[NWP] scan: scandump,PASS,Mauricio Segura,nio_uio-a0-26ww40c
Partition Level,parmiocxlrx_uio_0,ssn_continuity,[NWP] SSN: continuity,PASS,Mauricio Segura,nio_uio-a0-26ww40c
Partition Level,parmiocxlrx_uio_0,stuckat_edt_bypass_low_internal_burnin_togcnt_cap_off,[NWP] scan: Burnin,PASS,Mauricio Segura,nio_uio-a0-26ww40c
Partition Level,parmiocxlrx_uio_0,stuckat_edt_bypass_low_internal_serial_chain,[NWP] scan: edtbyp cont proxy,PASS,Mauricio Segura,nio_uio-a0-26ww40c
Partition Level,parmiocxlrx_uio_0,stuckat_edt_bypass_low_internal_serial_scan,[NWP] scan: edtbyp stuckat proxy,PASS,Mauricio Segura,nio_uio-a0-26ww40c
Partition Level,parmiocxlrx_uio_0,stuckat_edt_edt_low_internal_loopback,[NWP] SSN: endpoint loopback,PASS,Mauricio Segura,nio_uio-a0-26ww40c
Partition Level,parmiocxlrx_uio_0,stuckat_edt_edt_low_internal_serial_chain,[NWP] scan: edten cont proxy,PASS,Mauricio Segura,nio_uio-a0-26ww40c
Partition Level,parmiocxlrx_uio_0,stuckat_edt_edt_low_internal_serial_scan,[NWP] scan: edten stuckat proxy,PASS,Mauricio Segura,nio_uio-a0-26ww40c
Stack Level,parmiocxlrx_uio_0,uio_a_0_retarget_atspeed_edt_edt_low_internal_serial_scan,[NWP] scan: edten atspeed proxy,PASS,Mauricio Segura,nio_uio-a0-26ww40c
Stack Level,parmiocxlrx_uio_0,uio_a_0_retarget_stuckat_edt_edt_low_internal_loopback,[NWP] SSN: endpoint loopback,PASS,Mauricio Segura,nio_uio-a0-26ww40c
Stack Level,parmiocxlrx_uio_0,uio_a_0_retarget_stuckat_edt_edt_low_internal_serial_chain,[NWP] scan: edten cont proxy,PASS,Mauricio Segura,nio_uio-a0-26ww40c
Stack Level,parmiocxlrx_uio_0,uio_a_0_retarget_stuckat_edt_edt_low_internal_serial_scan,[NWP] scan: edten stuckat proxy,PASS,Mauricio Segura,nio_uio-a0-26ww40c
Partition Level,parmiocxltx_uio_0,atspeed_edt_edt_low_internal_serial_scan,[NWP] scan: edten atspeed proxy,PASS,Mario Alpizar,nio_uio-a0-26ww40c
Partition Level,parmiocxltx_uio_0,parmiocxltx_uio_0_ub_i_ult_scan_ctlr_stuckat_edt_bypass_low_internal_scandump,[NWP] scan: scandump,PASS,Mario Alpizar,nio_uio-a0-26ww40c
Partition Level,parmiocxltx_uio_0,ssn_continuity,[NWP] SSN: continuity,PASS,Mario Alpizar,nio_uio-a0-26ww40c
Partition Level,parmiocxltx_uio_0,stuckat_edt_bypass_low_internal_burnin_togcnt_cap_off,[NWP] scan: Burnin,PASS,Mario Alpizar,nio_uio-a0-26ww40c
Partition Level,parmiocxltx_uio_0,stuckat_edt_bypass_low_internal_serial_chain,[NWP] scan: edtbyp cont proxy,PASS,Mario Alpizar,nio_uio-a0-26ww40c
Partition Level,parmiocxltx_uio_0,stuckat_edt_bypass_low_internal_serial_scan,[NWP] scan: edtbyp stuckat proxy,PASS,Mario Alpizar,nio_uio-a0-26ww40c
Partition Level,parmiocxltx_uio_0,stuckat_edt_edt_low_internal_loopback,[NWP] SSN: endpoint loopback,PASS,Mario Alpizar,nio_uio-a0-26ww40c
Partition Level,parmiocxltx_uio_0,stuckat_edt_edt_low_internal_serial_chain,[NWP] scan: edten cont proxy,PASS,Mario Alpizar,nio_uio-a0-26ww40c
Partition Level,parmiocxltx_uio_0,stuckat_edt_edt_low_internal_serial_scan,[NWP] scan: edten stuckat proxy,PASS,Mario Alpizar,nio_uio-a0-26ww40c
Stack Level,parmiocxltx_uio_0,uio_a_0_retarget_atspeed_edt_edt_low_internal_serial_scan,[NWP] scan: edten atspeed proxy,PASS,Mario Alpizar,nio_uio-a0-26ww40c
Stack Level,parmiocxltx_uio_0,uio_a_0_retarget_stuckat_edt_edt_low_internal_loopback,[NWP] SSN: endpoint loopback,PASS,Mario Alpizar,nio_uio-a0-26ww40c
Stack Level,parmiocxltx_uio_0,uio_a_0_retarget_stuckat_edt_edt_low_internal_serial_chain,[NWP] scan: edten cont proxy,PASS,Mario Alpizar,nio_uio-a0-26ww40c
Stack Level,parmiocxltx_uio_0,uio_a_0_retarget_stuckat_edt_edt_low_internal_serial_scan,[NWP] scan: edten stuckat proxy,PASS,Mario Alpizar,nio_uio-a0-26ww40c
Partition Level,parmiofblprxfcrarbmux,atspeed_edt_edt_low_internal_serial_scan,[NWP] scan: edten atspeed proxy,PASS,Emmanuel Araya,nio_uio-a0-26ww40c
Partition Level,parmiofblprxfcrarbmux,parmiofblprxfcrarbmux_ub_i_ult_scan_ctlr_stuckat_edt_bypass_low_internal_scandump,[NWP] scan: scandump,PASS,Emmanuel Araya,nio_uio-a0-26ww40c
Partition Level,parmiofblprxfcrarbmux,ssn_continuity,[NWP] SSN: continuity,PASS,Emmanuel Araya,nio_uio-a0-26ww40c
Partition Level,parmiofblprxfcrarbmux,stuckat_edt_bypass_low_internal_burnin_togcnt_cap_off,[NWP] scan: Burnin,PASS,Emmanuel Araya,nio_uio-a0-26ww40c
Partition Level,parmiofblprxfcrarbmux,stuckat_edt_bypass_low_internal_serial_chain,[NWP] scan: edtbyp cont proxy,PASS,Emmanuel Araya,nio_uio-a0-26ww40c
Partition Level,parmiofblprxfcrarbmux,stuckat_edt_bypass_low_internal_serial_scan,[NWP] scan: edtbyp stuckat proxy,PASS,Emmanuel Araya,nio_uio-a0-26ww40c
Partition Level,parmiofblprxfcrarbmux,stuckat_edt_edt_low_internal_loopback,[NWP] SSN: endpoint loopback,PASS,Emmanuel Araya,nio_uio-a0-26ww40c
Partition Level,parmiofblprxfcrarbmux,stuckat_edt_edt_low_internal_serial_chain,[NWP] scan: edten cont proxy,PASS,Emmanuel Araya,nio_uio-a0-26ww40c
Partition Level,parmiofblprxfcrarbmux,stuckat_edt_edt_low_internal_serial_scan,[NWP] scan: edten stuckat proxy,PASS,Emmanuel Araya,nio_uio-a0-26ww40c
Stack Level,parmiofblprxfcrarbmux,uio_a_0_retarget_atspeed_edt_edt_low_internal_serial_scan,[NWP] scan: edten atspeed proxy,PASS,Emmanuel Araya,nio_uio-a0-26ww40c
Stack Level,parmiofblprxfcrarbmux,uio_a_0_retarget_stuckat_edt_edt_low_internal_loopback,[NWP] SSN: endpoint loopback,PASS,Emmanuel Araya,nio_uio-a0-26ww40c
Stack Level,parmiofblprxfcrarbmux,uio_a_0_retarget_stuckat_edt_edt_low_internal_serial_chain,[NWP] scan: edten cont proxy,PASS,Emmanuel Araya,nio_uio-a0-26ww40c
Stack Level,parmiofblprxfcrarbmux,uio_a_0_retarget_stuckat_edt_edt_low_internal_serial_scan,[NWP] scan: edten stuckat proxy,PASS,Emmanuel Araya,nio_uio-a0-26ww40c
Partition Level,parmiofblprxfcrarbmux_uio_0,atspeed_edt_edt_low_internal_serial_scan,[NWP] scan: edten atspeed proxy,NOT_LAUNCHED,Emmanuel Araya,nio_uio-a0-26ww40c
Partition Level,parmiofblprxfcrarbmux_uio_0,scan_ctlr_stuckat_edt_bypass_low_internal_scandump,[NWP] scan: scandump,NOT_LAUNCHED,Emmanuel Araya,nio_uio-a0-26ww40c
Partition Level,parmiofblprxfcrarbmux_uio_0,ssn_continuity,[NWP] SSN: continuity,NOT_LAUNCHED,Emmanuel Araya,nio_uio-a0-26ww40c
Partition Level,parmiofblprxfcrarbmux_uio_0,stuckat_edt_bypass_low_internal_burnin_togcnt_cap_off,[NWP] scan: Burnin,NOT_LAUNCHED,Emmanuel Araya,nio_uio-a0-26ww40c
Partition Level,parmiofblprxfcrarbmux_uio_0,stuckat_edt_bypass_low_internal_serial_chain,[NWP] scan: edtbyp cont proxy,NOT_LAUNCHED,Emmanuel Araya,nio_uio-a0-26ww40c
Partition Level,parmiofblprxfcrarbmux_uio_0,stuckat_edt_bypass_low_internal_serial_scan,[NWP] scan: edtbyp stuckat proxy,NOT_LAUNCHED,Emmanuel Araya,nio_uio-a0-26ww40c
Partition Level,parmiofblprxfcrarbmux_uio_0,stuckat_edt_edt_low_internal_loopback,[NWP] SSN: endpoint loopback,NOT_LAUNCHED,Emmanuel Araya,nio_uio-a0-26ww40c
Partition Level,parmiofblprxfcrarbmux_uio_0,stuckat_edt_edt_low_internal_serial_chain,[NWP] scan: edten cont proxy,NOT_LAUNCHED,Emmanuel Araya,nio_uio-a0-26ww40c
Partition Level,parmiofblprxfcrarbmux_uio_0,stuckat_edt_edt_low_internal_serial_scan,[NWP] scan: edten stuckat proxy,NOT_LAUNCHED,Emmanuel Araya,nio_uio-a0-26ww40c
Stack Level,parmiofblprxfcrarbmux_uio_0,uio_a_0_retarget_atspeed_edt_edt_low_internal_serial_scan,[NWP] scan: edten atspeed proxy,NOT_LAUNCHED,Emmanuel Araya,nio_uio-a0-26ww40c
Stack Level,parmiofblprxfcrarbmux_uio_0,uio_a_0_retarget_stuckat_edt_edt_low_internal_loopback,[NWP] SSN: endpoint loopback,NOT_LAUNCHED,Emmanuel Araya,nio_uio-a0-26ww40c
Stack Level,parmiofblprxfcrarbmux_uio_0,uio_a_0_retarget_stuckat_edt_edt_low_internal_serial_chain,[NWP] scan: edten cont proxy,NOT_LAUNCHED,Emmanuel Araya,nio_uio-a0-26ww40c
Stack Level,parmiofblprxfcrarbmux_uio_0,uio_a_0_retarget_stuckat_edt_edt_low_internal_serial_scan,[NWP] scan: edten stuckat proxy,NOT_LAUNCHED,Emmanuel Araya,nio_uio-a0-26ww40c
Partition Level,parmiofblprxfcrarbmux_uio_1,atspeed_edt_edt_low_internal_serial_scan,[NWP] scan: edten atspeed proxy,NOT_LAUNCHED,SathyahX Sv,nio_uio-a0-26ww40c
Partition Level,parmiofblprxfcrarbmux_uio_1,scan_ctlr_stuckat_edt_bypass_low_internal_scandump,[NWP] scan: scandump,NOT_LAUNCHED,SathyahX Sv,nio_uio-a0-26ww40c
Partition Level,parmiofblprxfcrarbmux_uio_1,ssn_continuity,[NWP] SSN: continuity,NOT_LAUNCHED,SathyahX Sv,nio_uio-a0-26ww40c
Partition Level,parmiofblprxfcrarbmux_uio_1,stuckat_edt_bypass_low_internal_burnin_togcnt_cap_off,[NWP] scan: Burnin,NOT_LAUNCHED,SathyahX Sv,nio_uio-a0-26ww40c
Partition Level,parmiofblprxfcrarbmux_uio_1,stuckat_edt_bypass_low_internal_serial_chain,[NWP] scan: edtbyp cont proxy,NOT_LAUNCHED,SathyahX Sv,nio_uio-a0-26ww40c
Partition Level,parmiofblprxfcrarbmux_uio_1,stuckat_edt_bypass_low_internal_serial_scan,[NWP] scan: edtbyp stuckat proxy,NOT_LAUNCHED,SathyahX Sv,nio_uio-a0-26ww40c
Partition Level,parmiofblprxfcrarbmux_uio_1,stuckat_edt_edt_low_internal_loopback,[NWP] SSN: endpoint loopback,NOT_LAUNCHED,SathyahX Sv,nio_uio-a0-26ww40c
Partition Level,parmiofblprxfcrarbmux_uio_1,stuckat_edt_edt_low_internal_serial_chain,[NWP] scan: edten cont proxy,NOT_LAUNCHED,SathyahX Sv,nio_uio-a0-26ww40c
Partition Level,parmiofblprxfcrarbmux_uio_1,stuckat_edt_edt_low_internal_serial_scan,[NWP] scan: edten stuckat proxy,NOT_LAUNCHED,SathyahX Sv,nio_uio-a0-26ww40c
Stack Level,parmiofblprxfcrarbmux_uio_1,uio_1_retarget_atspeed_edt_edt_low_internal_serial_scan,[NWP] scan: edten atspeed proxy,NOT_LAUNCHED,SathyahX Sv,nio_uio-a0-26ww40c
Stack Level,parmiofblprxfcrarbmux_uio_1,uio_1_retarget_stuckat_edt_edt_low_internal_loopback,[NWP] SSN: endpoint loopback,NOT_LAUNCHED,SathyahX Sv,nio_uio-a0-26ww40c
Stack Level,parmiofblprxfcrarbmux_uio_1,uio_1_retarget_stuckat_edt_edt_low_internal_serial_chain,[NWP] scan: edten cont proxy,NOT_LAUNCHED,SathyahX Sv,nio_uio-a0-26ww40c
Stack Level,parmiofblprxfcrarbmux_uio_1,uio_1_retarget_stuckat_edt_edt_low_internal_serial_scan,[NWP] scan: edten stuckat proxy,NOT_LAUNCHED,SathyahX Sv,nio_uio-a0-26ww40c
Partition Level,parmiofblptx,atspeed_edt_edt_low_internal_serial_scan,[NWP] scan: edten atspeed proxy,PASS,Mario Alpizar,nio_uio-a0-26ww40c
Partition Level,parmiofblptx,parmiofblptx_ub_i_ult_scan_ctlr_stuckat_edt_bypass_low_internal_scandump,[NWP] scan: scandump,PASS,Mario Alpizar,nio_uio-a0-26ww40c
Partition Level,parmiofblptx,ssn_continuity,[NWP] SSN: continuity,PASS,Mario Alpizar,nio_uio-a0-26ww40c
Partition Level,parmiofblptx,stuckat_edt_bypass_low_internal_burnin_togcnt_cap_off,[NWP] scan: Burnin,PASS,Mario Alpizar,nio_uio-a0-26ww40c
Partition Level,parmiofblptx,stuckat_edt_bypass_low_internal_serial_chain,[NWP] scan: edtbyp cont proxy,PASS,Mario Alpizar,nio_uio-a0-26ww40c
Partition Level,parmiofblptx,stuckat_edt_bypass_low_internal_serial_scan,[NWP] scan: edtbyp stuckat proxy,PASS,Mario Alpizar,nio_uio-a0-26ww40c
Partition Level,parmiofblptx,stuckat_edt_edt_low_internal_loopback,[NWP] SSN: endpoint loopback,PASS,Mario Alpizar,nio_uio-a0-26ww40c
Partition Level,parmiofblptx,stuckat_edt_edt_low_internal_serial_chain,[NWP] scan: edten cont proxy,PASS,Mario Alpizar,nio_uio-a0-26ww40c
Partition Level,parmiofblptx,stuckat_edt_edt_low_internal_serial_scan,[NWP] scan: edten stuckat proxy,PASS,Mario Alpizar,nio_uio-a0-26ww40c
Stack Level,parmiofblptx,uio_a_0_retarget_atspeed_edt_edt_low_internal_serial_scan,[NWP] scan: edten atspeed proxy,PASS,Mario Alpizar,nio_uio-a0-26ww40c
Stack Level,parmiofblptx,uio_a_0_retarget_stuckat_edt_edt_low_internal_loopback,[NWP] SSN: endpoint loopback,PASS,Mario Alpizar,nio_uio-a0-26ww40c
Stack Level,parmiofblptx,uio_a_0_retarget_stuckat_edt_edt_low_internal_serial_chain,[NWP] scan: edten cont proxy,PASS,Mario Alpizar,nio_uio-a0-26ww40c
Stack Level,parmiofblptx,uio_a_0_retarget_stuckat_edt_edt_low_internal_serial_scan,[NWP] scan: edten stuckat proxy,PASS,Mario Alpizar,nio_uio-a0-26ww40c
Partition Level,parmiofblptx_uio_0,atspeed_edt_edt_low_internal_serial_scan,[NWP] scan: edten atspeed proxy,NOT_LAUNCHED,Mario Alpizar,nio_uio-a0-26ww40c
Partition Level,parmiofblptx_uio_0,scan_ctlr_stuckat_edt_bypass_low_internal_scandump,[NWP] scan: scandump,NOT_LAUNCHED,Mario Alpizar,nio_uio-a0-26ww40c
Partition Level,parmiofblptx_uio_0,ssn_continuity,[NWP] SSN: continuity,NOT_LAUNCHED,Mario Alpizar,nio_uio-a0-26ww40c
Partition Level,parmiofblptx_uio_0,stuckat_edt_bypass_low_internal_burnin_togcnt_cap_off,[NWP] scan: Burnin,NOT_LAUNCHED,Mario Alpizar,nio_uio-a0-26ww40c
Partition Level,parmiofblptx_uio_0,stuckat_edt_bypass_low_internal_serial_chain,[NWP] scan: edtbyp cont proxy,NOT_LAUNCHED,Mario Alpizar,nio_uio-a0-26ww40c
Partition Level,parmiofblptx_uio_0,stuckat_edt_bypass_low_internal_serial_scan,[NWP] scan: edtbyp stuckat proxy,NOT_LAUNCHED,Mario Alpizar,nio_uio-a0-26ww40c
Partition Level,parmiofblptx_uio_0,stuckat_edt_edt_low_internal_loopback,[NWP] SSN: endpoint loopback,NOT_LAUNCHED,Mario Alpizar,nio_uio-a0-26ww40c
Partition Level,parmiofblptx_uio_0,stuckat_edt_edt_low_internal_serial_chain,[NWP] scan: edten cont proxy,NOT_LAUNCHED,Mario Alpizar,nio_uio-a0-26ww40c
Partition Level,parmiofblptx_uio_0,stuckat_edt_edt_low_internal_serial_scan,[NWP] scan: edten stuckat proxy,NOT_LAUNCHED,Mario Alpizar,nio_uio-a0-26ww40c
Stack Level,parmiofblptx_uio_0,uio_a_0_retarget_atspeed_edt_edt_low_internal_serial_scan,[NWP] scan: edten atspeed proxy,NOT_LAUNCHED,Mario Alpizar,nio_uio-a0-26ww40c
Stack Level,parmiofblptx_uio_0,uio_a_0_retarget_stuckat_edt_edt_low_internal_loopback,[NWP] SSN: endpoint loopback,NOT_LAUNCHED,Mario Alpizar,nio_uio-a0-26ww40c
Stack Level,parmiofblptx_uio_0,uio_a_0_retarget_stuckat_edt_edt_low_internal_serial_chain,[NWP] scan: edten cont proxy,NOT_LAUNCHED,Mario Alpizar,nio_uio-a0-26ww40c
Stack Level,parmiofblptx_uio_0,uio_a_0_retarget_stuckat_edt_edt_low_internal_serial_scan,[NWP] scan: edten stuckat proxy,NOT_LAUNCHED,Mario Alpizar,nio_uio-a0-26ww40c
Partition Level,parmiofblptx_uio_1,atspeed_edt_edt_low_internal_serial_scan,[NWP] scan: edten atspeed proxy,NOT_LAUNCHED,SathyahX Sv,nio_uio-a0-26ww40c
Partition Level,parmiofblptx_uio_1,scan_ctlr_stuckat_edt_bypass_low_internal_scandump,[NWP] scan: scandump,NOT_LAUNCHED,SathyahX Sv,nio_uio-a0-26ww40c
Partition Level,parmiofblptx_uio_1,ssn_continuity,[NWP] SSN: continuity,NOT_LAUNCHED,SathyahX Sv,nio_uio-a0-26ww40c
Partition Level,parmiofblptx_uio_1,stuckat_edt_bypass_low_internal_burnin_togcnt_cap_off,[NWP] scan: Burnin,NOT_LAUNCHED,SathyahX Sv,nio_uio-a0-26ww40c
Partition Level,parmiofblptx_uio_1,stuckat_edt_bypass_low_internal_serial_chain,[NWP] scan: edtbyp cont proxy,NOT_LAUNCHED,SathyahX Sv,nio_uio-a0-26ww40c
Partition Level,parmiofblptx_uio_1,stuckat_edt_bypass_low_internal_serial_scan,[NWP] scan: edtbyp stuckat proxy,NOT_LAUNCHED,SathyahX Sv,nio_uio-a0-26ww40c
Partition Level,parmiofblptx_uio_1,stuckat_edt_edt_low_internal_loopback,[NWP] SSN: endpoint loopback,NOT_LAUNCHED,SathyahX Sv,nio_uio-a0-26ww40c
Partition Level,parmiofblptx_uio_1,stuckat_edt_edt_low_internal_serial_chain,[NWP] scan: edten cont proxy,NOT_LAUNCHED,SathyahX Sv,nio_uio-a0-26ww40c
Partition Level,parmiofblptx_uio_1,stuckat_edt_edt_low_internal_serial_scan,[NWP] scan: edten stuckat proxy,NOT_LAUNCHED,SathyahX Sv,nio_uio-a0-26ww40c
Stack Level,parmiofblptx_uio_1,uio_1_retarget_atspeed_edt_edt_low_internal_serial_scan,[NWP] scan: edten atspeed proxy,NOT_LAUNCHED,SathyahX Sv,nio_uio-a0-26ww40c
Stack Level,parmiofblptx_uio_1,uio_1_retarget_stuckat_edt_edt_low_internal_loopback,[NWP] SSN: endpoint loopback,NOT_LAUNCHED,SathyahX Sv,nio_uio-a0-26ww40c
Stack Level,parmiofblptx_uio_1,uio_1_retarget_stuckat_edt_edt_low_internal_serial_chain,[NWP] scan: edten cont proxy,NOT_LAUNCHED,SathyahX Sv,nio_uio-a0-26ww40c
Stack Level,parmiofblptx_uio_1,uio_1_retarget_stuckat_edt_edt_low_internal_serial_scan,[NWP] scan: edten stuckat proxy,NOT_LAUNCHED,SathyahX Sv,nio_uio-a0-26ww40c
Partition Level,parmiofblpvnpipeac_uio_0,atspeed_edt_edt_low_internal_serial_scan,[NWP] scan: edten atspeed proxy,PASS,Emmanuel Araya,nio_uio-a0-26ww40c
Partition Level,parmiofblpvnpipeac_uio_0,ssn_continuity,[NWP] SSN: continuity,PASS,Emmanuel Araya,nio_uio-a0-26ww40c
Partition Level,parmiofblpvnpipeac_uio_0,stuckat_edt_bypass_low_internal_burnin_togcnt_cap_off,[NWP] scan: Burnin,PASS,Emmanuel Araya,nio_uio-a0-26ww40c
Partition Level,parmiofblpvnpipeac_uio_0,stuckat_edt_bypass_low_internal_scandump,[NWP] scan: scandump,PASS,Emmanuel Araya,nio_uio-a0-26ww40c
Partition Level,parmiofblpvnpipeac_uio_0,stuckat_edt_bypass_low_internal_serial_chain,[NWP] scan: edtbyp cont proxy,PASS,Emmanuel Araya,nio_uio-a0-26ww40c
Partition Level,parmiofblpvnpipeac_uio_0,stuckat_edt_bypass_low_internal_serial_scan,[NWP] scan: edtbyp stuckat proxy,PASS,Emmanuel Araya,nio_uio-a0-26ww40c
Partition Level,parmiofblpvnpipeac_uio_0,stuckat_edt_edt_low_internal_loopback,[NWP] SSN: endpoint loopback,PASS,Emmanuel Araya,nio_uio-a0-26ww40c
Partition Level,parmiofblpvnpipeac_uio_0,stuckat_edt_edt_low_internal_serial_chain,[NWP] scan: edten cont proxy,PASS,Emmanuel Araya,nio_uio-a0-26ww40c
Partition Level,parmiofblpvnpipeac_uio_0,stuckat_edt_edt_low_internal_serial_scan,[NWP] scan: edten stuckat proxy,PASS,Emmanuel Araya,nio_uio-a0-26ww40c
Stack Level,parmiofblpvnpipeac_uio_0,uio_a_0_retarget_atspeed_edt_edt_low_internal_serial_scan,[NWP] scan: edten atspeed proxy,PASS,Emmanuel Araya,nio_uio-a0-26ww40c
Stack Level,parmiofblpvnpipeac_uio_0,uio_a_0_retarget_stuckat_edt_edt_low_internal_loopback,[NWP] SSN: endpoint loopback,PASS,Emmanuel Araya,nio_uio-a0-26ww40c
Stack Level,parmiofblpvnpipeac_uio_0,uio_a_0_retarget_stuckat_edt_edt_low_internal_serial_chain,[NWP] scan: edten cont proxy,PASS,Emmanuel Araya,nio_uio-a0-26ww40c
Stack Level,parmiofblpvnpipeac_uio_0,uio_a_0_retarget_stuckat_edt_edt_low_internal_serial_scan,[NWP] scan: edten stuckat proxy,PASS,Emmanuel Araya,nio_uio-a0-26ww40c
Partition Level,parmiofblpvnpipeac_uio_1,atspeed_edt_edt_low_internal_serial_scan,[NWP] scan: edten atspeed proxy,NOT_LAUNCHED,SathyahX Sv,nio_uio-a0-26ww40c
Partition Level,parmiofblpvnpipeac_uio_1,scan_ctlr_stuckat_edt_bypass_low_internal_scandump,[NWP] scan: scandump,NOT_LAUNCHED,SathyahX Sv,nio_uio-a0-26ww40c
Partition Level,parmiofblpvnpipeac_uio_1,ssn_continuity,[NWP] SSN: continuity,NOT_LAUNCHED,SathyahX Sv,nio_uio-a0-26ww40c
Partition Level,parmiofblpvnpipeac_uio_1,stuckat_edt_bypass_low_internal_burnin_togcnt_cap_off,[NWP] scan: Burnin,NOT_LAUNCHED,SathyahX Sv,nio_uio-a0-26ww40c
Partition Level,parmiofblpvnpipeac_uio_1,stuckat_edt_bypass_low_internal_serial_chain,[NWP] scan: edtbyp cont proxy,NOT_LAUNCHED,SathyahX Sv,nio_uio-a0-26ww40c
Partition Level,parmiofblpvnpipeac_uio_1,stuckat_edt_bypass_low_internal_serial_scan,[NWP] scan: edtbyp stuckat proxy,NOT_LAUNCHED,SathyahX Sv,nio_uio-a0-26ww40c
Partition Level,parmiofblpvnpipeac_uio_1,stuckat_edt_edt_low_internal_loopback,[NWP] SSN: endpoint loopback,NOT_LAUNCHED,SathyahX Sv,nio_uio-a0-26ww40c
Partition Level,parmiofblpvnpipeac_uio_1,stuckat_edt_edt_low_internal_serial_chain,[NWP] scan: edten cont proxy,NOT_LAUNCHED,SathyahX Sv,nio_uio-a0-26ww40c
Partition Level,parmiofblpvnpipeac_uio_1,stuckat_edt_edt_low_internal_serial_scan,[NWP] scan: edten stuckat proxy,NOT_LAUNCHED,SathyahX Sv,nio_uio-a0-26ww40c
Stack Level,parmiofblpvnpipeac_uio_1,uio_1_retarget_atspeed_edt_edt_low_internal_serial_scan,[NWP] scan: edten atspeed proxy,NOT_LAUNCHED,SathyahX Sv,nio_uio-a0-26ww40c
Stack Level,parmiofblpvnpipeac_uio_1,uio_1_retarget_stuckat_edt_edt_low_internal_loopback,[NWP] SSN: endpoint loopback,NOT_LAUNCHED,SathyahX Sv,nio_uio-a0-26ww40c
Stack Level,parmiofblpvnpipeac_uio_1,uio_1_retarget_stuckat_edt_edt_low_internal_serial_chain,[NWP] scan: edten cont proxy,NOT_LAUNCHED,SathyahX Sv,nio_uio-a0-26ww40c
Stack Level,parmiofblpvnpipeac_uio_1,uio_1_retarget_stuckat_edt_edt_low_internal_serial_scan,[NWP] scan: edten stuckat proxy,NOT_LAUNCHED,SathyahX Sv,nio_uio-a0-26ww40c
Partition Level,parmiohap_uio_0,atspeed_edt_edt_low_internal_serial_scan,[NWP] scan: edten atspeed proxy,PASS,Mario Alpizar,nio_uio-a0-26ww40c
Partition Level,parmiohap_uio_0,parmiohap_uio_0_ub_i_ult_scan_ctlr_stuckat_edt_bypass_low_internal_scandump,[NWP] scan: scandump,PASS,Mario Alpizar,nio_uio-a0-26ww40c
Partition Level,parmiohap_uio_0,ssn_continuity,[NWP] SSN: continuity,PASS,Mario Alpizar,nio_uio-a0-26ww40c
Partition Level,parmiohap_uio_0,stuckat_edt_bypass_low_internal_burnin_togcnt_cap_off,[NWP] scan: Burnin,PASS,Mario Alpizar,nio_uio-a0-26ww40c
Partition Level,parmiohap_uio_0,stuckat_edt_bypass_low_internal_serial_chain,[NWP] scan: edtbyp cont proxy,PASS,Mario Alpizar,nio_uio-a0-26ww40c
Partition Level,parmiohap_uio_0,stuckat_edt_bypass_low_internal_serial_scan,[NWP] scan: edtbyp stuckat proxy,PASS,Mario Alpizar,nio_uio-a0-26ww40c
Partition Level,parmiohap_uio_0,stuckat_edt_edt_low_internal_loopback,[NWP] SSN: endpoint loopback,PASS,Mario Alpizar,nio_uio-a0-26ww40c
Partition Level,parmiohap_uio_0,stuckat_edt_edt_low_internal_serial_chain,[NWP] scan: edten cont proxy,PASS,Mario Alpizar,nio_uio-a0-26ww40c
Partition Level,parmiohap_uio_0,stuckat_edt_edt_low_internal_serial_scan,[NWP] scan: edten stuckat proxy,PASS,Mario Alpizar,nio_uio-a0-26ww40c
Stack Level,parmiohap_uio_0,uio_a_0_retarget_atspeed_edt_edt_low_internal_serial_scan,[NWP] scan: edten atspeed proxy,PASS,Mario Alpizar,nio_uio-a0-26ww40c
Stack Level,parmiohap_uio_0,uio_a_0_retarget_stuckat_edt_edt_low_internal_loopback,[NWP] SSN: endpoint loopback,PASS,Mario Alpizar,nio_uio-a0-26ww40c
Stack Level,parmiohap_uio_0,uio_a_0_retarget_stuckat_edt_edt_low_internal_serial_chain,[NWP] scan: edten cont proxy,PASS,Mario Alpizar,nio_uio-a0-26ww40c
Stack Level,parmiohap_uio_0,uio_a_0_retarget_stuckat_edt_edt_low_internal_serial_scan,[NWP] scan: edten stuckat proxy,PASS,Mario Alpizar,nio_uio-a0-26ww40c
Partition Level,parmioiommu_uio_0,atspeed_edt_edt_low_internal_serial_scan,[NWP] scan: edten atspeed proxy,PASS,Emmanuel Araya,nio_uio-a0-26ww40c
Partition Level,parmioiommu_uio_0,parmioiommu_uio_0_ub_i_ult_scan_ctlr_stuckat_edt_bypass_low_internal_scandump,[NWP] scan: scandump,PASS,Emmanuel Araya,nio_uio-a0-26ww40c
Partition Level,parmioiommu_uio_0,ssn_continuity,[NWP] SSN: continuity,PASS,Emmanuel Araya,nio_uio-a0-26ww40c
Partition Level,parmioiommu_uio_0,stuckat_edt_bypass_low_internal_burnin_togcnt_cap_off,[NWP] scan: Burnin,PASS,Emmanuel Araya,nio_uio-a0-26ww40c
Partition Level,parmioiommu_uio_0,stuckat_edt_bypass_low_internal_serial_chain,[NWP] scan: edtbyp cont proxy,PASS,Emmanuel Araya,nio_uio-a0-26ww40c
Partition Level,parmioiommu_uio_0,stuckat_edt_bypass_low_internal_serial_scan,[NWP] scan: edtbyp stuckat proxy,PASS,Emmanuel Araya,nio_uio-a0-26ww40c
Partition Level,parmioiommu_uio_0,stuckat_edt_edt_low_internal_loopback,[NWP] SSN: endpoint loopback,PASS,Emmanuel Araya,nio_uio-a0-26ww40c
Partition Level,parmioiommu_uio_0,stuckat_edt_edt_low_internal_serial_chain,[NWP] scan: edten cont proxy,PASS,Emmanuel Araya,nio_uio-a0-26ww40c
Partition Level,parmioiommu_uio_0,stuckat_edt_edt_low_internal_serial_scan,[NWP] scan: edten stuckat proxy,PASS,Emmanuel Araya,nio_uio-a0-26ww40c
Stack Level,parmioiommu_uio_0,uio_a_0_retarget_atspeed_edt_edt_low_internal_serial_scan,[NWP] scan: edten atspeed proxy,PASS,Emmanuel Araya,nio_uio-a0-26ww40c
Stack Level,parmioiommu_uio_0,uio_a_0_retarget_stuckat_edt_edt_low_internal_loopback,[NWP] SSN: endpoint loopback,PASS,Emmanuel Araya,nio_uio-a0-26ww40c
Stack Level,parmioiommu_uio_0,uio_a_0_retarget_stuckat_edt_edt_low_internal_serial_chain,[NWP] scan: edten cont proxy,PASS,Emmanuel Araya,nio_uio-a0-26ww40c
Stack Level,parmioiommu_uio_0,uio_a_0_retarget_stuckat_edt_edt_low_internal_serial_scan,[NWP] scan: edten stuckat proxy,PASS,Emmanuel Araya,nio_uio-a0-26ww40c
Partition Level,parmioitc_uio_0,atspeed_edt_edt_low_internal_serial_scan,[NWP] scan: edten atspeed proxy,PASS,Mario Alpizar,nio_uio-a0-26ww40c
Partition Level,parmioitc_uio_0,parmioitc_uio_0_ub_i_ult_scan_ctlr_stuckat_edt_bypass_low_internal_scandump,[NWP] scan: scandump,PASS,Mario Alpizar,nio_uio-a0-26ww40c
Partition Level,parmioitc_uio_0,ssn_continuity,[NWP] SSN: continuity,PASS,Mario Alpizar,nio_uio-a0-26ww40c
Partition Level,parmioitc_uio_0,stuckat_edt_bypass_low_internal_burnin_togcnt_cap_off,[NWP] scan: Burnin,PASS,Mario Alpizar,nio_uio-a0-26ww40c
Partition Level,parmioitc_uio_0,stuckat_edt_bypass_low_internal_serial_chain,[NWP] scan: edtbyp cont proxy,PASS,Mario Alpizar,nio_uio-a0-26ww40c
Partition Level,parmioitc_uio_0,stuckat_edt_bypass_low_internal_serial_scan,[NWP] scan: edtbyp stuckat proxy,PASS,Mario Alpizar,nio_uio-a0-26ww40c
Partition Level,parmioitc_uio_0,stuckat_edt_edt_low_internal_loopback,[NWP] SSN: endpoint loopback,PASS,Mario Alpizar,nio_uio-a0-26ww40c
Partition Level,parmioitc_uio_0,stuckat_edt_edt_low_internal_serial_chain,[NWP] scan: edten cont proxy,PASS,Mario Alpizar,nio_uio-a0-26ww40c
Partition Level,parmioitc_uio_0,stuckat_edt_edt_low_internal_serial_scan,[NWP] scan: edten stuckat proxy,PASS,Mario Alpizar,nio_uio-a0-26ww40c
Stack Level,parmioitc_uio_0,uio_a_0_retarget_atspeed_edt_edt_low_internal_serial_scan,[NWP] scan: edten atspeed proxy,PASS,Mario Alpizar,nio_uio-a0-26ww40c
Stack Level,parmioitc_uio_0,uio_a_0_retarget_stuckat_edt_edt_low_internal_loopback,[NWP] SSN: endpoint loopback,PASS,Mario Alpizar,nio_uio-a0-26ww40c
Stack Level,parmioitc_uio_0,uio_a_0_retarget_stuckat_edt_edt_low_internal_serial_chain,[NWP] scan: edten cont proxy,PASS,Mario Alpizar,nio_uio-a0-26ww40c
Stack Level,parmioitc_uio_0,uio_a_0_retarget_stuckat_edt_edt_low_internal_serial_scan,[NWP] scan: edten stuckat proxy,PASS,Mario Alpizar,nio_uio-a0-26ww40c
Partition Level,parmiomisc_uio_0,atspeed_edt_edt_low_internal_serial_scan,[NWP] scan: edten atspeed proxy,PASS,SathyahX Sv,nio_uio-a0-26ww40c
Partition Level,parmiomisc_uio_0,atspeed_edt_edt_low_internal_sih_loopback,[NWP] SIH case val,PASS,Diego Matamoros,nio_uio-a0-26ww40c
Partition Level,parmiomisc_uio_0,atspeed_edt_edt_low_internal_sih_serial_chain,[NWP] SIH case val,PASS,Diego Matamoros,nio_uio-a0-26ww40c
Partition Level,parmiomisc_uio_0,atspeed_edt_edt_low_internal_sih_serial_scan,[NWP] SIH case val,PASS,Diego Matamoros,nio_uio-a0-26ww40c
Partition Level,parmiomisc_uio_0,parmiomisc_uio_0_ub_i_ult_scan_ctlr_stuckat_edt_bypass_low_internal_scandump,[NWP] scan: scandump,PASS,SathyahX Sv,nio_uio-a0-26ww40c
Partition Level,parmiomisc_uio_0,ssn_continuity,[NWP] SSN: continuity,PASS,SathyahX Sv,nio_uio-a0-26ww40c
Partition Level,parmiomisc_uio_0,stuckat_edt_bypass_low_internal_burnin_togcnt_cap_off,[NWP] scan: Burnin,PASS,SathyahX Sv,nio_uio-a0-26ww40c
Partition Level,parmiomisc_uio_0,stuckat_edt_bypass_low_internal_serial_chain,[NWP] scan: edtbyp cont proxy,PASS,SathyahX Sv,nio_uio-a0-26ww40c
Partition Level,parmiomisc_uio_0,stuckat_edt_bypass_low_internal_serial_scan,[NWP] scan: edtbyp stuckat proxy,PASS,SathyahX Sv,nio_uio-a0-26ww40c
Partition Level,parmiomisc_uio_0,stuckat_edt_edt_low_internal_loopback,[NWP] SSN: endpoint loopback,PASS,SathyahX Sv,nio_uio-a0-26ww40c
Partition Level,parmiomisc_uio_0,stuckat_edt_edt_low_internal_serial_chain,[NWP] scan: edten cont proxy,PASS,SathyahX Sv,nio_uio-a0-26ww40c
Partition Level,parmiomisc_uio_0,stuckat_edt_edt_low_internal_serial_scan,[NWP] scan: edten stuckat proxy,PASS,SathyahX Sv,nio_uio-a0-26ww40c
Partition Level,parmiomisc_uio_0,stuckat_edt_edt_low_internal_sih_loopback,[NWP] SIH case val,PASS,Diego Matamoros,nio_uio-a0-26ww40c
Partition Level,parmiomisc_uio_0,stuckat_edt_edt_low_internal_sih_serial_chain,[NWP] SIH case val,PASS,Diego Matamoros,nio_uio-a0-26ww40c
Partition Level,parmiomisc_uio_0,stuckat_edt_edt_low_internal_sih_serial_scan,[NWP] SIH case val,PASS,Diego Matamoros,nio_uio-a0-26ww40c
Stack Level,parmiomisc_uio_0,uio_a_0_retarget_atspeed_edt_edt_low_internal_serial_scan,[NWP] scan: edten atspeed proxy,PASS,SathyahX Sv,nio_uio-a0-26ww40c
Stack Level,parmiomisc_uio_0,uio_a_0_retarget_stuckat_edt_edt_low_internal_loopback,[NWP] SSN: endpoint loopback,PASS,SathyahX Sv,nio_uio-a0-26ww40c
Stack Level,parmiomisc_uio_0,uio_a_0_retarget_stuckat_edt_edt_low_internal_serial_chain,[NWP] scan: edten cont proxy,PASS,SathyahX Sv,nio_uio-a0-26ww40c
Stack Level,parmiomisc_uio_0,uio_a_0_retarget_stuckat_edt_edt_low_internal_serial_scan,[NWP] scan: edten stuckat proxy,PASS,SathyahX Sv,nio_uio-a0-26ww40c
Partition Level,parmiomisc_uio_1,atspeed_edt_edt_low_internal_serial_scan,[NWP] scan: edten atspeed proxy,NOT_LAUNCHED,SathyahX Sv,nio_uio-a0-26ww40c
Partition Level,parmiomisc_uio_1,scan_ctlr_stuckat_edt_bypass_low_internal_scandump,[NWP] scan: scandump,NOT_LAUNCHED,SathyahX Sv,nio_uio-a0-26ww40c
Partition Level,parmiomisc_uio_1,ssn_continuity,[NWP] SSN: continuity,NOT_LAUNCHED,SathyahX Sv,nio_uio-a0-26ww40c
Partition Level,parmiomisc_uio_1,stuckat_edt_bypass_low_internal_burnin_togcnt_cap_off,[NWP] scan: Burnin,NOT_LAUNCHED,SathyahX Sv,nio_uio-a0-26ww40c
Partition Level,parmiomisc_uio_1,stuckat_edt_bypass_low_internal_serial_chain,[NWP] scan: edtbyp cont proxy,NOT_LAUNCHED,SathyahX Sv,nio_uio-a0-26ww40c
Partition Level,parmiomisc_uio_1,stuckat_edt_bypass_low_internal_serial_scan,[NWP] scan: edtbyp stuckat proxy,NOT_LAUNCHED,SathyahX Sv,nio_uio-a0-26ww40c
Partition Level,parmiomisc_uio_1,stuckat_edt_edt_low_internal_loopback,[NWP] SSN: endpoint loopback,NOT_LAUNCHED,SathyahX Sv,nio_uio-a0-26ww40c
Partition Level,parmiomisc_uio_1,stuckat_edt_edt_low_internal_serial_chain,[NWP] scan: edten cont proxy,NOT_LAUNCHED,SathyahX Sv,nio_uio-a0-26ww40c
Partition Level,parmiomisc_uio_1,stuckat_edt_edt_low_internal_serial_scan,[NWP] scan: edten stuckat proxy,NOT_LAUNCHED,SathyahX Sv,nio_uio-a0-26ww40c
Stack Level,parmiomisc_uio_1,uio_1_retarget_atspeed_edt_edt_low_internal_serial_scan,[NWP] scan: edten atspeed proxy,NOT_LAUNCHED,SathyahX Sv,nio_uio-a0-26ww40c
Stack Level,parmiomisc_uio_1,uio_1_retarget_stuckat_edt_edt_low_internal_loopback,[NWP] SSN: endpoint loopback,NOT_LAUNCHED,SathyahX Sv,nio_uio-a0-26ww40c
Stack Level,parmiomisc_uio_1,uio_1_retarget_stuckat_edt_edt_low_internal_serial_chain,[NWP] scan: edten cont proxy,NOT_LAUNCHED,SathyahX Sv,nio_uio-a0-26ww40c
Stack Level,parmiomisc_uio_1,uio_1_retarget_stuckat_edt_edt_low_internal_serial_scan,[NWP] scan: edten stuckat proxy,NOT_LAUNCHED,SathyahX Sv,nio_uio-a0-26ww40c
Partition Level,parmiootc_uio_0,atspeed_edt_edt_low_internal_serial_scan,[NWP] scan: edten atspeed proxy,PASS,Mauricio Segura,nio_uio-a0-26ww40c
Partition Level,parmiootc_uio_0,parmiootc_uio_0_ub_i_ult_scan_ctlr_stuckat_edt_bypass_low_internal_scandump,[NWP] scan: scandump,PASS,Mauricio Segura,nio_uio-a0-26ww40c
Partition Level,parmiootc_uio_0,ssn_continuity,[NWP] SSN: continuity,PASS,Mauricio Segura,nio_uio-a0-26ww40c
Partition Level,parmiootc_uio_0,stuckat_edt_bypass_low_internal_burnin_togcnt_cap_off,[NWP] scan: Burnin,PASS,Mauricio Segura,nio_uio-a0-26ww40c
Partition Level,parmiootc_uio_0,stuckat_edt_bypass_low_internal_serial_chain,[NWP] scan: edtbyp cont proxy,PASS,Mauricio Segura,nio_uio-a0-26ww40c
Partition Level,parmiootc_uio_0,stuckat_edt_bypass_low_internal_serial_scan,[NWP] scan: edtbyp stuckat proxy,PASS,Mauricio Segura,nio_uio-a0-26ww40c
Partition Level,parmiootc_uio_0,stuckat_edt_edt_low_internal_loopback,[NWP] SSN: endpoint loopback,PASS,Mauricio Segura,nio_uio-a0-26ww40c
Partition Level,parmiootc_uio_0,stuckat_edt_edt_low_internal_serial_chain,[NWP] scan: edten cont proxy,PASS,Mauricio Segura,nio_uio-a0-26ww40c
Partition Level,parmiootc_uio_0,stuckat_edt_edt_low_internal_serial_scan,[NWP] scan: edten stuckat proxy,PASS,Mauricio Segura,nio_uio-a0-26ww40c
Stack Level,parmiootc_uio_0,uio_a_0_retarget_atspeed_edt_edt_low_internal_serial_scan,[NWP] scan: edten atspeed proxy,PASS,Mauricio Segura,nio_uio-a0-26ww40c
Stack Level,parmiootc_uio_0,uio_a_0_retarget_stuckat_edt_edt_low_internal_loopback,[NWP] SSN: endpoint loopback,PASS,Mauricio Segura,nio_uio-a0-26ww40c
Stack Level,parmiootc_uio_0,uio_a_0_retarget_stuckat_edt_edt_low_internal_serial_chain,[NWP] scan: edten cont proxy,PASS,Mauricio Segura,nio_uio-a0-26ww40c
Stack Level,parmiootc_uio_0,uio_a_0_retarget_stuckat_edt_edt_low_internal_serial_scan,[NWP] scan: edten stuckat proxy,PASS,Mauricio Segura,nio_uio-a0-26ww40c
Partition Level,parmiopcie6trcore_uio_0,atspeed_edt_edt_low_internal_serial_scan,[NWP] scan: edten atspeed proxy,PASS,Mauricio Segura,nio_uio-a0-26ww40c
Partition Level,parmiopcie6trcore_uio_0,parmiopcie6trcore_uio_0_ub_i_ult_scan_ctlr_stuckat_edt_bypass_low_internal_scandump,[NWP] scan: scandump,PASS,Mauricio Segura,nio_uio-a0-26ww40c
Partition Level,parmiopcie6trcore_uio_0,ssn_continuity,[NWP] SSN: continuity,PASS,Mauricio Segura,nio_uio-a0-26ww40c
Partition Level,parmiopcie6trcore_uio_0,stuckat_edt_bypass_low_internal_burnin_togcnt_cap_off,[NWP] scan: Burnin,PASS,Mauricio Segura,nio_uio-a0-26ww40c
Partition Level,parmiopcie6trcore_uio_0,stuckat_edt_bypass_low_internal_serial_chain,[NWP] scan: edtbyp cont proxy,PASS,Mauricio Segura,nio_uio-a0-26ww40c
Partition Level,parmiopcie6trcore_uio_0,stuckat_edt_bypass_low_internal_serial_scan,[NWP] scan: edtbyp stuckat proxy,PASS,Mauricio Segura,nio_uio-a0-26ww40c
Partition Level,parmiopcie6trcore_uio_0,stuckat_edt_edt_low_internal_loopback,[NWP] SSN: endpoint loopback,PASS,Mauricio Segura,nio_uio-a0-26ww40c
Partition Level,parmiopcie6trcore_uio_0,stuckat_edt_edt_low_internal_serial_chain,[NWP] scan: edten cont proxy,PASS,Mauricio Segura,nio_uio-a0-26ww40c
Partition Level,parmiopcie6trcore_uio_0,stuckat_edt_edt_low_internal_serial_scan,[NWP] scan: edten stuckat proxy,PASS,Mauricio Segura,nio_uio-a0-26ww40c
Stack Level,parmiopcie6trcore_uio_0,uio_a_0_retarget_atspeed_edt_edt_low_internal_serial_scan,[NWP] scan: edten atspeed proxy,PASS,Mauricio Segura,nio_uio-a0-26ww40c
Stack Level,parmiopcie6trcore_uio_0,uio_a_0_retarget_stuckat_edt_edt_low_internal_loopback,[NWP] SSN: endpoint loopback,PASS,Mauricio Segura,nio_uio-a0-26ww40c
Stack Level,parmiopcie6trcore_uio_0,uio_a_0_retarget_stuckat_edt_edt_low_internal_serial_chain,[NWP] scan: edten cont proxy,PASS,Mauricio Segura,nio_uio-a0-26ww40c
Stack Level,parmiopcie6trcore_uio_0,uio_a_0_retarget_stuckat_edt_edt_low_internal_serial_scan,[NWP] scan: edten stuckat proxy,PASS,Mauricio Segura,nio_uio-a0-26ww40c
Partition Level,parmiopcie6tridelldp_uio_0,atspeed_edt_edt_low_internal_serial_scan,[NWP] scan: edten atspeed proxy,PASS,Emmanuel Araya,nio_uio-a0-26ww40c
Partition Level,parmiopcie6tridelldp_uio_0,parmiopcie6tridelldp_uio_0_ub_i_ult_scan_ctlr_stuckat_edt_bypass_low_internal_scandump,[NWP] scan: scandump,PASS,Emmanuel Araya,nio_uio-a0-26ww40c
Partition Level,parmiopcie6tridelldp_uio_0,ssn_continuity,[NWP] SSN: continuity,PASS,Emmanuel Araya,nio_uio-a0-26ww40c
Partition Level,parmiopcie6tridelldp_uio_0,stuckat_edt_bypass_low_internal_burnin_togcnt_cap_off,[NWP] scan: Burnin,PASS,Emmanuel Araya,nio_uio-a0-26ww40c
Partition Level,parmiopcie6tridelldp_uio_0,stuckat_edt_bypass_low_internal_serial_chain,[NWP] scan: edtbyp cont proxy,PASS,Emmanuel Araya,nio_uio-a0-26ww40c
Partition Level,parmiopcie6tridelldp_uio_0,stuckat_edt_bypass_low_internal_serial_scan,[NWP] scan: edtbyp stuckat proxy,PASS,Emmanuel Araya,nio_uio-a0-26ww40c
Partition Level,parmiopcie6tridelldp_uio_0,stuckat_edt_edt_low_internal_loopback,[NWP] SSN: endpoint loopback,PASS,Emmanuel Araya,nio_uio-a0-26ww40c
Partition Level,parmiopcie6tridelldp_uio_0,stuckat_edt_edt_low_internal_serial_chain,[NWP] scan: edten cont proxy,PASS,Emmanuel Araya,nio_uio-a0-26ww40c
Partition Level,parmiopcie6tridelldp_uio_0,stuckat_edt_edt_low_internal_serial_scan,[NWP] scan: edten stuckat proxy,PASS,Emmanuel Araya,nio_uio-a0-26ww40c
Stack Level,parmiopcie6tridelldp_uio_0,uio_a_0_retarget_atspeed_edt_edt_low_internal_serial_scan,[NWP] scan: edten atspeed proxy,PASS,Emmanuel Araya,nio_uio-a0-26ww40c
Stack Level,parmiopcie6tridelldp_uio_0,uio_a_0_retarget_stuckat_edt_edt_low_internal_loopback,[NWP] SSN: endpoint loopback,PASS,Emmanuel Araya,nio_uio-a0-26ww40c
Stack Level,parmiopcie6tridelldp_uio_0,uio_a_0_retarget_stuckat_edt_edt_low_internal_serial_chain,[NWP] scan: edten cont proxy,PASS,Emmanuel Araya,nio_uio-a0-26ww40c
Stack Level,parmiopcie6tridelldp_uio_0,uio_a_0_retarget_stuckat_edt_edt_low_internal_serial_scan,[NWP] scan: edten stuckat proxy,PASS,Emmanuel Araya,nio_uio-a0-26ww40c
Partition Level,parmiopcie6ttcore_uio_0,atspeed_edt_edt_low_internal_serial_scan,[NWP] scan: edten atspeed proxy,PASS,Mario Alpizar,nio_uio-a0-26ww40c
Partition Level,parmiopcie6ttcore_uio_0,parmiopcie6ttcore_uio_0_ub_i_ult_scan_ctlr_stuckat_edt_bypass_low_internal_scandump,[NWP] scan: scandump,PASS,Mario Alpizar,nio_uio-a0-26ww40c
Partition Level,parmiopcie6ttcore_uio_0,ssn_continuity,[NWP] SSN: continuity,PASS,Mario Alpizar,nio_uio-a0-26ww40c
Partition Level,parmiopcie6ttcore_uio_0,stuckat_edt_bypass_low_internal_burnin_togcnt_cap_off,[NWP] scan: Burnin,PASS,Mario Alpizar,nio_uio-a0-26ww40c
Partition Level,parmiopcie6ttcore_uio_0,stuckat_edt_bypass_low_internal_serial_chain,[NWP] scan: edtbyp cont proxy,PASS,Mario Alpizar,nio_uio-a0-26ww40c
Partition Level,parmiopcie6ttcore_uio_0,stuckat_edt_bypass_low_internal_serial_scan,[NWP] scan: edtbyp stuckat proxy,PASS,Mario Alpizar,nio_uio-a0-26ww40c
Partition Level,parmiopcie6ttcore_uio_0,stuckat_edt_edt_low_internal_loopback,[NWP] SSN: endpoint loopback,PASS,Mario Alpizar,nio_uio-a0-26ww40c
Partition Level,parmiopcie6ttcore_uio_0,stuckat_edt_edt_low_internal_serial_chain,[NWP] scan: edten cont proxy,PASS,Mario Alpizar,nio_uio-a0-26ww40c
Partition Level,parmiopcie6ttcore_uio_0,stuckat_edt_edt_low_internal_serial_scan,[NWP] scan: edten stuckat proxy,PASS,Mario Alpizar,nio_uio-a0-26ww40c
Stack Level,parmiopcie6ttcore_uio_0,uio_a_0_retarget_atspeed_edt_edt_low_internal_serial_scan,[NWP] scan: edten atspeed proxy,PASS,Mario Alpizar,nio_uio-a0-26ww40c
Stack Level,parmiopcie6ttcore_uio_0,uio_a_0_retarget_stuckat_edt_edt_low_internal_loopback,[NWP] SSN: endpoint loopback,PASS,Mario Alpizar,nio_uio-a0-26ww40c
Stack Level,parmiopcie6ttcore_uio_0,uio_a_0_retarget_stuckat_edt_edt_low_internal_serial_chain,[NWP] scan: edten cont proxy,PASS,Mario Alpizar,nio_uio-a0-26ww40c
Stack Level,parmiopcie6ttcore_uio_0,uio_a_0_retarget_stuckat_edt_edt_low_internal_serial_scan,[NWP] scan: edten stuckat proxy,PASS,Mario Alpizar,nio_uio-a0-26ww40c
Partition Level,parmiopcie6ttidecee_uio_0,atspeed_edt_edt_low_internal_serial_scan,[NWP] scan: edten atspeed proxy,PASS,Emmanuel Araya,nio_uio-a0-26ww40c
Partition Level,parmiopcie6ttidecee_uio_0,parmiopcie6ttidecee_uio_0_ub_i_ult_scan_ctlr_stuckat_edt_bypass_low_internal_scandump,[NWP] scan: scandump,PASS,Emmanuel Araya,nio_uio-a0-26ww40c
Partition Level,parmiopcie6ttidecee_uio_0,ssn_continuity,[NWP] SSN: continuity,PASS,Emmanuel Araya,nio_uio-a0-26ww40c
Partition Level,parmiopcie6ttidecee_uio_0,stuckat_edt_bypass_low_internal_burnin_togcnt_cap_off,[NWP] scan: Burnin,PASS,Emmanuel Araya,nio_uio-a0-26ww40c
Partition Level,parmiopcie6ttidecee_uio_0,stuckat_edt_bypass_low_internal_serial_chain,[NWP] scan: edtbyp cont proxy,PASS,Emmanuel Araya,nio_uio-a0-26ww40c
Partition Level,parmiopcie6ttidecee_uio_0,stuckat_edt_bypass_low_internal_serial_scan,[NWP] scan: edtbyp stuckat proxy,PASS,Emmanuel Araya,nio_uio-a0-26ww40c
Partition Level,parmiopcie6ttidecee_uio_0,stuckat_edt_edt_low_internal_loopback,[NWP] SSN: endpoint loopback,PASS,Emmanuel Araya,nio_uio-a0-26ww40c
Partition Level,parmiopcie6ttidecee_uio_0,stuckat_edt_edt_low_internal_serial_chain,[NWP] scan: edten cont proxy,PASS,Emmanuel Araya,nio_uio-a0-26ww40c
Partition Level,parmiopcie6ttidecee_uio_0,stuckat_edt_edt_low_internal_serial_scan,[NWP] scan: edten stuckat proxy,PASS,Emmanuel Araya,nio_uio-a0-26ww40c
Stack Level,parmiopcie6ttidecee_uio_0,uio_a_0_retarget_atspeed_edt_edt_low_internal_serial_scan,[NWP] scan: edten atspeed proxy,PASS,Emmanuel Araya,nio_uio-a0-26ww40c
Stack Level,parmiopcie6ttidecee_uio_0,uio_a_0_retarget_stuckat_edt_edt_low_internal_loopback,[NWP] SSN: endpoint loopback,PASS,Emmanuel Araya,nio_uio-a0-26ww40c
Stack Level,parmiopcie6ttidecee_uio_0,uio_a_0_retarget_stuckat_edt_edt_low_internal_serial_chain,[NWP] scan: edten cont proxy,PASS,Emmanuel Araya,nio_uio-a0-26ww40c
Stack Level,parmiopcie6ttidecee_uio_0,uio_a_0_retarget_stuckat_edt_edt_low_internal_serial_scan,[NWP] scan: edten stuckat proxy,PASS,Emmanuel Araya,nio_uio-a0-26ww40c
Partition Level,parmiopcie6ttidecee_uio_1,atspeed_edt_edt_low_internal_serial_scan,[NWP] scan: edten atspeed proxy,NOT_LAUNCHED,SathyahX Sv,nio_uio-a0-26ww40c
Partition Level,parmiopcie6ttidecee_uio_1,scan_ctlr_stuckat_edt_bypass_low_internal_scandump,[NWP] scan: scandump,NOT_LAUNCHED,SathyahX Sv,nio_uio-a0-26ww40c
Partition Level,parmiopcie6ttidecee_uio_1,ssn_continuity,[NWP] SSN: continuity,NOT_LAUNCHED,SathyahX Sv,nio_uio-a0-26ww40c
Partition Level,parmiopcie6ttidecee_uio_1,stuckat_edt_bypass_low_internal_burnin_togcnt_cap_off,[NWP] scan: Burnin,NOT_LAUNCHED,SathyahX Sv,nio_uio-a0-26ww40c
Partition Level,parmiopcie6ttidecee_uio_1,stuckat_edt_bypass_low_internal_serial_chain,[NWP] scan: edtbyp cont proxy,NOT_LAUNCHED,SathyahX Sv,nio_uio-a0-26ww40c
Partition Level,parmiopcie6ttidecee_uio_1,stuckat_edt_bypass_low_internal_serial_scan,[NWP] scan: edtbyp stuckat proxy,NOT_LAUNCHED,SathyahX Sv,nio_uio-a0-26ww40c
Partition Level,parmiopcie6ttidecee_uio_1,stuckat_edt_edt_low_internal_loopback,[NWP] SSN: endpoint loopback,NOT_LAUNCHED,SathyahX Sv,nio_uio-a0-26ww40c
Partition Level,parmiopcie6ttidecee_uio_1,stuckat_edt_edt_low_internal_serial_chain,[NWP] scan: edten cont proxy,NOT_LAUNCHED,SathyahX Sv,nio_uio-a0-26ww40c
Partition Level,parmiopcie6ttidecee_uio_1,stuckat_edt_edt_low_internal_serial_scan,[NWP] scan: edten stuckat proxy,NOT_LAUNCHED,SathyahX Sv,nio_uio-a0-26ww40c
Stack Level,parmiopcie6ttidecee_uio_1,uio_1_retarget_atspeed_edt_edt_low_internal_serial_scan,[NWP] scan: edten atspeed proxy,NOT_LAUNCHED,SathyahX Sv,nio_uio-a0-26ww40c
Stack Level,parmiopcie6ttidecee_uio_1,uio_1_retarget_stuckat_edt_edt_low_internal_loopback,[NWP] SSN: endpoint loopback,NOT_LAUNCHED,SathyahX Sv,nio_uio-a0-26ww40c
Stack Level,parmiopcie6ttidecee_uio_1,uio_1_retarget_stuckat_edt_edt_low_internal_serial_chain,[NWP] scan: edten cont proxy,NOT_LAUNCHED,SathyahX Sv,nio_uio-a0-26ww40c
Stack Level,parmiopcie6ttidecee_uio_1,uio_1_retarget_stuckat_edt_edt_low_internal_serial_scan,[NWP] scan: edten stuckat proxy,NOT_LAUNCHED,SathyahX Sv,nio_uio-a0-26ww40c
Partition Level,parmiostaticmux_uio_0,atspeed_edt_edt_low_internal_serial_scan,[NWP] scan: edten atspeed proxy,PASS,Mario Alpizar,nio_uio-a0-26ww40c
Partition Level,parmiostaticmux_uio_0,parmiostaticmux_uio_0_ub_i_ult_scan_ctlr_stuckat_edt_bypass_low_internal_scandump,[NWP] scan: scandump,PASS,Mario Alpizar,nio_uio-a0-26ww40c
Partition Level,parmiostaticmux_uio_0,ssn_continuity,[NWP] SSN: continuity,PASS,Mario Alpizar,nio_uio-a0-26ww40c
Partition Level,parmiostaticmux_uio_0,stuckat_edt_bypass_low_internal_burnin_togcnt_cap_off,[NWP] scan: Burnin,PASS,Mario Alpizar,nio_uio-a0-26ww40c
Partition Level,parmiostaticmux_uio_0,stuckat_edt_bypass_low_internal_serial_chain,[NWP] scan: edtbyp cont proxy,PASS,Mario Alpizar,nio_uio-a0-26ww40c
Partition Level,parmiostaticmux_uio_0,stuckat_edt_bypass_low_internal_serial_scan,[NWP] scan: edtbyp stuckat proxy,PASS,Mario Alpizar,nio_uio-a0-26ww40c
Partition Level,parmiostaticmux_uio_0,stuckat_edt_edt_low_internal_loopback,[NWP] SSN: endpoint loopback,PASS,Mario Alpizar,nio_uio-a0-26ww40c
Partition Level,parmiostaticmux_uio_0,stuckat_edt_edt_low_internal_serial_chain,[NWP] scan: edten cont proxy,PASS,Mario Alpizar,nio_uio-a0-26ww40c
Partition Level,parmiostaticmux_uio_0,stuckat_edt_edt_low_internal_serial_scan,[NWP] scan: edten stuckat proxy,PASS,Mario Alpizar,nio_uio-a0-26ww40c
Stack Level,parmiostaticmux_uio_0,uio_a_0_retarget_atspeed_edt_edt_low_internal_serial_scan,[NWP] scan: edten atspeed proxy,PASS,Mario Alpizar,nio_uio-a0-26ww40c
Stack Level,parmiostaticmux_uio_0,uio_a_0_retarget_stuckat_edt_edt_low_internal_loopback,[NWP] SSN: endpoint loopback,PASS,Mario Alpizar,nio_uio-a0-26ww40c
Stack Level,parmiostaticmux_uio_0,uio_a_0_retarget_stuckat_edt_edt_low_internal_serial_chain,[NWP] scan: edten cont proxy,PASS,Mario Alpizar,nio_uio-a0-26ww40c
Stack Level,parmiostaticmux_uio_0,uio_a_0_retarget_stuckat_edt_edt_low_internal_serial_scan,[NWP] scan: edten stuckat proxy,PASS,Mario Alpizar,nio_uio-a0-26ww40c
Partition Level,parmioula_uio_0,atspeed_edt_edt_low_internal_serial_scan,[NWP] scan: edten atspeed proxy,PASS,Mauricio Segura,nio_uio-a0-26ww40c
Partition Level,parmioula_uio_0,parmioula_uio_0_ub_i_ult_scan_ctlr_stuckat_edt_bypass_low_internal_scandump,[NWP] scan: scandump,PASS,Mauricio Segura,nio_uio-a0-26ww40c
Partition Level,parmioula_uio_0,ssn_continuity,[NWP] SSN: continuity,PASS,Mauricio Segura,nio_uio-a0-26ww40c
Partition Level,parmioula_uio_0,stuckat_edt_bypass_low_internal_burnin_togcnt_cap_off,[NWP] scan: Burnin,PASS,Mauricio Segura,nio_uio-a0-26ww40c
Partition Level,parmioula_uio_0,stuckat_edt_bypass_low_internal_serial_chain,[NWP] scan: edtbyp cont proxy,PASS,Mauricio Segura,nio_uio-a0-26ww40c
Partition Level,parmioula_uio_0,stuckat_edt_bypass_low_internal_serial_scan,[NWP] scan: edtbyp stuckat proxy,PASS,Mauricio Segura,nio_uio-a0-26ww40c
Partition Level,parmioula_uio_0,stuckat_edt_edt_low_internal_loopback,[NWP] SSN: endpoint loopback,PASS,Mauricio Segura,nio_uio-a0-26ww40c
Partition Level,parmioula_uio_0,stuckat_edt_edt_low_internal_serial_chain,[NWP] scan: edten cont proxy,PASS,Mauricio Segura,nio_uio-a0-26ww40c
Partition Level,parmioula_uio_0,stuckat_edt_edt_low_internal_serial_scan,[NWP] scan: edten stuckat proxy,PASS,Mauricio Segura,nio_uio-a0-26ww40c
Stack Level,parmioula_uio_0,uio_a_0_retarget_atspeed_edt_edt_low_internal_serial_scan,[NWP] scan: edten atspeed proxy,PASS,Mauricio Segura,nio_uio-a0-26ww40c
Stack Level,parmioula_uio_0,uio_a_0_retarget_stuckat_edt_edt_low_internal_loopback,[NWP] SSN: endpoint loopback,PASS,Mauricio Segura,nio_uio-a0-26ww40c
Stack Level,parmioula_uio_0,uio_a_0_retarget_stuckat_edt_edt_low_internal_serial_chain,[NWP] scan: edten cont proxy,PASS,Mauricio Segura,nio_uio-a0-26ww40c
Stack Level,parmioula_uio_0,uio_a_0_retarget_stuckat_edt_edt_low_internal_serial_scan,[NWP] scan: edten stuckat proxy,PASS,Mauricio Segura,nio_uio-a0-26ww40c
Partition Level,parmioula_uio_1,atspeed_edt_edt_low_internal_serial_scan,[NWP] scan: edten atspeed proxy,NOT_LAUNCHED,SathyahX Sv,nio_uio-a0-26ww40c
Partition Level,parmioula_uio_1,scan_ctlr_stuckat_edt_bypass_low_internal_scandump,[NWP] scan: scandump,NOT_LAUNCHED,SathyahX Sv,nio_uio-a0-26ww40c
Partition Level,parmioula_uio_1,ssn_continuity,[NWP] SSN: continuity,NOT_LAUNCHED,SathyahX Sv,nio_uio-a0-26ww40c
Partition Level,parmioula_uio_1,stuckat_edt_bypass_low_internal_burnin_togcnt_cap_off,[NWP] scan: Burnin,NOT_LAUNCHED,SathyahX Sv,nio_uio-a0-26ww40c
Partition Level,parmioula_uio_1,stuckat_edt_bypass_low_internal_serial_chain,[NWP] scan: edtbyp cont proxy,NOT_LAUNCHED,SathyahX Sv,nio_uio-a0-26ww40c
Partition Level,parmioula_uio_1,stuckat_edt_bypass_low_internal_serial_scan,[NWP] scan: edtbyp stuckat proxy,NOT_LAUNCHED,SathyahX Sv,nio_uio-a0-26ww40c
Partition Level,parmioula_uio_1,stuckat_edt_edt_low_internal_loopback,[NWP] SSN: endpoint loopback,NOT_LAUNCHED,SathyahX Sv,nio_uio-a0-26ww40c
Partition Level,parmioula_uio_1,stuckat_edt_edt_low_internal_serial_chain,[NWP] scan: edten cont proxy,NOT_LAUNCHED,SathyahX Sv,nio_uio-a0-26ww40c
Partition Level,parmioula_uio_1,stuckat_edt_edt_low_internal_serial_scan,[NWP] scan: edten stuckat proxy,NOT_LAUNCHED,SathyahX Sv,nio_uio-a0-26ww40c
Stack Level,parmioula_uio_1,uio_1_retarget_atspeed_edt_edt_low_internal_serial_scan,[NWP] scan: edten atspeed proxy,NOT_LAUNCHED,SathyahX Sv,nio_uio-a0-26ww40c
Stack Level,parmioula_uio_1,uio_1_retarget_stuckat_edt_edt_low_internal_loopback,[NWP] SSN: endpoint loopback,NOT_LAUNCHED,SathyahX Sv,nio_uio-a0-26ww40c
Stack Level,parmioula_uio_1,uio_1_retarget_stuckat_edt_edt_low_internal_serial_chain,[NWP] scan: edten cont proxy,NOT_LAUNCHED,SathyahX Sv,nio_uio-a0-26ww40c
Stack Level,parmioula_uio_1,uio_1_retarget_stuckat_edt_edt_low_internal_serial_scan,[NWP] scan: edten stuckat proxy,NOT_LAUNCHED,SathyahX Sv,nio_uio-a0-26ww40c
Stack Level,uio_1,ssn_continuity,[NWP] SSN: continuity,NOT_LAUNCHED,KalthireddyX Gunasekhar,nio_uio-a0-26ww40c
Stack Level,uio_a_0,ssn_continuity,[NWP] SSN: continuity,PASS,Mauricio Segura,nio_uio-a0-26ww40c
