scope,partition,test_type,pvim_item,status,owner,model
Partition Level,pard2d1chnl,ijtag_basic_tap_tests_tlr_reset,[NWP] TAP: tap tests tlr reset,MISSING,Natalia Abarca,nio_d2d-a0-26ww28a
Partition Level,pard2d1chnl,ijtag_basic_tap_tests_reset,[NWP] TAP: tap tests reset,PASS,Natalia Abarca,nio_d2d-a0-26ww28a
Partition Level,pard2d1chnl,ijtag_basic_tap_tests_rw_access,[NWP] TAP: tap tests rw access,PASS,Natalia Abarca,nio_d2d-a0-26ww28a
Partition Level,pard2d1chnl,ijtag_basic_tap_tests_continuity,[NWP] TAP: tap tests continuity,PASS,Natalia Abarca,nio_d2d-a0-26ww28a
Partition Level,pard2d1chnl,icl_verify_dft,[NWP] TAP: icl verify dft,PASS,Natalia Abarca,nio_d2d-a0-26ww28a
Partition Level,pard2d1misc,ijtag_basic_tap_tests_tlr_reset,[NWP] TAP: tap tests tlr reset,MISSING,Sebastian Porras,nio_d2d-a0-26ww28a
Partition Level,pard2d1misc,ijtag_basic_tap_tests_reset,[NWP] TAP: tap tests reset,FAIL,Sebastian Porras,nio_d2d-a0-26ww28a
Partition Level,pard2d1misc,ijtag_basic_tap_tests_rw_access,[NWP] TAP: tap tests rw access,FAIL,Sebastian Porras,nio_d2d-a0-26ww28a
Partition Level,pard2d1misc,ijtag_basic_tap_tests_continuity,[NWP] TAP: tap tests continuity,FAIL,Sebastian Porras,nio_d2d-a0-26ww28a
Partition Level,pard2d1misc,icl_verify_dft,[NWP] TAP: icl verify dft,PASS,Sebastian Porras,nio_d2d-a0-26ww28a
Partition Level,pard2d1uladda0,ijtag_basic_tap_tests_tlr_reset,[NWP] TAP: tap tests tlr reset,MISSING,SathyahX Sv,nio_d2d-a0-26ww28a
Partition Level,pard2d1uladda0,ijtag_basic_tap_tests_reset,[NWP] TAP: tap tests reset,PASS,SathyahX Sv,nio_d2d-a0-26ww28a
Partition Level,pard2d1uladda0,ijtag_basic_tap_tests_rw_access,[NWP] TAP: tap tests rw access,PASS,SathyahX Sv,nio_d2d-a0-26ww28a
Partition Level,pard2d1uladda0,ijtag_basic_tap_tests_continuity,[NWP] TAP: tap tests continuity,PASS,SathyahX Sv,nio_d2d-a0-26ww28a
Partition Level,pard2d1uladda0,icl_verify_dft,[NWP] TAP: icl verify dft,PASS,SathyahX Sv,nio_d2d-a0-26ww28a
Partition Level,pard2d1uladda1,ijtag_basic_tap_tests_tlr_reset,[NWP] TAP: tap tests tlr reset,MISSING,SathyahX Sv,nio_d2d-a0-26ww28a
Partition Level,pard2d1uladda1,ijtag_basic_tap_tests_reset,[NWP] TAP: tap tests reset,PASS,SathyahX Sv,nio_d2d-a0-26ww28a
Partition Level,pard2d1uladda1,ijtag_basic_tap_tests_rw_access,[NWP] TAP: tap tests rw access,PASS,SathyahX Sv,nio_d2d-a0-26ww28a
Partition Level,pard2d1uladda1,ijtag_basic_tap_tests_continuity,[NWP] TAP: tap tests continuity,PASS,SathyahX Sv,nio_d2d-a0-26ww28a
Partition Level,pard2d1uladda1,icl_verify_dft,[NWP] TAP: icl verify dft,PASS,SathyahX Sv,nio_d2d-a0-26ww28a
Partition Level,pardfi,ijtag_basic_tap_tests_tlr_reset,[NWP] TAP: tap tests tlr reset,FAIL,Natalia Abarca,nio_mc-a0-26ww32a
Partition Level,pardfi,ijtag_basic_tap_tests_reset,[NWP] TAP: tap tests reset,PASS,Natalia Abarca,nio_mc-a0-26ww32a
Partition Level,pardfi,ijtag_basic_tap_tests_user_defined,[NWP] TAP: IDCODE all taps in the partition,FAIL,Natalia Abarca,nio_mc-a0-26ww32a
Partition Level,pardfi,ijtag_basic_tap_tests_rw_access,[NWP] TAP: tap tests rw access,PASS,Natalia Abarca,nio_mc-a0-26ww32a
Partition Level,pardfi,ijtag_basic_tap_tests_continuity,[NWP] TAP: tap tests continuity,PASS,Natalia Abarca,nio_mc-a0-26ww32a
Partition Level,pardfi,icl_verify_dft,[NWP] TAP: icl verify dft,PASS,Natalia Abarca,nio_mc-a0-26ww32a
Stack Level,pardfi,ijtag_basic_tap_tests_reset,[NWP] TAP: tap tests reset,FAIL,Natalia Abarca,nio_mc-a0-26ww32a
Stack Level,pardfi,ijtag_basic_tap_tests_rw_access,[NWP] TAP: tap tests rw access,FAIL,Natalia Abarca,nio_mc-a0-26ww32a
Partition Level,parmccore,icl_verify_dft,[NWP] TAP: icl verify dft,PASS,Bhanu Vattikuti,nio_mc-a0-26ww32a
Partition Level,parmccore,ijtag_basic_tap_tests_tlr_reset,[NWP] TAP: tap tests tlr reset,PASS,Maria Perez,nio_mc-a0-26ww32a
Partition Level,parmccore,ijtag_basic_tap_tests_reset,[NWP] TAP: tap tests reset,PASS,Maria Perez,nio_mc-a0-26ww32a
Partition Level,parmccore,ijtag_basic_tap_tests_rw_access,[NWP] TAP: tap tests rw access,PASS,Maria Perez,nio_mc-a0-26ww32a
Partition Level,parmccore,ijtag_basic_tap_tests_continuity,[NWP] TAP: tap tests continuity,PASS,Maria Perez,nio_mc-a0-26ww32a
Stack Level,parmccore,ijtag_basic_tap_tests_rw_access,[NWP] TAP: tap tests rw access,PASS,Maria Perez,nio_mc-a0-26ww32a
Stack Level,parmccore,ijtag_basic_tap_tests_reset,[NWP] TAP: tap tests reset,PASS,Maria Perez,nio_mc-a0-26ww32a
Stack Level,parmccore,ijtag_basic_tap_tests_continuity,[NWP] TAP: tap tests continuity,PASS,Maria Perez,nio_mc-a0-26ww32a
Partition Level,parmcmisc,ijtag_basic_tap_tests_tlr_reset,[NWP] TAP: tap tests tlr reset,FAIL,Sebastian Porras,nio_mc-a0-26ww32a
Partition Level,parmcmisc,ijtag_basic_tap_tests_reset,[NWP] TAP: tap tests reset,PASS,Sebastian Porras,nio_mc-a0-26ww32a
Partition Level,parmcmisc,ijtag_basic_tap_tests_user_defined,[NWP] TAP: IDCODE all taps in the partition,PASS,Sebastian Porras,nio_mc-a0-26ww32a
Partition Level,parmcmisc,ijtag_basic_tap_tests_rw_access,[NWP] TAP: tap tests rw access,PASS,Sebastian Porras,nio_mc-a0-26ww32a
Partition Level,parmcmisc,ijtag_basic_tap_tests_continuity,[NWP] TAP: tap tests continuity,PASS,Sebastian Porras,nio_mc-a0-26ww32a
Partition Level,parmcmisc,icl_verify_dft,[NWP] TAP: icl verify dft,PASS,Sebastian Porras,nio_mc-a0-26ww32a
Stack Level,parmcmisc,ijtag_basic_tap_tests_reset,[NWP] TAP: tap tests reset,MISSING,Sebastian Porras,nio_mc-a0-26ww32a
Stack Level,parmcmisc,ijtag_basic_tap_tests_rw_access,[NWP] TAP: tap tests rw access,MISSING,Sebastian Porras,nio_mc-a0-26ww32a
Stack Level,parmcmisc,ijtag_basic_tap_tests_continuity,[NWP] TAP: tap tests continuity,MISSING,Sebastian Porras,nio_mc-a0-26ww32a
Partition Level,parmcmse,ijtag_basic_tap_tests_tlr_reset,[NWP] TAP: tap tests tlr reset,PASS,Sebastian Porras,nio_mc-a0-26ww32a
Partition Level,parmcmse,ijtag_basic_tap_tests_reset,[NWP] TAP: tap tests reset,PASS,Sebastian Porras,nio_mc-a0-26ww32a
Partition Level,parmcmse,ijtag_basic_tap_tests_rw_access,[NWP] TAP: tap tests rw access,PASS,Sebastian Porras,nio_mc-a0-26ww32a
Partition Level,parmcmse,ijtag_basic_tap_tests_continuity,[NWP] TAP: tap tests continuity,PASS,Sebastian Porras,nio_mc-a0-26ww32a
Partition Level,parmcmse,icl_verify_dft,[NWP] TAP: icl verify dft,PASS,Sebastian Porras,nio_mc-a0-26ww32a
Stack Level,parmcmse,ijtag_basic_tap_tests_rw_access,[NWP] TAP: tap tests rw access,PASS,Sebastian Porras,nio_mc-a0-26ww32a
Stack Level,parmcmse,ijtag_basic_tap_tests_reset,[NWP] TAP: tap tests reset,PASS,Sebastian Porras,nio_mc-a0-26ww32a
Stack Level,parmcmse,ijtag_basic_tap_tests_continuity,[NWP] TAP: tap tests continuity,PASS,Sebastian Porras,nio_mc-a0-26ww32a
Partition Level,phy_cluster,ijtag_basic_tap_tests_tlr_reset,[NWP] TAP: tap tests tlr reset,FAIL,Sebastian Porras,nio_mc-a0-26ww32a
Partition Level,phy_cluster,ijtag_basic_tap_tests_reset,[NWP] TAP: tap tests reset,PASS,Sebastian Porras,nio_mc-a0-26ww32a
Partition Level,phy_cluster,ijtag_basic_tap_tests_rw_access,[NWP] TAP: tap tests rw access,PASS,Sebastian Porras,nio_mc-a0-26ww32a
Partition Level,phy_cluster,ijtag_basic_tap_tests_continuity,[NWP] TAP: tap tests continuity,PASS,Sebastian Porras,nio_mc-a0-26ww32a
Partition Level,phy_cluster,icl_verify_dft,[NWP] TAP: icl verify dft,PASS,Sebastian Porras,nio_mc-a0-26ww32a
Stack Level,phy_cluster,ijtag_basic_tap_tests_reset,[NWP] TAP: tap tests reset,PASS,Sebastian Porras,nio_mc-a0-26ww32a
Stack Level,phy_cluster,ijtag_basic_tap_tests_continuity,[NWP] TAP: tap tests continuity,PASS,Sebastian Porras,nio_mc-a0-26ww32a
Stack Level,phy_cluster,ijtag_basic_tap_tests_rw_access,[NWP] TAP: tap tests rw access,PASS,Sebastian Porras,nio_mc-a0-26ww32a
Partition Level,paraccasf,ijtag_basic_tap_tests_tlr_reset,[NWP] TAP: tap tests tlr reset,MISSING,SathyahX Sv,nio_soc-a0-26ww32a
Partition Level,paraccasf,ijtag_basic_tap_tests_reset,[NWP] TAP: tap tests reset,MISSING,SathyahX Sv,nio_soc-a0-26ww32a
Partition Level,paraccasf,ijtag_basic_tap_tests_rw_access,[NWP] TAP: tap tests rw access,MISSING,SathyahX Sv,nio_soc-a0-26ww32a
Partition Level,paraccasf,ijtag_basic_tap_tests_continuity,[NWP] TAP: tap tests continuity,MISSING,SathyahX Sv,nio_soc-a0-26ww32a
Partition Level,paraccasf,icl_verify_dft,[NWP] TAP: icl verify dft,MISSING,SathyahX Sv,nio_soc-a0-26ww32a
Partition Level,paraccchassis,ijtag_basic_tap_tests_tlr_reset,[NWP] TAP: tap tests tlr reset,MISSING,SathyahX Sv,nio_soc-a0-26ww32a
Partition Level,paraccchassis,ijtag_basic_tap_tests_reset,[NWP] TAP: tap tests reset,MISSING,SathyahX Sv,nio_soc-a0-26ww32a
Partition Level,paraccchassis,ijtag_basic_tap_tests_rw_access,[NWP] TAP: tap tests rw access,MISSING,SathyahX Sv,nio_soc-a0-26ww32a
Partition Level,paraccchassis,ijtag_basic_tap_tests_continuity,[NWP] TAP: tap tests continuity,MISSING,SathyahX Sv,nio_soc-a0-26ww32a
Partition Level,paraccchassis,icl_verify_dft,[NWP] TAP: icl verify dft,MISSING,SathyahX Sv,nio_soc-a0-26ww32a
Partition Level,paracccpc,ijtag_basic_tap_tests_tlr_reset,[NWP] TAP: tap tests tlr reset,MISSING,SathyahX Sv,nio_soc-a0-26ww32a
Partition Level,paracccpc,ijtag_basic_tap_tests_reset,[NWP] TAP: tap tests reset,MISSING,SathyahX Sv,nio_soc-a0-26ww32a
Partition Level,paracccpc,ijtag_basic_tap_tests_rw_access,[NWP] TAP: tap tests rw access,MISSING,SathyahX Sv,nio_soc-a0-26ww32a
Partition Level,paracccpc,ijtag_basic_tap_tests_continuity,[NWP] TAP: tap tests continuity,MISSING,SathyahX Sv,nio_soc-a0-26ww32a
Partition Level,paracccpc,icl_verify_dft,[NWP] TAP: icl verify dft,MISSING,SathyahX Sv,nio_soc-a0-26ww32a
Partition Level,paracchap,ijtag_basic_tap_tests_tlr_reset,[NWP] TAP: tap tests tlr reset,MISSING,SathyahX Sv,nio_soc-a0-26ww32a
Partition Level,paracchap,ijtag_basic_tap_tests_reset,[NWP] TAP: tap tests reset,MISSING,SathyahX Sv,nio_soc-a0-26ww32a
Partition Level,paracchap,ijtag_basic_tap_tests_rw_access,[NWP] TAP: tap tests rw access,MISSING,SathyahX Sv,nio_soc-a0-26ww32a
Partition Level,paracchap,ijtag_basic_tap_tests_continuity,[NWP] TAP: tap tests continuity,MISSING,SathyahX Sv,nio_soc-a0-26ww32a
Partition Level,paracchap,icl_verify_dft,[NWP] TAP: icl verify dft,MISSING,SathyahX Sv,nio_soc-a0-26ww32a
Partition Level,paracciommu,ijtag_basic_tap_tests_tlr_reset,[NWP] TAP: tap tests tlr reset,MISSING,SathyahX Sv,nio_soc-a0-26ww32a
Partition Level,paracciommu,ijtag_basic_tap_tests_reset,[NWP] TAP: tap tests reset,MISSING,SathyahX Sv,nio_soc-a0-26ww32a
Partition Level,paracciommu,ijtag_basic_tap_tests_rw_access,[NWP] TAP: tap tests rw access,MISSING,SathyahX Sv,nio_soc-a0-26ww32a
Partition Level,paracciommu,ijtag_basic_tap_tests_continuity,[NWP] TAP: tap tests continuity,MISSING,SathyahX Sv,nio_soc-a0-26ww32a
Partition Level,paracciommu,icl_verify_dft,[NWP] TAP: icl verify dft,MISSING,SathyahX Sv,nio_soc-a0-26ww32a
Partition Level,paraccitc,ijtag_basic_tap_tests_tlr_reset,[NWP] TAP: tap tests tlr reset,MISSING,SathyahX Sv,nio_soc-a0-26ww32a
Partition Level,paraccitc,ijtag_basic_tap_tests_reset,[NWP] TAP: tap tests reset,MISSING,SathyahX Sv,nio_soc-a0-26ww32a
Partition Level,paraccitc,ijtag_basic_tap_tests_rw_access,[NWP] TAP: tap tests rw access,MISSING,SathyahX Sv,nio_soc-a0-26ww32a
Partition Level,paraccitc,ijtag_basic_tap_tests_continuity,[NWP] TAP: tap tests continuity,MISSING,SathyahX Sv,nio_soc-a0-26ww32a
Partition Level,paraccitc,icl_verify_dft,[NWP] TAP: icl verify dft,MISSING,SathyahX Sv,nio_soc-a0-26ww32a
Partition Level,paraccotc,ijtag_basic_tap_tests_tlr_reset,[NWP] TAP: tap tests tlr reset,MISSING,SathyahX Sv,nio_soc-a0-26ww32a
Partition Level,paraccotc,ijtag_basic_tap_tests_reset,[NWP] TAP: tap tests reset,MISSING,SathyahX Sv,nio_soc-a0-26ww32a
Partition Level,paraccotc,ijtag_basic_tap_tests_rw_access,[NWP] TAP: tap tests rw access,MISSING,SathyahX Sv,nio_soc-a0-26ww32a
Partition Level,paraccotc,ijtag_basic_tap_tests_continuity,[NWP] TAP: tap tests continuity,MISSING,SathyahX Sv,nio_soc-a0-26ww32a
Partition Level,paraccotc,icl_verify_dft,[NWP] TAP: icl verify dft,MISSING,SathyahX Sv,nio_soc-a0-26ww32a
Partition Level,parcabamab,icl_verify_dft,[NWP] TAP: icl verify dft,MISSING,Bhanu Vattikuti,nio_soc-a0-26ww32a
Partition Level,parcabamab,ijtag_basic_tap_tests_tlr_reset,[NWP] TAP: tap tests tlr reset,MISSING,Marco Salas,nio_soc-a0-26ww32a
Partition Level,parcabamab,ijtag_basic_tap_tests_reset,[NWP] TAP: tap tests reset,MISSING,Marco Salas,nio_soc-a0-26ww32a
Partition Level,parcabamab,ijtag_basic_tap_tests_rw_access,[NWP] TAP: tap tests rw access,MISSING,Marco Salas,nio_soc-a0-26ww32a
Partition Level,parcabamab,ijtag_basic_tap_tests_continuity,[NWP] TAP: tap tests continuity,MISSING,Marco Salas,nio_soc-a0-26ww32a
Partition Level,parcabamaflop,icl_verify_dft,[NWP] TAP: icl verify dft,MISSING,Bhanu Vattikuti,nio_soc-a0-26ww32a
Partition Level,parcabamaflop,ijtag_basic_tap_tests_tlr_reset,[NWP] TAP: tap tests tlr reset,MISSING,Marco Salas,nio_soc-a0-26ww32a
Partition Level,parcabamaflop,ijtag_basic_tap_tests_reset,[NWP] TAP: tap tests reset,MISSING,Marco Salas,nio_soc-a0-26ww32a
Partition Level,parcabamaflop,ijtag_basic_tap_tests_rw_access,[NWP] TAP: tap tests rw access,MISSING,Marco Salas,nio_soc-a0-26ww32a
Partition Level,parcabamaflop,ijtag_basic_tap_tests_continuity,[NWP] TAP: tap tests continuity,MISSING,Marco Salas,nio_soc-a0-26ww32a
Partition Level,parcabcit,icl_verify_dft,[NWP] TAP: icl verify dft,MISSING,Bhanu Vattikuti,nio_soc-a0-26ww32a
Partition Level,parcabcit,ijtag_basic_tap_tests_tlr_reset,[NWP] TAP: tap tests tlr reset,MISSING,Marco Salas,nio_soc-a0-26ww32a
Partition Level,parcabcit,ijtag_basic_tap_tests_reset,[NWP] TAP: tap tests reset,MISSING,Marco Salas,nio_soc-a0-26ww32a
Partition Level,parcabcit,ijtag_basic_tap_tests_rw_access,[NWP] TAP: tap tests rw access,MISSING,Marco Salas,nio_soc-a0-26ww32a
Partition Level,parcabcit,ijtag_basic_tap_tests_continuity,[NWP] TAP: tap tests continuity,MISSING,Marco Salas,nio_soc-a0-26ww32a
Partition Level,parcabcrs4x,icl_verify_dft,[NWP] TAP: icl verify dft,MISSING,Bhanu Vattikuti,nio_soc-a0-26ww32a
Partition Level,parcabcrs4x,ijtag_basic_tap_tests_tlr_reset,[NWP] TAP: tap tests tlr reset,MISSING,Marco Salas,nio_soc-a0-26ww32a
Partition Level,parcabcrs4x,ijtag_basic_tap_tests_reset,[NWP] TAP: tap tests reset,MISSING,Marco Salas,nio_soc-a0-26ww32a
Partition Level,parcabcrs4x,ijtag_basic_tap_tests_rw_access,[NWP] TAP: tap tests rw access,MISSING,Marco Salas,nio_soc-a0-26ww32a
Partition Level,parcabcrs4x,ijtag_basic_tap_tests_continuity,[NWP] TAP: tap tests continuity,MISSING,Marco Salas,nio_soc-a0-26ww32a
Partition Level,parcabhmaa,icl_verify_dft,[NWP] TAP: icl verify dft,MISSING,Bhanu Vattikuti,nio_soc-a0-26ww32a
Partition Level,parcabhmaa,ijtag_basic_tap_tests_tlr_reset,[NWP] TAP: tap tests tlr reset,MISSING,Marco Salas,nio_soc-a0-26ww32a
Partition Level,parcabhmaa,ijtag_basic_tap_tests_reset,[NWP] TAP: tap tests reset,MISSING,Marco Salas,nio_soc-a0-26ww32a
Partition Level,parcabhmaa,ijtag_basic_tap_tests_rw_access,[NWP] TAP: tap tests rw access,MISSING,Marco Salas,nio_soc-a0-26ww32a
Partition Level,parcabhmaa,ijtag_basic_tap_tests_continuity,[NWP] TAP: tap tests continuity,MISSING,Marco Salas,nio_soc-a0-26ww32a
Partition Level,parcabhmab,icl_verify_dft,[NWP] TAP: icl verify dft,MISSING,Bhanu Vattikuti,nio_soc-a0-26ww32a
Partition Level,parcabhmab,ijtag_basic_tap_tests_tlr_reset,[NWP] TAP: tap tests tlr reset,MISSING,Marco Salas,nio_soc-a0-26ww32a
Partition Level,parcabhmab,ijtag_basic_tap_tests_reset,[NWP] TAP: tap tests reset,MISSING,Marco Salas,nio_soc-a0-26ww32a
Partition Level,parcabhmab,ijtag_basic_tap_tests_rw_access,[NWP] TAP: tap tests rw access,MISSING,Marco Salas,nio_soc-a0-26ww32a
Partition Level,parcabhmab,ijtag_basic_tap_tests_continuity,[NWP] TAP: tap tests continuity,MISSING,Marco Salas,nio_soc-a0-26ww32a
Partition Level,parcabinf00,icl_verify_dft,[NWP] TAP: icl verify dft,MISSING,Bhanu Vattikuti,nio_soc-a0-26ww32a
Partition Level,parcabinf00,ijtag_basic_tap_tests_tlr_reset,[NWP] TAP: tap tests tlr reset,MISSING,Marco Salas,nio_soc-a0-26ww32a
Partition Level,parcabinf00,ijtag_basic_tap_tests_reset,[NWP] TAP: tap tests reset,MISSING,Marco Salas,nio_soc-a0-26ww32a
Partition Level,parcabinf00,ijtag_basic_tap_tests_rw_access,[NWP] TAP: tap tests rw access,MISSING,Marco Salas,nio_soc-a0-26ww32a
Partition Level,parcabinf00,ijtag_basic_tap_tests_continuity,[NWP] TAP: tap tests continuity,MISSING,Marco Salas,nio_soc-a0-26ww32a
Partition Level,parcabinf01,icl_verify_dft,[NWP] TAP: icl verify dft,MISSING,Bhanu Vattikuti,nio_soc-a0-26ww32a
Partition Level,parcabinf01,ijtag_basic_tap_tests_tlr_reset,[NWP] TAP: tap tests tlr reset,MISSING,Marco Salas,nio_soc-a0-26ww32a
Partition Level,parcabinf01,ijtag_basic_tap_tests_reset,[NWP] TAP: tap tests reset,MISSING,Marco Salas,nio_soc-a0-26ww32a
Partition Level,parcabinf01,ijtag_basic_tap_tests_rw_access,[NWP] TAP: tap tests rw access,MISSING,Marco Salas,nio_soc-a0-26ww32a
Partition Level,parcabinf01,ijtag_basic_tap_tests_continuity,[NWP] TAP: tap tests continuity,MISSING,Marco Salas,nio_soc-a0-26ww32a
Partition Level,parcabinf02,icl_verify_dft,[NWP] TAP: icl verify dft,MISSING,Bhanu Vattikuti,nio_soc-a0-26ww32a
Partition Level,parcabinf02,ijtag_basic_tap_tests_tlr_reset,[NWP] TAP: tap tests tlr reset,MISSING,Marco Salas,nio_soc-a0-26ww32a
Partition Level,parcabinf02,ijtag_basic_tap_tests_reset,[NWP] TAP: tap tests reset,MISSING,Marco Salas,nio_soc-a0-26ww32a
Partition Level,parcabinf02,ijtag_basic_tap_tests_rw_access,[NWP] TAP: tap tests rw access,MISSING,Marco Salas,nio_soc-a0-26ww32a
Partition Level,parcabinf02,ijtag_basic_tap_tests_continuity,[NWP] TAP: tap tests continuity,MISSING,Marco Salas,nio_soc-a0-26ww32a
Partition Level,parcabinf03,icl_verify_dft,[NWP] TAP: icl verify dft,MISSING,Bhanu Vattikuti,nio_soc-a0-26ww32a
Partition Level,parcabinf03,ijtag_basic_tap_tests_tlr_reset,[NWP] TAP: tap tests tlr reset,MISSING,Marco Salas,nio_soc-a0-26ww32a
Partition Level,parcabinf03,ijtag_basic_tap_tests_reset,[NWP] TAP: tap tests reset,MISSING,Marco Salas,nio_soc-a0-26ww32a
Partition Level,parcabinf03,ijtag_basic_tap_tests_rw_access,[NWP] TAP: tap tests rw access,MISSING,Marco Salas,nio_soc-a0-26ww32a
Partition Level,parcabinf03,ijtag_basic_tap_tests_continuity,[NWP] TAP: tap tests continuity,MISSING,Marco Salas,nio_soc-a0-26ww32a
Partition Level,parcabinf10,icl_verify_dft,[NWP] TAP: icl verify dft,MISSING,Bhanu Vattikuti,nio_soc-a0-26ww32a
Partition Level,parcabinf10,ijtag_basic_tap_tests_tlr_reset,[NWP] TAP: tap tests tlr reset,MISSING,Marco Salas,nio_soc-a0-26ww32a
Partition Level,parcabinf10,ijtag_basic_tap_tests_reset,[NWP] TAP: tap tests reset,MISSING,Marco Salas,nio_soc-a0-26ww32a
Partition Level,parcabinf10,ijtag_basic_tap_tests_rw_access,[NWP] TAP: tap tests rw access,MISSING,Marco Salas,nio_soc-a0-26ww32a
Partition Level,parcabinf10,ijtag_basic_tap_tests_continuity,[NWP] TAP: tap tests continuity,MISSING,Marco Salas,nio_soc-a0-26ww32a
Partition Level,parcabinf11,icl_verify_dft,[NWP] TAP: icl verify dft,MISSING,Bhanu Vattikuti,nio_soc-a0-26ww32a
Partition Level,parcabinf11,ijtag_basic_tap_tests_tlr_reset,[NWP] TAP: tap tests tlr reset,MISSING,Marco Salas,nio_soc-a0-26ww32a
Partition Level,parcabinf11,ijtag_basic_tap_tests_reset,[NWP] TAP: tap tests reset,MISSING,Marco Salas,nio_soc-a0-26ww32a
Partition Level,parcabinf11,ijtag_basic_tap_tests_rw_access,[NWP] TAP: tap tests rw access,MISSING,Marco Salas,nio_soc-a0-26ww32a
Partition Level,parcabinf11,ijtag_basic_tap_tests_continuity,[NWP] TAP: tap tests continuity,MISSING,Marco Salas,nio_soc-a0-26ww32a
Partition Level,parcabinf21e,icl_verify_dft,[NWP] TAP: icl verify dft,MISSING,Bhanu Vattikuti,nio_soc-a0-26ww32a
Partition Level,parcabinf21e,ijtag_basic_tap_tests_tlr_reset,[NWP] TAP: tap tests tlr reset,MISSING,Marco Salas,nio_soc-a0-26ww32a
Partition Level,parcabinf21e,ijtag_basic_tap_tests_reset,[NWP] TAP: tap tests reset,MISSING,Marco Salas,nio_soc-a0-26ww32a
Partition Level,parcabinf21e,ijtag_basic_tap_tests_rw_access,[NWP] TAP: tap tests rw access,MISSING,Marco Salas,nio_soc-a0-26ww32a
Partition Level,parcabinf21e,ijtag_basic_tap_tests_continuity,[NWP] TAP: tap tests continuity,MISSING,Marco Salas,nio_soc-a0-26ww32a
Partition Level,parcabinf21w,icl_verify_dft,[NWP] TAP: icl verify dft,MISSING,Bhanu Vattikuti,nio_soc-a0-26ww32a
Partition Level,parcabinf21w,ijtag_basic_tap_tests_tlr_reset,[NWP] TAP: tap tests tlr reset,MISSING,Marco Salas,nio_soc-a0-26ww32a
Partition Level,parcabinf21w,ijtag_basic_tap_tests_reset,[NWP] TAP: tap tests reset,MISSING,Marco Salas,nio_soc-a0-26ww32a
Partition Level,parcabinf21w,ijtag_basic_tap_tests_rw_access,[NWP] TAP: tap tests rw access,MISSING,Marco Salas,nio_soc-a0-26ww32a
Partition Level,parcabinf21w,ijtag_basic_tap_tests_continuity,[NWP] TAP: tap tests continuity,MISSING,Marco Salas,nio_soc-a0-26ww32a
Partition Level,parcabinf22e,icl_verify_dft,[NWP] TAP: icl verify dft,MISSING,Bhanu Vattikuti,nio_soc-a0-26ww32a
Partition Level,parcabinf22e,ijtag_basic_tap_tests_tlr_reset,[NWP] TAP: tap tests tlr reset,MISSING,Marco Salas,nio_soc-a0-26ww32a
Partition Level,parcabinf22e,ijtag_basic_tap_tests_reset,[NWP] TAP: tap tests reset,MISSING,Marco Salas,nio_soc-a0-26ww32a
Partition Level,parcabinf22e,ijtag_basic_tap_tests_rw_access,[NWP] TAP: tap tests rw access,MISSING,Marco Salas,nio_soc-a0-26ww32a
Partition Level,parcabinf22e,ijtag_basic_tap_tests_continuity,[NWP] TAP: tap tests continuity,MISSING,Marco Salas,nio_soc-a0-26ww32a
Partition Level,parcabinf22w,icl_verify_dft,[NWP] TAP: icl verify dft,MISSING,Bhanu Vattikuti,nio_soc-a0-26ww32a
Partition Level,parcabinf22w,ijtag_basic_tap_tests_tlr_reset,[NWP] TAP: tap tests tlr reset,MISSING,Marco Salas,nio_soc-a0-26ww32a
Partition Level,parcabinf22w,ijtag_basic_tap_tests_reset,[NWP] TAP: tap tests reset,MISSING,Marco Salas,nio_soc-a0-26ww32a
Partition Level,parcabinf22w,ijtag_basic_tap_tests_rw_access,[NWP] TAP: tap tests rw access,MISSING,Marco Salas,nio_soc-a0-26ww32a
Partition Level,parcabinf22w,ijtag_basic_tap_tests_continuity,[NWP] TAP: tap tests continuity,MISSING,Marco Salas,nio_soc-a0-26ww32a
Partition Level,parcabinf23e,icl_verify_dft,[NWP] TAP: icl verify dft,MISSING,Bhanu Vattikuti,nio_soc-a0-26ww32a
Partition Level,parcabinf23e,ijtag_basic_tap_tests_tlr_reset,[NWP] TAP: tap tests tlr reset,MISSING,Marco Salas,nio_soc-a0-26ww32a
Partition Level,parcabinf23e,ijtag_basic_tap_tests_reset,[NWP] TAP: tap tests reset,MISSING,Marco Salas,nio_soc-a0-26ww32a
Partition Level,parcabinf23e,ijtag_basic_tap_tests_rw_access,[NWP] TAP: tap tests rw access,MISSING,Marco Salas,nio_soc-a0-26ww32a
Partition Level,parcabinf23e,ijtag_basic_tap_tests_continuity,[NWP] TAP: tap tests continuity,MISSING,Marco Salas,nio_soc-a0-26ww32a
Partition Level,parcabinf23w,icl_verify_dft,[NWP] TAP: icl verify dft,MISSING,Bhanu Vattikuti,nio_soc-a0-26ww32a
Partition Level,parcabinf23w,ijtag_basic_tap_tests_tlr_reset,[NWP] TAP: tap tests tlr reset,MISSING,Marco Salas,nio_soc-a0-26ww32a
Partition Level,parcabinf23w,ijtag_basic_tap_tests_reset,[NWP] TAP: tap tests reset,MISSING,Marco Salas,nio_soc-a0-26ww32a
Partition Level,parcabinf23w,ijtag_basic_tap_tests_rw_access,[NWP] TAP: tap tests rw access,MISSING,Marco Salas,nio_soc-a0-26ww32a
Partition Level,parcabinf23w,ijtag_basic_tap_tests_continuity,[NWP] TAP: tap tests continuity,MISSING,Marco Salas,nio_soc-a0-26ww32a
Partition Level,parcabinffivr,icl_verify_dft,[NWP] TAP: icl verify dft,MISSING,Bhanu Vattikuti,nio_soc-a0-26ww32a
Partition Level,parcabinffivr,ijtag_basic_tap_tests_tlr_reset,[NWP] TAP: tap tests tlr reset,MISSING,Marco Salas,nio_soc-a0-26ww32a
Partition Level,parcabinffivr,ijtag_basic_tap_tests_reset,[NWP] TAP: tap tests reset,MISSING,Marco Salas,nio_soc-a0-26ww32a
Partition Level,parcabinffivr,ijtag_basic_tap_tests_rw_access,[NWP] TAP: tap tests rw access,MISSING,Marco Salas,nio_soc-a0-26ww32a
Partition Level,parcabinffivr,ijtag_basic_tap_tests_continuity,[NWP] TAP: tap tests continuity,MISSING,Marco Salas,nio_soc-a0-26ww32a
Partition Level,parcabmisce,icl_verify_dft,[NWP] TAP: icl verify dft,MISSING,Bhanu Vattikuti,nio_soc-a0-26ww32a
Partition Level,parcabmisce,ijtag_basic_tap_tests_tlr_reset,[NWP] TAP: tap tests tlr reset,MISSING,Marco Salas,nio_soc-a0-26ww32a
Partition Level,parcabmisce,ijtag_basic_tap_tests_reset,[NWP] TAP: tap tests reset,MISSING,Marco Salas,nio_soc-a0-26ww32a
Partition Level,parcabmisce,ijtag_basic_tap_tests_rw_access,[NWP] TAP: tap tests rw access,MISSING,Marco Salas,nio_soc-a0-26ww32a
Partition Level,parcabmisce,ijtag_basic_tap_tests_continuity,[NWP] TAP: tap tests continuity,MISSING,Marco Salas,nio_soc-a0-26ww32a
Partition Level,parcabmiscw,icl_verify_dft,[NWP] TAP: icl verify dft,MISSING,Bhanu Vattikuti,nio_soc-a0-26ww32a
Partition Level,parcabmiscw,ijtag_basic_tap_tests_tlr_reset,[NWP] TAP: tap tests tlr reset,MISSING,Marco Salas,nio_soc-a0-26ww32a
Partition Level,parcabmiscw,ijtag_basic_tap_tests_reset,[NWP] TAP: tap tests reset,MISSING,Marco Salas,nio_soc-a0-26ww32a
Partition Level,parcabmiscw,ijtag_basic_tap_tests_rw_access,[NWP] TAP: tap tests rw access,MISSING,Marco Salas,nio_soc-a0-26ww32a
Partition Level,parcabmiscw,ijtag_basic_tap_tests_continuity,[NWP] TAP: tap tests continuity,MISSING,Marco Salas,nio_soc-a0-26ww32a
Partition Level,parcabpwba,icl_verify_dft,[NWP] TAP: icl verify dft,MISSING,Bhanu Vattikuti,nio_soc-a0-26ww32a
Partition Level,parcabpwba,ijtag_basic_tap_tests_tlr_reset,[NWP] TAP: tap tests tlr reset,MISSING,Marco Salas,nio_soc-a0-26ww32a
Partition Level,parcabpwba,ijtag_basic_tap_tests_reset,[NWP] TAP: tap tests reset,MISSING,Marco Salas,nio_soc-a0-26ww32a
Partition Level,parcabpwba,ijtag_basic_tap_tests_rw_access,[NWP] TAP: tap tests rw access,MISSING,Marco Salas,nio_soc-a0-26ww32a
Partition Level,parcabpwba,ijtag_basic_tap_tests_continuity,[NWP] TAP: tap tests continuity,MISSING,Marco Salas,nio_soc-a0-26ww32a
Partition Level,parcabpwbb,icl_verify_dft,[NWP] TAP: icl verify dft,MISSING,Bhanu Vattikuti,nio_soc-a0-26ww32a
Partition Level,parcabpwbb,ijtag_basic_tap_tests_tlr_reset,[NWP] TAP: tap tests tlr reset,MISSING,Marco Salas,nio_soc-a0-26ww32a
Partition Level,parcabpwbb,ijtag_basic_tap_tests_reset,[NWP] TAP: tap tests reset,MISSING,Marco Salas,nio_soc-a0-26ww32a
Partition Level,parcabpwbb,ijtag_basic_tap_tests_rw_access,[NWP] TAP: tap tests rw access,MISSING,Marco Salas,nio_soc-a0-26ww32a
Partition Level,parcabpwbb,ijtag_basic_tap_tests_continuity,[NWP] TAP: tap tests continuity,MISSING,Marco Salas,nio_soc-a0-26ww32a
Partition Level,parcabubrcab,icl_verify_dft,[NWP] TAP: icl verify dft,MISSING,Bhanu Vattikuti,nio_soc-a0-26ww32a
Partition Level,parcabubrcab,ijtag_basic_tap_tests_tlr_reset,[NWP] TAP: tap tests tlr reset,MISSING,Marco Salas,nio_soc-a0-26ww32a
Partition Level,parcabubrcab,ijtag_basic_tap_tests_reset,[NWP] TAP: tap tests reset,MISSING,Marco Salas,nio_soc-a0-26ww32a
Partition Level,parcabubrcab,ijtag_basic_tap_tests_rw_access,[NWP] TAP: tap tests rw access,MISSING,Marco Salas,nio_soc-a0-26ww32a
Partition Level,parcabubrcab,ijtag_basic_tap_tests_continuity,[NWP] TAP: tap tests continuity,MISSING,Marco Salas,nio_soc-a0-26ww32a
Partition Level,parcabubrchia,icl_verify_dft,[NWP] TAP: icl verify dft,MISSING,Bhanu Vattikuti,nio_soc-a0-26ww32a
Partition Level,parcabubrchia,ijtag_basic_tap_tests_tlr_reset,[NWP] TAP: tap tests tlr reset,MISSING,Marco Salas,nio_soc-a0-26ww32a
Partition Level,parcabubrchia,ijtag_basic_tap_tests_reset,[NWP] TAP: tap tests reset,MISSING,Marco Salas,nio_soc-a0-26ww32a
Partition Level,parcabubrchia,ijtag_basic_tap_tests_rw_access,[NWP] TAP: tap tests rw access,MISSING,Marco Salas,nio_soc-a0-26ww32a
Partition Level,parcabubrchia,ijtag_basic_tap_tests_continuity,[NWP] TAP: tap tests continuity,MISSING,Marco Salas,nio_soc-a0-26ww32a
Partition Level,parcabubrchib,icl_verify_dft,[NWP] TAP: icl verify dft,MISSING,Bhanu Vattikuti,nio_soc-a0-26ww32a
Partition Level,parcabubrchib,ijtag_basic_tap_tests_tlr_reset,[NWP] TAP: tap tests tlr reset,MISSING,Marco Salas,nio_soc-a0-26ww32a
Partition Level,parcabubrchib,ijtag_basic_tap_tests_reset,[NWP] TAP: tap tests reset,MISSING,Marco Salas,nio_soc-a0-26ww32a
Partition Level,parcabubrchib,ijtag_basic_tap_tests_rw_access,[NWP] TAP: tap tests rw access,MISSING,Marco Salas,nio_soc-a0-26ww32a
Partition Level,parcabubrchib,ijtag_basic_tap_tests_continuity,[NWP] TAP: tap tests continuity,MISSING,Marco Salas,nio_soc-a0-26ww32a
Partition Level,parcachnl,ijtag_basic_tap_tests_tlr_reset,[NWP] TAP: tap tests tlr reset,MISSING,SathyahX Sv,nio_soc-a0-26ww32a
Partition Level,parcachnl,ijtag_basic_tap_tests_reset,[NWP] TAP: tap tests reset,MISSING,SathyahX Sv,nio_soc-a0-26ww32a
Partition Level,parcachnl,ijtag_basic_tap_tests_rw_access,[NWP] TAP: tap tests rw access,MISSING,SathyahX Sv,nio_soc-a0-26ww32a
Partition Level,parcachnl,ijtag_basic_tap_tests_continuity,[NWP] TAP: tap tests continuity,MISSING,SathyahX Sv,nio_soc-a0-26ww32a
Partition Level,parcachnl,icl_verify_dft,[NWP] TAP: icl verify dft,MISSING,SathyahX Sv,nio_soc-a0-26ww32a
Partition Level,parcd2dtq,ijtag_basic_tap_tests_tlr_reset,[NWP] TAP: tap tests tlr reset,MISSING,SathyahX Sv,nio_soc-a0-26ww32a
Partition Level,parcd2dtq,ijtag_basic_tap_tests_reset,[NWP] TAP: tap tests reset,MISSING,SathyahX Sv,nio_soc-a0-26ww32a
Partition Level,parcd2dtq,ijtag_basic_tap_tests_rw_access,[NWP] TAP: tap tests rw access,MISSING,SathyahX Sv,nio_soc-a0-26ww32a
Partition Level,parcd2dtq,ijtag_basic_tap_tests_continuity,[NWP] TAP: tap tests continuity,MISSING,SathyahX Sv,nio_soc-a0-26ww32a
Partition Level,parcd2dtq,icl_verify_dft,[NWP] TAP: icl verify dft,MISSING,SathyahX Sv,nio_soc-a0-26ww32a
Partition Level,parcd2dufich0e,ijtag_basic_tap_tests_tlr_reset,[NWP] TAP: tap tests tlr reset,MISSING,SathyahX Sv,nio_soc-a0-26ww32a
Partition Level,parcd2dufich0e,ijtag_basic_tap_tests_reset,[NWP] TAP: tap tests reset,MISSING,SathyahX Sv,nio_soc-a0-26ww32a
Partition Level,parcd2dufich0e,ijtag_basic_tap_tests_rw_access,[NWP] TAP: tap tests rw access,MISSING,SathyahX Sv,nio_soc-a0-26ww32a
Partition Level,parcd2dufich0e,ijtag_basic_tap_tests_continuity,[NWP] TAP: tap tests continuity,MISSING,SathyahX Sv,nio_soc-a0-26ww32a
Partition Level,parcd2dufich0e,icl_verify_dft,[NWP] TAP: icl verify dft,MISSING,SathyahX Sv,nio_soc-a0-26ww32a
Partition Level,parcd2dufich0w,ijtag_basic_tap_tests_tlr_reset,[NWP] TAP: tap tests tlr reset,MISSING,SathyahX Sv,nio_soc-a0-26ww32a
Partition Level,parcd2dufich0w,ijtag_basic_tap_tests_reset,[NWP] TAP: tap tests reset,MISSING,SathyahX Sv,nio_soc-a0-26ww32a
Partition Level,parcd2dufich0w,ijtag_basic_tap_tests_rw_access,[NWP] TAP: tap tests rw access,MISSING,SathyahX Sv,nio_soc-a0-26ww32a
Partition Level,parcd2dufich0w,ijtag_basic_tap_tests_continuity,[NWP] TAP: tap tests continuity,MISSING,SathyahX Sv,nio_soc-a0-26ww32a
Partition Level,parcd2dufich0w,icl_verify_dft,[NWP] TAP: icl verify dft,MISSING,SathyahX Sv,nio_soc-a0-26ww32a
Partition Level,parcd2dufich1e,ijtag_basic_tap_tests_tlr_reset,[NWP] TAP: tap tests tlr reset,MISSING,SathyahX Sv,nio_soc-a0-26ww32a
Partition Level,parcd2dufich1e,ijtag_basic_tap_tests_reset,[NWP] TAP: tap tests reset,MISSING,SathyahX Sv,nio_soc-a0-26ww32a
Partition Level,parcd2dufich1e,ijtag_basic_tap_tests_rw_access,[NWP] TAP: tap tests rw access,MISSING,SathyahX Sv,nio_soc-a0-26ww32a
Partition Level,parcd2dufich1e,ijtag_basic_tap_tests_continuity,[NWP] TAP: tap tests continuity,MISSING,SathyahX Sv,nio_soc-a0-26ww32a
Partition Level,parcd2dufich1e,icl_verify_dft,[NWP] TAP: icl verify dft,MISSING,SathyahX Sv,nio_soc-a0-26ww32a
Partition Level,parcd2dufich1w,ijtag_basic_tap_tests_tlr_reset,[NWP] TAP: tap tests tlr reset,MISSING,SathyahX Sv,nio_soc-a0-26ww32a
Partition Level,parcd2dufich1w,ijtag_basic_tap_tests_reset,[NWP] TAP: tap tests reset,MISSING,SathyahX Sv,nio_soc-a0-26ww32a
Partition Level,parcd2dufich1w,ijtag_basic_tap_tests_rw_access,[NWP] TAP: tap tests rw access,MISSING,SathyahX Sv,nio_soc-a0-26ww32a
Partition Level,parcd2dufich1w,ijtag_basic_tap_tests_continuity,[NWP] TAP: tap tests continuity,MISSING,SathyahX Sv,nio_soc-a0-26ww32a
Partition Level,parcd2dufich1w,icl_verify_dft,[NWP] TAP: icl verify dft,MISSING,SathyahX Sv,nio_soc-a0-26ww32a
Partition Level,parcgu,icl_verify_dft,[NWP] TAP: icl verify dft,MISSING,Bhanu Vattikuti,nio_soc-a0-26ww32a
Partition Level,parcgu,ijtag_basic_tap_tests_tlr_reset,[NWP] TAP: tap tests tlr reset,MISSING,Maria Perez,nio_soc-a0-26ww32a
Partition Level,parcgu,ijtag_basic_tap_tests_reset,[NWP] TAP: tap tests reset,MISSING,Maria Perez,nio_soc-a0-26ww32a
Partition Level,parcgu,ijtag_basic_tap_tests_rw_access,[NWP] TAP: tap tests rw access,MISSING,Maria Perez,nio_soc-a0-26ww32a
Partition Level,parcgu,ijtag_basic_tap_tests_continuity,[NWP] TAP: tap tests continuity,MISSING,Maria Perez,nio_soc-a0-26ww32a
Partition Level,parcinf0,ijtag_basic_tap_tests_tlr_reset,[NWP] TAP: tap tests tlr reset,MISSING,SathyahX Sv,nio_soc-a0-26ww32a
Partition Level,parcinf0,ijtag_basic_tap_tests_reset,[NWP] TAP: tap tests reset,MISSING,SathyahX Sv,nio_soc-a0-26ww32a
Partition Level,parcinf0,ijtag_basic_tap_tests_rw_access,[NWP] TAP: tap tests rw access,MISSING,SathyahX Sv,nio_soc-a0-26ww32a
Partition Level,parcinf0,ijtag_basic_tap_tests_continuity,[NWP] TAP: tap tests continuity,MISSING,SathyahX Sv,nio_soc-a0-26ww32a
Partition Level,parcinf0,icl_verify_dft,[NWP] TAP: icl verify dft,MISSING,SathyahX Sv,nio_soc-a0-26ww32a
Partition Level,parcinf1,ijtag_basic_tap_tests_tlr_reset,[NWP] TAP: tap tests tlr reset,MISSING,SathyahX Sv,nio_soc-a0-26ww32a
Partition Level,parcinf1,ijtag_basic_tap_tests_reset,[NWP] TAP: tap tests reset,MISSING,SathyahX Sv,nio_soc-a0-26ww32a
Partition Level,parcinf1,ijtag_basic_tap_tests_rw_access,[NWP] TAP: tap tests rw access,MISSING,SathyahX Sv,nio_soc-a0-26ww32a
Partition Level,parcinf1,ijtag_basic_tap_tests_continuity,[NWP] TAP: tap tests continuity,MISSING,SathyahX Sv,nio_soc-a0-26ww32a
Partition Level,parcinf1,icl_verify_dft,[NWP] TAP: icl verify dft,MISSING,SathyahX Sv,nio_soc-a0-26ww32a
Partition Level,parcinf2,ijtag_basic_tap_tests_tlr_reset,[NWP] TAP: tap tests tlr reset,MISSING,SathyahX Sv,nio_soc-a0-26ww32a
Partition Level,parcinf2,ijtag_basic_tap_tests_reset,[NWP] TAP: tap tests reset,MISSING,SathyahX Sv,nio_soc-a0-26ww32a
Partition Level,parcinf2,ijtag_basic_tap_tests_rw_access,[NWP] TAP: tap tests rw access,MISSING,SathyahX Sv,nio_soc-a0-26ww32a
Partition Level,parcinf2,ijtag_basic_tap_tests_continuity,[NWP] TAP: tap tests continuity,MISSING,SathyahX Sv,nio_soc-a0-26ww32a
Partition Level,parcinf2,icl_verify_dft,[NWP] TAP: icl verify dft,MISSING,SathyahX Sv,nio_soc-a0-26ww32a
Partition Level,parcinf3,ijtag_basic_tap_tests_tlr_reset,[NWP] TAP: tap tests tlr reset,MISSING,SathyahX Sv,nio_soc-a0-26ww32a
Partition Level,parcinf3,ijtag_basic_tap_tests_reset,[NWP] TAP: tap tests reset,MISSING,SathyahX Sv,nio_soc-a0-26ww32a
Partition Level,parcinf3,ijtag_basic_tap_tests_rw_access,[NWP] TAP: tap tests rw access,MISSING,SathyahX Sv,nio_soc-a0-26ww32a
Partition Level,parcinf3,ijtag_basic_tap_tests_continuity,[NWP] TAP: tap tests continuity,MISSING,SathyahX Sv,nio_soc-a0-26ww32a
Partition Level,parcinf3,icl_verify_dft,[NWP] TAP: icl verify dft,MISSING,SathyahX Sv,nio_soc-a0-26ww32a
Partition Level,parcinf4,ijtag_basic_tap_tests_tlr_reset,[NWP] TAP: tap tests tlr reset,MISSING,SathyahX Sv,nio_soc-a0-26ww32a
Partition Level,parcinf4,ijtag_basic_tap_tests_reset,[NWP] TAP: tap tests reset,MISSING,SathyahX Sv,nio_soc-a0-26ww32a
Partition Level,parcinf4,ijtag_basic_tap_tests_rw_access,[NWP] TAP: tap tests rw access,MISSING,SathyahX Sv,nio_soc-a0-26ww32a
Partition Level,parcinf4,ijtag_basic_tap_tests_continuity,[NWP] TAP: tap tests continuity,MISSING,SathyahX Sv,nio_soc-a0-26ww32a
Partition Level,parcinf4,icl_verify_dft,[NWP] TAP: icl verify dft,MISSING,SathyahX Sv,nio_soc-a0-26ww32a
Partition Level,parcinf5e,ijtag_basic_tap_tests_tlr_reset,[NWP] TAP: tap tests tlr reset,MISSING,SathyahX Sv,nio_soc-a0-26ww32a
Partition Level,parcinf5e,ijtag_basic_tap_tests_reset,[NWP] TAP: tap tests reset,MISSING,SathyahX Sv,nio_soc-a0-26ww32a
Partition Level,parcinf5e,ijtag_basic_tap_tests_rw_access,[NWP] TAP: tap tests rw access,MISSING,SathyahX Sv,nio_soc-a0-26ww32a
Partition Level,parcinf5e,ijtag_basic_tap_tests_continuity,[NWP] TAP: tap tests continuity,MISSING,SathyahX Sv,nio_soc-a0-26ww32a
Partition Level,parcinf5e,icl_verify_dft,[NWP] TAP: icl verify dft,MISSING,SathyahX Sv,nio_soc-a0-26ww32a
Partition Level,parcinf5w,ijtag_basic_tap_tests_tlr_reset,[NWP] TAP: tap tests tlr reset,MISSING,SathyahX Sv,nio_soc-a0-26ww32a
Partition Level,parcinf5w,ijtag_basic_tap_tests_reset,[NWP] TAP: tap tests reset,MISSING,SathyahX Sv,nio_soc-a0-26ww32a
Partition Level,parcinf5w,ijtag_basic_tap_tests_rw_access,[NWP] TAP: tap tests rw access,MISSING,SathyahX Sv,nio_soc-a0-26ww32a
Partition Level,parcinf5w,ijtag_basic_tap_tests_continuity,[NWP] TAP: tap tests continuity,MISSING,SathyahX Sv,nio_soc-a0-26ww32a
Partition Level,parcinf5w,icl_verify_dft,[NWP] TAP: icl verify dft,MISSING,SathyahX Sv,nio_soc-a0-26ww32a
Partition Level,parcinf7e,ijtag_basic_tap_tests_tlr_reset,[NWP] TAP: tap tests tlr reset,MISSING,SathyahX Sv,nio_soc-a0-26ww32a
Partition Level,parcinf7e,ijtag_basic_tap_tests_reset,[NWP] TAP: tap tests reset,MISSING,SathyahX Sv,nio_soc-a0-26ww32a
Partition Level,parcinf7e,ijtag_basic_tap_tests_rw_access,[NWP] TAP: tap tests rw access,MISSING,SathyahX Sv,nio_soc-a0-26ww32a
Partition Level,parcinf7e,ijtag_basic_tap_tests_continuity,[NWP] TAP: tap tests continuity,MISSING,SathyahX Sv,nio_soc-a0-26ww32a
Partition Level,parcinf7e,icl_verify_dft,[NWP] TAP: icl verify dft,MISSING,SathyahX Sv,nio_soc-a0-26ww32a
Partition Level,parcinf7w,ijtag_basic_tap_tests_tlr_reset,[NWP] TAP: tap tests tlr reset,MISSING,SathyahX Sv,nio_soc-a0-26ww32a
Partition Level,parcinf7w,ijtag_basic_tap_tests_reset,[NWP] TAP: tap tests reset,MISSING,SathyahX Sv,nio_soc-a0-26ww32a
Partition Level,parcinf7w,ijtag_basic_tap_tests_rw_access,[NWP] TAP: tap tests rw access,MISSING,SathyahX Sv,nio_soc-a0-26ww32a
Partition Level,parcinf7w,ijtag_basic_tap_tests_continuity,[NWP] TAP: tap tests continuity,MISSING,SathyahX Sv,nio_soc-a0-26ww32a
Partition Level,parcinf7w,icl_verify_dft,[NWP] TAP: icl verify dft,MISSING,SathyahX Sv,nio_soc-a0-26ww32a
Partition Level,parcinffivre,ijtag_basic_tap_tests_tlr_reset,[NWP] TAP: tap tests tlr reset,MISSING,SathyahX Sv,nio_soc-a0-26ww32a
Partition Level,parcinffivre,ijtag_basic_tap_tests_reset,[NWP] TAP: tap tests reset,MISSING,SathyahX Sv,nio_soc-a0-26ww32a
Partition Level,parcinffivre,ijtag_basic_tap_tests_rw_access,[NWP] TAP: tap tests rw access,MISSING,SathyahX Sv,nio_soc-a0-26ww32a
Partition Level,parcinffivre,ijtag_basic_tap_tests_continuity,[NWP] TAP: tap tests continuity,MISSING,SathyahX Sv,nio_soc-a0-26ww32a
Partition Level,parcinffivre,icl_verify_dft,[NWP] TAP: icl verify dft,MISSING,SathyahX Sv,nio_soc-a0-26ww32a
Partition Level,parcinffivrw,ijtag_basic_tap_tests_tlr_reset,[NWP] TAP: tap tests tlr reset,MISSING,SathyahX Sv,nio_soc-a0-26ww32a
Partition Level,parcinffivrw,ijtag_basic_tap_tests_reset,[NWP] TAP: tap tests reset,MISSING,SathyahX Sv,nio_soc-a0-26ww32a
Partition Level,parcinffivrw,ijtag_basic_tap_tests_rw_access,[NWP] TAP: tap tests rw access,MISSING,SathyahX Sv,nio_soc-a0-26ww32a
Partition Level,parcinffivrw,ijtag_basic_tap_tests_continuity,[NWP] TAP: tap tests continuity,MISSING,SathyahX Sv,nio_soc-a0-26ww32a
Partition Level,parcinffivrw,icl_verify_dft,[NWP] TAP: icl verify dft,MISSING,SathyahX Sv,nio_soc-a0-26ww32a
Partition Level,parcubrmioch,ijtag_basic_tap_tests_tlr_reset,[NWP] TAP: tap tests tlr reset,MISSING,SathyahX Sv,nio_soc-a0-26ww32a
Partition Level,parcubrmioch,ijtag_basic_tap_tests_reset,[NWP] TAP: tap tests reset,MISSING,SathyahX Sv,nio_soc-a0-26ww32a
Partition Level,parcubrmioch,ijtag_basic_tap_tests_rw_access,[NWP] TAP: tap tests rw access,MISSING,SathyahX Sv,nio_soc-a0-26ww32a
Partition Level,parcubrmioch,ijtag_basic_tap_tests_continuity,[NWP] TAP: tap tests continuity,MISSING,SathyahX Sv,nio_soc-a0-26ww32a
Partition Level,parcubrmioch,icl_verify_dft,[NWP] TAP: icl verify dft,MISSING,SathyahX Sv,nio_soc-a0-26ww32a
Partition Level,pard2dch0,icl_verify_dft,[NWP] TAP: icl verify dft,MISSING,Bhanu Vattikuti,nio_soc-a0-26ww32a
Partition Level,pard2dch0,ijtag_basic_tap_tests_tlr_reset,[NWP] TAP: tap tests tlr reset,MISSING,Maria Perez,nio_soc-a0-26ww32a
Partition Level,pard2dch0,ijtag_basic_tap_tests_reset,[NWP] TAP: tap tests reset,MISSING,Maria Perez,nio_soc-a0-26ww32a
Partition Level,pard2dch0,ijtag_basic_tap_tests_rw_access,[NWP] TAP: tap tests rw access,MISSING,Maria Perez,nio_soc-a0-26ww32a
Partition Level,pard2dch0,ijtag_basic_tap_tests_continuity,[NWP] TAP: tap tests continuity,MISSING,Maria Perez,nio_soc-a0-26ww32a
Partition Level,pard2dch1,icl_verify_dft,[NWP] TAP: icl verify dft,MISSING,Bhanu Vattikuti,nio_soc-a0-26ww32a
Partition Level,pard2dch1,ijtag_basic_tap_tests_tlr_reset,[NWP] TAP: tap tests tlr reset,MISSING,Maria Perez,nio_soc-a0-26ww32a
Partition Level,pard2dch1,ijtag_basic_tap_tests_reset,[NWP] TAP: tap tests reset,MISSING,Maria Perez,nio_soc-a0-26ww32a
Partition Level,pard2dch1,ijtag_basic_tap_tests_rw_access,[NWP] TAP: tap tests rw access,MISSING,Maria Perez,nio_soc-a0-26ww32a
Partition Level,pard2dch1,ijtag_basic_tap_tests_continuity,[NWP] TAP: tap tests continuity,MISSING,Maria Perez,nio_soc-a0-26ww32a
Partition Level,pard2dinf0e,icl_verify_dft,[NWP] TAP: icl verify dft,MISSING,Bhanu Vattikuti,nio_soc-a0-26ww32a
Partition Level,pard2dinf0e,ijtag_basic_tap_tests_tlr_reset,[NWP] TAP: tap tests tlr reset,MISSING,Maria Perez,nio_soc-a0-26ww32a
Partition Level,pard2dinf0e,ijtag_basic_tap_tests_reset,[NWP] TAP: tap tests reset,MISSING,Maria Perez,nio_soc-a0-26ww32a
Partition Level,pard2dinf0e,ijtag_basic_tap_tests_rw_access,[NWP] TAP: tap tests rw access,MISSING,Maria Perez,nio_soc-a0-26ww32a
Partition Level,pard2dinf0e,ijtag_basic_tap_tests_continuity,[NWP] TAP: tap tests continuity,MISSING,Maria Perez,nio_soc-a0-26ww32a
Partition Level,pard2dinf0w,icl_verify_dft,[NWP] TAP: icl verify dft,MISSING,Bhanu Vattikuti,nio_soc-a0-26ww32a
Partition Level,pard2dinf0w,ijtag_basic_tap_tests_tlr_reset,[NWP] TAP: tap tests tlr reset,MISSING,Marco Salas,nio_soc-a0-26ww32a
Partition Level,pard2dinf0w,ijtag_basic_tap_tests_reset,[NWP] TAP: tap tests reset,MISSING,Marco Salas,nio_soc-a0-26ww32a
Partition Level,pard2dinf0w,ijtag_basic_tap_tests_rw_access,[NWP] TAP: tap tests rw access,MISSING,Marco Salas,nio_soc-a0-26ww32a
Partition Level,pard2dinf0w,ijtag_basic_tap_tests_continuity,[NWP] TAP: tap tests continuity,MISSING,Marco Salas,nio_soc-a0-26ww32a
Partition Level,pard2dinf1e,icl_verify_dft,[NWP] TAP: icl verify dft,MISSING,Bhanu Vattikuti,nio_soc-a0-26ww32a
Partition Level,pard2dinf1e,ijtag_basic_tap_tests_tlr_reset,[NWP] TAP: tap tests tlr reset,MISSING,Maria Perez,nio_soc-a0-26ww32a
Partition Level,pard2dinf1e,ijtag_basic_tap_tests_reset,[NWP] TAP: tap tests reset,MISSING,Maria Perez,nio_soc-a0-26ww32a
Partition Level,pard2dinf1e,ijtag_basic_tap_tests_rw_access,[NWP] TAP: tap tests rw access,MISSING,Maria Perez,nio_soc-a0-26ww32a
Partition Level,pard2dinf1e,ijtag_basic_tap_tests_continuity,[NWP] TAP: tap tests continuity,MISSING,Maria Perez,nio_soc-a0-26ww32a
Partition Level,pard2dinf1w,ijtag_basic_tap_tests_tlr_reset,[NWP] TAP: tap tests tlr reset,MISSING,Sebastian Porras,nio_soc-a0-26ww32a
Partition Level,pard2dinf1w,ijtag_basic_tap_tests_reset,[NWP] TAP: tap tests reset,MISSING,Sebastian Porras,nio_soc-a0-26ww32a
Partition Level,pard2dinf1w,ijtag_basic_tap_tests_rw_access,[NWP] TAP: tap tests rw access,MISSING,Sebastian Porras,nio_soc-a0-26ww32a
Partition Level,pard2dinf1w,ijtag_basic_tap_tests_continuity,[NWP] TAP: tap tests continuity,MISSING,Sebastian Porras,nio_soc-a0-26ww32a
Partition Level,pard2dinf1w,icl_verify_dft,[NWP] TAP: icl verify dft,MISSING,Sebastian Porras,nio_soc-a0-26ww32a
Partition Level,pard2dinf2e,icl_verify_dft,[NWP] TAP: icl verify dft,MISSING,Bhanu Vattikuti,nio_soc-a0-26ww32a
Partition Level,pard2dinf2e,ijtag_basic_tap_tests_tlr_reset,[NWP] TAP: tap tests tlr reset,MISSING,Marco Salas,nio_soc-a0-26ww32a
Partition Level,pard2dinf2e,ijtag_basic_tap_tests_reset,[NWP] TAP: tap tests reset,MISSING,Marco Salas,nio_soc-a0-26ww32a
Partition Level,pard2dinf2e,ijtag_basic_tap_tests_rw_access,[NWP] TAP: tap tests rw access,MISSING,Marco Salas,nio_soc-a0-26ww32a
Partition Level,pard2dinf2e,ijtag_basic_tap_tests_continuity,[NWP] TAP: tap tests continuity,MISSING,Marco Salas,nio_soc-a0-26ww32a
Partition Level,pard2dinf2w,icl_verify_dft,[NWP] TAP: icl verify dft,MISSING,Bhanu Vattikuti,nio_soc-a0-26ww32a
Partition Level,pard2dinf2w,ijtag_basic_tap_tests_tlr_reset,[NWP] TAP: tap tests tlr reset,MISSING,Marco Salas,nio_soc-a0-26ww32a
Partition Level,pard2dinf2w,ijtag_basic_tap_tests_reset,[NWP] TAP: tap tests reset,MISSING,Marco Salas,nio_soc-a0-26ww32a
Partition Level,pard2dinf2w,ijtag_basic_tap_tests_rw_access,[NWP] TAP: tap tests rw access,MISSING,Marco Salas,nio_soc-a0-26ww32a
Partition Level,pard2dinf2w,ijtag_basic_tap_tests_continuity,[NWP] TAP: tap tests continuity,MISSING,Marco Salas,nio_soc-a0-26ww32a
Partition Level,pardfd,ijtag_basic_tap_tests_tlr_reset,[NWP] TAP: tap tests tlr reset,MISSING,SathyahX Sv,nio_soc-a0-26ww32a
Partition Level,pardfd,ijtag_basic_tap_tests_reset,[NWP] TAP: tap tests reset,MISSING,SathyahX Sv,nio_soc-a0-26ww32a
Partition Level,pardfd,ijtag_basic_tap_tests_rw_access,[NWP] TAP: tap tests rw access,MISSING,SathyahX Sv,nio_soc-a0-26ww32a
Partition Level,pardfd,ijtag_basic_tap_tests_continuity,[NWP] TAP: tap tests continuity,MISSING,SathyahX Sv,nio_soc-a0-26ww32a
Partition Level,pardfd,icl_verify_dft,[NWP] TAP: icl verify dft,MISSING,SathyahX Sv,nio_soc-a0-26ww32a
Partition Level,parfws,ijtag_basic_tap_tests_tlr_reset,[NWP] TAP: tap tests tlr reset,MISSING,Natalia Abarca,nio_soc-a0-26ww32a
Partition Level,parfws,ijtag_basic_tap_tests_reset,[NWP] TAP: tap tests reset,MISSING,Natalia Abarca,nio_soc-a0-26ww32a
Partition Level,parfws,ijtag_basic_tap_tests_rw_access,[NWP] TAP: tap tests rw access,MISSING,Natalia Abarca,nio_soc-a0-26ww32a
Partition Level,parfws,ijtag_basic_tap_tests_continuity,[NWP] TAP: tap tests continuity,MISSING,Natalia Abarca,nio_soc-a0-26ww32a
Partition Level,parfws,icl_verify_dft,[NWP] TAP: icl verify dft,MISSING,Natalia Abarca,nio_soc-a0-26ww32a
Partition Level,pargpio1p8,icl_verify_dft,[NWP] TAP: icl verify dft,MISSING,Bhanu Vattikuti,nio_soc-a0-26ww32a
Partition Level,pargpio1p8,ijtag_basic_tap_tests_tlr_reset,[NWP] TAP: tap tests tlr reset,MISSING,Maria Perez,nio_soc-a0-26ww32a
Partition Level,pargpio1p8,ijtag_basic_tap_tests_reset,[NWP] TAP: tap tests reset,MISSING,Maria Perez,nio_soc-a0-26ww32a
Partition Level,pargpio1p8,ijtag_basic_tap_tests_rw_access,[NWP] TAP: tap tests rw access,MISSING,Maria Perez,nio_soc-a0-26ww32a
Partition Level,pargpio1p8,ijtag_basic_tap_tests_continuity,[NWP] TAP: tap tests continuity,MISSING,Maria Perez,nio_soc-a0-26ww32a
Partition Level,pargpiod2d,ijtag_basic_tap_tests_tlr_reset,[NWP] TAP: tap tests tlr reset,MISSING,Natalia Abarca,nio_soc-a0-26ww32a
Partition Level,pargpiod2d,ijtag_basic_tap_tests_reset,[NWP] TAP: tap tests reset,MISSING,Natalia Abarca,nio_soc-a0-26ww32a
Partition Level,pargpiod2d,ijtag_basic_tap_tests_rw_access,[NWP] TAP: tap tests rw access,MISSING,Natalia Abarca,nio_soc-a0-26ww32a
Partition Level,pargpiod2d,ijtag_basic_tap_tests_continuity,[NWP] TAP: tap tests continuity,MISSING,Natalia Abarca,nio_soc-a0-26ww32a
Partition Level,pargpiod2d,icl_verify_dft,[NWP] TAP: icl verify dft,MISSING,Natalia Abarca,nio_soc-a0-26ww32a
Partition Level,pargpios0,icl_verify_dft,[NWP] TAP: icl verify dft,MISSING,Bhanu Vattikuti,nio_soc-a0-26ww32a
Partition Level,pargpios0,ijtag_basic_tap_tests_tlr_reset,[NWP] TAP: tap tests tlr reset,MISSING,Marco Salas,nio_soc-a0-26ww32a
Partition Level,pargpios0,ijtag_basic_tap_tests_reset,[NWP] TAP: tap tests reset,MISSING,Marco Salas,nio_soc-a0-26ww32a
Partition Level,pargpios0,ijtag_basic_tap_tests_rw_access,[NWP] TAP: tap tests rw access,MISSING,Marco Salas,nio_soc-a0-26ww32a
Partition Level,pargpios0,ijtag_basic_tap_tests_continuity,[NWP] TAP: tap tests continuity,MISSING,Marco Salas,nio_soc-a0-26ww32a
Partition Level,pargpios5,ijtag_basic_tap_tests_tlr_reset,[NWP] TAP: tap tests tlr reset,MISSING,Sebastian Porras,nio_soc-a0-26ww32a
Partition Level,pargpios5,ijtag_basic_tap_tests_reset,[NWP] TAP: tap tests reset,MISSING,Sebastian Porras,nio_soc-a0-26ww32a
Partition Level,pargpios5,ijtag_basic_tap_tests_rw_access,[NWP] TAP: tap tests rw access,MISSING,Sebastian Porras,nio_soc-a0-26ww32a
Partition Level,pargpios5,ijtag_basic_tap_tests_continuity,[NWP] TAP: tap tests continuity,MISSING,Sebastian Porras,nio_soc-a0-26ww32a
Partition Level,pargpios5,icl_verify_dft,[NWP] TAP: icl verify dft,MISSING,Sebastian Porras,nio_soc-a0-26ww32a
Partition Level,parhwrsfuse,icl_verify_dft,[NWP] TAP: icl verify dft,MISSING,Bhanu Vattikuti,nio_soc-a0-26ww32a
Partition Level,parhwrsfuse,ijtag_basic_tap_tests_tlr_reset,[NWP] TAP: tap tests tlr reset,MISSING,Marco Salas,nio_soc-a0-26ww32a
Partition Level,parhwrsfuse,ijtag_basic_tap_tests_reset,[NWP] TAP: tap tests reset,MISSING,Marco Salas,nio_soc-a0-26ww32a
Partition Level,parhwrsfuse,ijtag_basic_tap_tests_rw_access,[NWP] TAP: tap tests rw access,MISSING,Marco Salas,nio_soc-a0-26ww32a
Partition Level,parhwrsfuse,ijtag_basic_tap_tests_continuity,[NWP] TAP: tap tests continuity,MISSING,Marco Salas,nio_soc-a0-26ww32a
Partition Level,paridfttop,ijtag_basic_tap_tests_tlr_reset,[NWP] TAP: tap tests tlr reset,MISSING,Natalia Abarca,nio_soc-a0-26ww32a
Partition Level,paridfttop,ijtag_basic_tap_tests_reset,[NWP] TAP: tap tests reset,MISSING,Natalia Abarca,nio_soc-a0-26ww32a
Partition Level,paridfttop,ijtag_basic_tap_tests_rw_access,[NWP] TAP: tap tests rw access,MISSING,Natalia Abarca,nio_soc-a0-26ww32a
Partition Level,paridfttop,ijtag_basic_tap_tests_continuity,[NWP] TAP: tap tests continuity,MISSING,Natalia Abarca,nio_soc-a0-26ww32a
Partition Level,paridfttop,icl_verify_dft,[NWP] TAP: icl verify dft,MISSING,Natalia Abarca,nio_soc-a0-26ww32a
Partition Level,parmioinf0,ijtag_basic_tap_tests_tlr_reset,[NWP] TAP: tap tests tlr reset,MISSING,Natalia Abarca,nio_soc-a0-26ww32a
Partition Level,parmioinf0,ijtag_basic_tap_tests_reset,[NWP] TAP: tap tests reset,MISSING,Natalia Abarca,nio_soc-a0-26ww32a
Partition Level,parmioinf0,ijtag_basic_tap_tests_rw_access,[NWP] TAP: tap tests rw access,MISSING,Natalia Abarca,nio_soc-a0-26ww32a
Partition Level,parmioinf0,ijtag_basic_tap_tests_continuity,[NWP] TAP: tap tests continuity,MISSING,Natalia Abarca,nio_soc-a0-26ww32a
Partition Level,parmioinf0,icl_verify_dft,[NWP] TAP: icl verify dft,MISSING,Natalia Abarca,nio_soc-a0-26ww32a
Partition Level,parmioinf1e,ijtag_basic_tap_tests_tlr_reset,[NWP] TAP: tap tests tlr reset,MISSING,Natalia Abarca,nio_soc-a0-26ww32a
Partition Level,parmioinf1e,ijtag_basic_tap_tests_reset,[NWP] TAP: tap tests reset,MISSING,Natalia Abarca,nio_soc-a0-26ww32a
Partition Level,parmioinf1e,ijtag_basic_tap_tests_rw_access,[NWP] TAP: tap tests rw access,MISSING,Natalia Abarca,nio_soc-a0-26ww32a
Partition Level,parmioinf1e,ijtag_basic_tap_tests_continuity,[NWP] TAP: tap tests continuity,MISSING,Natalia Abarca,nio_soc-a0-26ww32a
Partition Level,parmioinf1e,icl_verify_dft,[NWP] TAP: icl verify dft,MISSING,Natalia Abarca,nio_soc-a0-26ww32a
Partition Level,parmioinf1w,ijtag_basic_tap_tests_tlr_reset,[NWP] TAP: tap tests tlr reset,MISSING,Natalia Abarca,nio_soc-a0-26ww32a
Partition Level,parmioinf1w,ijtag_basic_tap_tests_reset,[NWP] TAP: tap tests reset,MISSING,Natalia Abarca,nio_soc-a0-26ww32a
Partition Level,parmioinf1w,ijtag_basic_tap_tests_rw_access,[NWP] TAP: tap tests rw access,MISSING,Natalia Abarca,nio_soc-a0-26ww32a
Partition Level,parmioinf1w,ijtag_basic_tap_tests_continuity,[NWP] TAP: tap tests continuity,MISSING,Natalia Abarca,nio_soc-a0-26ww32a
Partition Level,parmioinf1w,icl_verify_dft,[NWP] TAP: icl verify dft,MISSING,Natalia Abarca,nio_soc-a0-26ww32a
Partition Level,parmioinf2e,ijtag_basic_tap_tests_tlr_reset,[NWP] TAP: tap tests tlr reset,MISSING,Natalia Abarca,nio_soc-a0-26ww32a
Partition Level,parmioinf2e,ijtag_basic_tap_tests_reset,[NWP] TAP: tap tests reset,MISSING,Natalia Abarca,nio_soc-a0-26ww32a
Partition Level,parmioinf2e,ijtag_basic_tap_tests_rw_access,[NWP] TAP: tap tests rw access,MISSING,Natalia Abarca,nio_soc-a0-26ww32a
Partition Level,parmioinf2e,ijtag_basic_tap_tests_continuity,[NWP] TAP: tap tests continuity,MISSING,Natalia Abarca,nio_soc-a0-26ww32a
Partition Level,parmioinf2e,icl_verify_dft,[NWP] TAP: icl verify dft,MISSING,Natalia Abarca,nio_soc-a0-26ww32a
Partition Level,parmioinf2w,ijtag_basic_tap_tests_tlr_reset,[NWP] TAP: tap tests tlr reset,MISSING,Natalia Abarca,nio_soc-a0-26ww32a
Partition Level,parmioinf2w,ijtag_basic_tap_tests_reset,[NWP] TAP: tap tests reset,MISSING,Natalia Abarca,nio_soc-a0-26ww32a
Partition Level,parmioinf2w,ijtag_basic_tap_tests_rw_access,[NWP] TAP: tap tests rw access,MISSING,Natalia Abarca,nio_soc-a0-26ww32a
Partition Level,parmioinf2w,ijtag_basic_tap_tests_continuity,[NWP] TAP: tap tests continuity,MISSING,Natalia Abarca,nio_soc-a0-26ww32a
Partition Level,parmioinf2w,icl_verify_dft,[NWP] TAP: icl verify dft,MISSING,Natalia Abarca,nio_soc-a0-26ww32a
Partition Level,parmioinf3e,ijtag_basic_tap_tests_tlr_reset,[NWP] TAP: tap tests tlr reset,MISSING,Natalia Abarca,nio_soc-a0-26ww32a
Partition Level,parmioinf3e,ijtag_basic_tap_tests_reset,[NWP] TAP: tap tests reset,MISSING,Natalia Abarca,nio_soc-a0-26ww32a
Partition Level,parmioinf3e,ijtag_basic_tap_tests_rw_access,[NWP] TAP: tap tests rw access,MISSING,Natalia Abarca,nio_soc-a0-26ww32a
Partition Level,parmioinf3e,ijtag_basic_tap_tests_continuity,[NWP] TAP: tap tests continuity,MISSING,Natalia Abarca,nio_soc-a0-26ww32a
Partition Level,parmioinf3e,icl_verify_dft,[NWP] TAP: icl verify dft,MISSING,Natalia Abarca,nio_soc-a0-26ww32a
Partition Level,parmioinf3w,ijtag_basic_tap_tests_tlr_reset,[NWP] TAP: tap tests tlr reset,MISSING,Natalia Abarca,nio_soc-a0-26ww32a
Partition Level,parmioinf3w,ijtag_basic_tap_tests_reset,[NWP] TAP: tap tests reset,MISSING,Natalia Abarca,nio_soc-a0-26ww32a
Partition Level,parmioinf3w,ijtag_basic_tap_tests_rw_access,[NWP] TAP: tap tests rw access,MISSING,Natalia Abarca,nio_soc-a0-26ww32a
Partition Level,parmioinf3w,ijtag_basic_tap_tests_continuity,[NWP] TAP: tap tests continuity,MISSING,Natalia Abarca,nio_soc-a0-26ww32a
Partition Level,parmioinf3w,icl_verify_dft,[NWP] TAP: icl verify dft,MISSING,Natalia Abarca,nio_soc-a0-26ww32a
Partition Level,parocs,ijtag_basic_tap_tests_tlr_reset,[NWP] TAP: tap tests tlr reset,MISSING,Natalia Abarca,nio_soc-a0-26ww32a
Partition Level,parocs,ijtag_basic_tap_tests_reset,[NWP] TAP: tap tests reset,FAIL,Natalia Abarca,nio_soc-a0-26ww32a
Partition Level,parocs,ijtag_basic_tap_tests_rw_access,[NWP] TAP: tap tests rw access,FAIL,Natalia Abarca,nio_soc-a0-26ww32a
Partition Level,parocs,ijtag_basic_tap_tests_continuity,[NWP] TAP: tap tests continuity,FAIL,Natalia Abarca,nio_soc-a0-26ww32a
Partition Level,parocs,icl_verify_dft,[NWP] TAP: icl verify dft,MISSING,Natalia Abarca,nio_soc-a0-26ww32a
Partition Level,paroobip,ijtag_basic_tap_tests_tlr_reset,[NWP] TAP: tap tests tlr reset,MISSING,Natalia Abarca,nio_soc-a0-26ww32a
Partition Level,paroobip,ijtag_basic_tap_tests_reset,[NWP] TAP: tap tests reset,MISSING,Natalia Abarca,nio_soc-a0-26ww32a
Partition Level,paroobip,ijtag_basic_tap_tests_rw_access,[NWP] TAP: tap tests rw access,MISSING,Natalia Abarca,nio_soc-a0-26ww32a
Partition Level,paroobip,ijtag_basic_tap_tests_continuity,[NWP] TAP: tap tests continuity,MISSING,Natalia Abarca,nio_soc-a0-26ww32a
Partition Level,paroobip,icl_verify_dft,[NWP] TAP: icl verify dft,MISSING,Natalia Abarca,nio_soc-a0-26ww32a
Partition Level,paroobmsmram,icl_verify_dft,[NWP] TAP: icl verify dft,MISSING,Bhanu Vattikuti,nio_soc-a0-26ww32a
Partition Level,paroobmsmram,ijtag_basic_tap_tests_tlr_reset,[NWP] TAP: tap tests tlr reset,MISSING,Maria Perez,nio_soc-a0-26ww32a
Partition Level,paroobmsmram,ijtag_basic_tap_tests_reset,[NWP] TAP: tap tests reset,MISSING,Maria Perez,nio_soc-a0-26ww32a
Partition Level,paroobmsmram,ijtag_basic_tap_tests_rw_access,[NWP] TAP: tap tests rw access,MISSING,Maria Perez,nio_soc-a0-26ww32a
Partition Level,paroobmsmram,ijtag_basic_tap_tests_continuity,[NWP] TAP: tap tests continuity,MISSING,Maria Perez,nio_soc-a0-26ww32a
Partition Level,parpciegen4top,icl_verify_dft,[NWP] TAP: icl verify dft,MISSING,Bhanu Vattikuti,nio_soc-a0-26ww32a
Partition Level,parpciegen4top,ijtag_basic_tap_tests_tlr_reset,[NWP] TAP: tap tests tlr reset,MISSING,Marco Salas,nio_soc-a0-26ww32a
Partition Level,parpciegen4top,ijtag_basic_tap_tests_reset,[NWP] TAP: tap tests reset,MISSING,Marco Salas,nio_soc-a0-26ww32a
Partition Level,parpciegen4top,ijtag_basic_tap_tests_rw_access,[NWP] TAP: tap tests rw access,MISSING,Marco Salas,nio_soc-a0-26ww32a
Partition Level,parpciegen4top,ijtag_basic_tap_tests_continuity,[NWP] TAP: tap tests continuity,MISSING,Marco Salas,nio_soc-a0-26ww32a
Partition Level,parpla,ijtag_basic_tap_tests_tlr_reset,[NWP] TAP: tap tests tlr reset,MISSING,SathyahX Sv,nio_soc-a0-26ww32a
Partition Level,parpla,ijtag_basic_tap_tests_reset,[NWP] TAP: tap tests reset,MISSING,SathyahX Sv,nio_soc-a0-26ww32a
Partition Level,parpla,ijtag_basic_tap_tests_rw_access,[NWP] TAP: tap tests rw access,MISSING,SathyahX Sv,nio_soc-a0-26ww32a
Partition Level,parpla,ijtag_basic_tap_tests_continuity,[NWP] TAP: tap tests continuity,MISSING,SathyahX Sv,nio_soc-a0-26ww32a
Partition Level,parpla,icl_verify_dft,[NWP] TAP: icl verify dft,MISSING,SathyahX Sv,nio_soc-a0-26ww32a
Partition Level,parpsf0npktam,ijtag_basic_tap_tests_tlr_reset,[NWP] TAP: tap tests tlr reset,MISSING,SathyahX Sv,nio_soc-a0-26ww32a
Partition Level,parpsf0npktam,ijtag_basic_tap_tests_reset,[NWP] TAP: tap tests reset,MISSING,SathyahX Sv,nio_soc-a0-26ww32a
Partition Level,parpsf0npktam,ijtag_basic_tap_tests_rw_access,[NWP] TAP: tap tests rw access,MISSING,SathyahX Sv,nio_soc-a0-26ww32a
Partition Level,parpsf0npktam,ijtag_basic_tap_tests_continuity,[NWP] TAP: tap tests continuity,MISSING,SathyahX Sv,nio_soc-a0-26ww32a
Partition Level,parpsf0npktam,icl_verify_dft,[NWP] TAP: icl verify dft,MISSING,SathyahX Sv,nio_soc-a0-26ww32a
Partition Level,parpsf1,ijtag_basic_tap_tests_tlr_reset,[NWP] TAP: tap tests tlr reset,MISSING,SathyahX Sv,nio_soc-a0-26ww32a
Partition Level,parpsf1,ijtag_basic_tap_tests_reset,[NWP] TAP: tap tests reset,MISSING,SathyahX Sv,nio_soc-a0-26ww32a
Partition Level,parpsf1,ijtag_basic_tap_tests_rw_access,[NWP] TAP: tap tests rw access,MISSING,SathyahX Sv,nio_soc-a0-26ww32a
Partition Level,parpsf1,ijtag_basic_tap_tests_continuity,[NWP] TAP: tap tests continuity,MISSING,SathyahX Sv,nio_soc-a0-26ww32a
Partition Level,parpsf1,icl_verify_dft,[NWP] TAP: icl verify dft,MISSING,SathyahX Sv,nio_soc-a0-26ww32a
Partition Level,parpsf2,icl_verify_dft,[NWP] TAP: icl verify dft,MISSING,Bhanu Vattikuti,nio_soc-a0-26ww32a
Partition Level,parpsf2,ijtag_basic_tap_tests_tlr_reset,[NWP] TAP: tap tests tlr reset,MISSING,Marco Salas,nio_soc-a0-26ww32a
Partition Level,parpsf2,ijtag_basic_tap_tests_reset,[NWP] TAP: tap tests reset,MISSING,Marco Salas,nio_soc-a0-26ww32a
Partition Level,parpsf2,ijtag_basic_tap_tests_rw_access,[NWP] TAP: tap tests rw access,MISSING,Marco Salas,nio_soc-a0-26ww32a
Partition Level,parpsf2,ijtag_basic_tap_tests_continuity,[NWP] TAP: tap tests continuity,MISSING,Marco Salas,nio_soc-a0-26ww32a
Partition Level,parpunit,icl_verify_dft,[NWP] TAP: icl verify dft,MISSING,Bhanu Vattikuti,nio_soc-a0-26ww32a
Partition Level,parpunit,ijtag_basic_tap_tests_tlr_reset,[NWP] TAP: tap tests tlr reset,MISSING,Maria Perez,nio_soc-a0-26ww32a
Partition Level,parpunit,ijtag_basic_tap_tests_reset,[NWP] TAP: tap tests reset,MISSING,Maria Perez,nio_soc-a0-26ww32a
Partition Level,parpunit,ijtag_basic_tap_tests_rw_access,[NWP] TAP: tap tests rw access,MISSING,Maria Perez,nio_soc-a0-26ww32a
Partition Level,parpunit,ijtag_basic_tap_tests_continuity,[NWP] TAP: tap tests continuity,MISSING,Maria Perez,nio_soc-a0-26ww32a
Partition Level,parrclk,ijtag_basic_tap_tests_tlr_reset,[NWP] TAP: tap tests tlr reset,MISSING,Natalia Abarca,nio_soc-a0-26ww32a
Partition Level,parrclk,ijtag_basic_tap_tests_reset,[NWP] TAP: tap tests reset,MISSING,Natalia Abarca,nio_soc-a0-26ww32a
Partition Level,parrclk,ijtag_basic_tap_tests_rw_access,[NWP] TAP: tap tests rw access,MISSING,Natalia Abarca,nio_soc-a0-26ww32a
Partition Level,parrclk,ijtag_basic_tap_tests_continuity,[NWP] TAP: tap tests continuity,MISSING,Natalia Abarca,nio_soc-a0-26ww32a
Partition Level,parrclk,icl_verify_dft,[NWP] TAP: icl verify dft,MISSING,Natalia Abarca,nio_soc-a0-26ww32a
Partition Level,pars3m,ijtag_basic_tap_tests_tlr_reset,[NWP] TAP: tap tests tlr reset,MISSING,Natalia Abarca,nio_soc-a0-26ww32a
Partition Level,pars3m,ijtag_basic_tap_tests_reset,[NWP] TAP: tap tests reset,MISSING,Natalia Abarca,nio_soc-a0-26ww32a
Partition Level,pars3m,ijtag_basic_tap_tests_rw_access,[NWP] TAP: tap tests rw access,MISSING,Natalia Abarca,nio_soc-a0-26ww32a
Partition Level,pars3m,ijtag_basic_tap_tests_continuity,[NWP] TAP: tap tests continuity,MISSING,Natalia Abarca,nio_soc-a0-26ww32a
Partition Level,pars3m,icl_verify_dft,[NWP] TAP: icl verify dft,MISSING,Natalia Abarca,nio_soc-a0-26ww32a
Partition Level,parscfcamisc,ijtag_basic_tap_tests_tlr_reset,[NWP] TAP: tap tests tlr reset,MISSING,SathyahX Sv,nio_soc-a0-26ww32a
Partition Level,parscfcamisc,ijtag_basic_tap_tests_reset,[NWP] TAP: tap tests reset,MISSING,SathyahX Sv,nio_soc-a0-26ww32a
Partition Level,parscfcamisc,ijtag_basic_tap_tests_rw_access,[NWP] TAP: tap tests rw access,MISSING,SathyahX Sv,nio_soc-a0-26ww32a
Partition Level,parscfcamisc,ijtag_basic_tap_tests_continuity,[NWP] TAP: tap tests continuity,MISSING,SathyahX Sv,nio_soc-a0-26ww32a
Partition Level,parscfcamisc,icl_verify_dft,[NWP] TAP: icl verify dft,MISSING,SathyahX Sv,nio_soc-a0-26ww32a
Partition Level,parscfcms2xcrs2x,ijtag_basic_tap_tests_tlr_reset,[NWP] TAP: tap tests tlr reset,MISSING,SathyahX Sv,nio_soc-a0-26ww32a
Partition Level,parscfcms2xcrs2x,ijtag_basic_tap_tests_reset,[NWP] TAP: tap tests reset,MISSING,SathyahX Sv,nio_soc-a0-26ww32a
Partition Level,parscfcms2xcrs2x,ijtag_basic_tap_tests_rw_access,[NWP] TAP: tap tests rw access,MISSING,SathyahX Sv,nio_soc-a0-26ww32a
Partition Level,parscfcms2xcrs2x,ijtag_basic_tap_tests_continuity,[NWP] TAP: tap tests continuity,MISSING,SathyahX Sv,nio_soc-a0-26ww32a
Partition Level,parscfcms2xcrs2x,icl_verify_dft,[NWP] TAP: icl verify dft,MISSING,SathyahX Sv,nio_soc-a0-26ww32a
Partition Level,parscfcmsdummy,ijtag_basic_tap_tests_tlr_reset,[NWP] TAP: tap tests tlr reset,MISSING,SathyahX Sv,nio_soc-a0-26ww32a
Partition Level,parscfcmsdummy,ijtag_basic_tap_tests_reset,[NWP] TAP: tap tests reset,MISSING,SathyahX Sv,nio_soc-a0-26ww32a
Partition Level,parscfcmsdummy,ijtag_basic_tap_tests_rw_access,[NWP] TAP: tap tests rw access,MISSING,SathyahX Sv,nio_soc-a0-26ww32a
Partition Level,parscfcmsdummy,ijtag_basic_tap_tests_continuity,[NWP] TAP: tap tests continuity,MISSING,SathyahX Sv,nio_soc-a0-26ww32a
Partition Level,parscfcmsdummy,icl_verify_dft,[NWP] TAP: icl verify dft,MISSING,SathyahX Sv,nio_soc-a0-26ww32a
Partition Level,parscfcrsd2d,ijtag_basic_tap_tests_tlr_reset,[NWP] TAP: tap tests tlr reset,MISSING,SathyahX Sv,nio_soc-a0-26ww32a
Partition Level,parscfcrsd2d,ijtag_basic_tap_tests_reset,[NWP] TAP: tap tests reset,MISSING,SathyahX Sv,nio_soc-a0-26ww32a
Partition Level,parscfcrsd2d,ijtag_basic_tap_tests_rw_access,[NWP] TAP: tap tests rw access,MISSING,SathyahX Sv,nio_soc-a0-26ww32a
Partition Level,parscfcrsd2d,ijtag_basic_tap_tests_continuity,[NWP] TAP: tap tests continuity,MISSING,SathyahX Sv,nio_soc-a0-26ww32a
Partition Level,parscfcrsd2d,icl_verify_dft,[NWP] TAP: icl verify dft,MISSING,SathyahX Sv,nio_soc-a0-26ww32a
Partition Level,parscfcrsmem,ijtag_basic_tap_tests_tlr_reset,[NWP] TAP: tap tests tlr reset,MISSING,SathyahX Sv,nio_soc-a0-26ww32a
Partition Level,parscfcrsmem,ijtag_basic_tap_tests_reset,[NWP] TAP: tap tests reset,MISSING,SathyahX Sv,nio_soc-a0-26ww32a
Partition Level,parscfcrsmem,ijtag_basic_tap_tests_rw_access,[NWP] TAP: tap tests rw access,MISSING,SathyahX Sv,nio_soc-a0-26ww32a
Partition Level,parscfcrsmem,ijtag_basic_tap_tests_continuity,[NWP] TAP: tap tests continuity,MISSING,SathyahX Sv,nio_soc-a0-26ww32a
Partition Level,parscfcrsmem,icl_verify_dft,[NWP] TAP: icl verify dft,MISSING,SathyahX Sv,nio_soc-a0-26ww32a
Partition Level,parscfcrsp2p,ijtag_basic_tap_tests_tlr_reset,[NWP] TAP: tap tests tlr reset,MISSING,SathyahX Sv,nio_soc-a0-26ww32a
Partition Level,parscfcrsp2p,ijtag_basic_tap_tests_reset,[NWP] TAP: tap tests reset,MISSING,SathyahX Sv,nio_soc-a0-26ww32a
Partition Level,parscfcrsp2p,ijtag_basic_tap_tests_rw_access,[NWP] TAP: tap tests rw access,MISSING,SathyahX Sv,nio_soc-a0-26ww32a
Partition Level,parscfcrsp2p,ijtag_basic_tap_tests_continuity,[NWP] TAP: tap tests continuity,MISSING,SathyahX Sv,nio_soc-a0-26ww32a
Partition Level,parscfcrsp2p,icl_verify_dft,[NWP] TAP: icl verify dft,MISSING,SathyahX Sv,nio_soc-a0-26ww32a
Partition Level,parscfcrsubrcab,ijtag_basic_tap_tests_tlr_reset,[NWP] TAP: tap tests tlr reset,MISSING,SathyahX Sv,nio_soc-a0-26ww32a
Partition Level,parscfcrsubrcab,ijtag_basic_tap_tests_reset,[NWP] TAP: tap tests reset,MISSING,SathyahX Sv,nio_soc-a0-26ww32a
Partition Level,parscfcrsubrcab,ijtag_basic_tap_tests_rw_access,[NWP] TAP: tap tests rw access,MISSING,SathyahX Sv,nio_soc-a0-26ww32a
Partition Level,parscfcrsubrcab,ijtag_basic_tap_tests_continuity,[NWP] TAP: tap tests continuity,MISSING,SathyahX Sv,nio_soc-a0-26ww32a
Partition Level,parscfcrsubrcab,icl_verify_dft,[NWP] TAP: icl verify dft,MISSING,SathyahX Sv,nio_soc-a0-26ww32a
Partition Level,parscfcrsuio,ijtag_basic_tap_tests_tlr_reset,[NWP] TAP: tap tests tlr reset,MISSING,SathyahX Sv,nio_soc-a0-26ww32a
Partition Level,parscfcrsuio,ijtag_basic_tap_tests_reset,[NWP] TAP: tap tests reset,MISSING,SathyahX Sv,nio_soc-a0-26ww32a
Partition Level,parscfcrsuio,ijtag_basic_tap_tests_rw_access,[NWP] TAP: tap tests rw access,MISSING,SathyahX Sv,nio_soc-a0-26ww32a
Partition Level,parscfcrsuio,ijtag_basic_tap_tests_continuity,[NWP] TAP: tap tests continuity,MISSING,SathyahX Sv,nio_soc-a0-26ww32a
Partition Level,parscfcrsuio,icl_verify_dft,[NWP] TAP: icl verify dft,MISSING,SathyahX Sv,nio_soc-a0-26ww32a
Partition Level,parscfhaasf,ijtag_basic_tap_tests_tlr_reset,[NWP] TAP: tap tests tlr reset,MISSING,SathyahX Sv,nio_soc-a0-26ww32a
Partition Level,parscfhaasf,ijtag_basic_tap_tests_reset,[NWP] TAP: tap tests reset,MISSING,SathyahX Sv,nio_soc-a0-26ww32a
Partition Level,parscfhaasf,ijtag_basic_tap_tests_rw_access,[NWP] TAP: tap tests rw access,MISSING,SathyahX Sv,nio_soc-a0-26ww32a
Partition Level,parscfhaasf,ijtag_basic_tap_tests_continuity,[NWP] TAP: tap tests continuity,MISSING,SathyahX Sv,nio_soc-a0-26ww32a
Partition Level,parscfhaasf,icl_verify_dft,[NWP] TAP: icl verify dft,MISSING,SathyahX Sv,nio_soc-a0-26ww32a
Partition Level,parscfhsf,ijtag_basic_tap_tests_tlr_reset,[NWP] TAP: tap tests tlr reset,MISSING,SathyahX Sv,nio_soc-a0-26ww32a
Partition Level,parscfhsf,ijtag_basic_tap_tests_reset,[NWP] TAP: tap tests reset,MISSING,SathyahX Sv,nio_soc-a0-26ww32a
Partition Level,parscfhsf,ijtag_basic_tap_tests_rw_access,[NWP] TAP: tap tests rw access,MISSING,SathyahX Sv,nio_soc-a0-26ww32a
Partition Level,parscfhsf,ijtag_basic_tap_tests_continuity,[NWP] TAP: tap tests continuity,MISSING,SathyahX Sv,nio_soc-a0-26ww32a
Partition Level,parscfhsf,icl_verify_dft,[NWP] TAP: icl verify dft,MISSING,SathyahX Sv,nio_soc-a0-26ww32a
Partition Level,parscfioinf0e,ijtag_basic_tap_tests_tlr_reset,[NWP] TAP: tap tests tlr reset,MISSING,SathyahX Sv,nio_soc-a0-26ww32a
Partition Level,parscfioinf0e,ijtag_basic_tap_tests_reset,[NWP] TAP: tap tests reset,MISSING,SathyahX Sv,nio_soc-a0-26ww32a
Partition Level,parscfioinf0e,ijtag_basic_tap_tests_rw_access,[NWP] TAP: tap tests rw access,MISSING,SathyahX Sv,nio_soc-a0-26ww32a
Partition Level,parscfioinf0e,ijtag_basic_tap_tests_continuity,[NWP] TAP: tap tests continuity,MISSING,SathyahX Sv,nio_soc-a0-26ww32a
Partition Level,parscfioinf0e,icl_verify_dft,[NWP] TAP: icl verify dft,MISSING,SathyahX Sv,nio_soc-a0-26ww32a
Partition Level,parscfioinf0w,ijtag_basic_tap_tests_tlr_reset,[NWP] TAP: tap tests tlr reset,MISSING,SathyahX Sv,nio_soc-a0-26ww32a
Partition Level,parscfioinf0w,ijtag_basic_tap_tests_reset,[NWP] TAP: tap tests reset,MISSING,SathyahX Sv,nio_soc-a0-26ww32a
Partition Level,parscfioinf0w,ijtag_basic_tap_tests_rw_access,[NWP] TAP: tap tests rw access,MISSING,SathyahX Sv,nio_soc-a0-26ww32a
Partition Level,parscfioinf0w,ijtag_basic_tap_tests_continuity,[NWP] TAP: tap tests continuity,MISSING,SathyahX Sv,nio_soc-a0-26ww32a
Partition Level,parscfioinf0w,icl_verify_dft,[NWP] TAP: icl verify dft,MISSING,SathyahX Sv,nio_soc-a0-26ww32a
Partition Level,parscfioinf1e,ijtag_basic_tap_tests_tlr_reset,[NWP] TAP: tap tests tlr reset,MISSING,SathyahX Sv,nio_soc-a0-26ww32a
Partition Level,parscfioinf1e,ijtag_basic_tap_tests_reset,[NWP] TAP: tap tests reset,MISSING,SathyahX Sv,nio_soc-a0-26ww32a
Partition Level,parscfioinf1e,ijtag_basic_tap_tests_rw_access,[NWP] TAP: tap tests rw access,MISSING,SathyahX Sv,nio_soc-a0-26ww32a
Partition Level,parscfioinf1e,ijtag_basic_tap_tests_continuity,[NWP] TAP: tap tests continuity,MISSING,SathyahX Sv,nio_soc-a0-26ww32a
Partition Level,parscfioinf1e,icl_verify_dft,[NWP] TAP: icl verify dft,MISSING,SathyahX Sv,nio_soc-a0-26ww32a
Partition Level,parscfioinf1w,ijtag_basic_tap_tests_tlr_reset,[NWP] TAP: tap tests tlr reset,MISSING,SathyahX Sv,nio_soc-a0-26ww32a
Partition Level,parscfioinf1w,ijtag_basic_tap_tests_reset,[NWP] TAP: tap tests reset,MISSING,SathyahX Sv,nio_soc-a0-26ww32a
Partition Level,parscfioinf1w,ijtag_basic_tap_tests_rw_access,[NWP] TAP: tap tests rw access,MISSING,SathyahX Sv,nio_soc-a0-26ww32a
Partition Level,parscfioinf1w,ijtag_basic_tap_tests_continuity,[NWP] TAP: tap tests continuity,MISSING,SathyahX Sv,nio_soc-a0-26ww32a
Partition Level,parscfioinf1w,icl_verify_dft,[NWP] TAP: icl verify dft,MISSING,SathyahX Sv,nio_soc-a0-26ww32a
Partition Level,parscfioinf2e,ijtag_basic_tap_tests_tlr_reset,[NWP] TAP: tap tests tlr reset,MISSING,SathyahX Sv,nio_soc-a0-26ww32a
Partition Level,parscfioinf2e,ijtag_basic_tap_tests_reset,[NWP] TAP: tap tests reset,MISSING,SathyahX Sv,nio_soc-a0-26ww32a
Partition Level,parscfioinf2e,ijtag_basic_tap_tests_rw_access,[NWP] TAP: tap tests rw access,MISSING,SathyahX Sv,nio_soc-a0-26ww32a
Partition Level,parscfioinf2e,ijtag_basic_tap_tests_continuity,[NWP] TAP: tap tests continuity,MISSING,SathyahX Sv,nio_soc-a0-26ww32a
Partition Level,parscfioinf2e,icl_verify_dft,[NWP] TAP: icl verify dft,MISSING,SathyahX Sv,nio_soc-a0-26ww32a
Partition Level,parscfioinf2w,ijtag_basic_tap_tests_tlr_reset,[NWP] TAP: tap tests tlr reset,MISSING,SathyahX Sv,nio_soc-a0-26ww32a
Partition Level,parscfioinf2w,ijtag_basic_tap_tests_reset,[NWP] TAP: tap tests reset,MISSING,SathyahX Sv,nio_soc-a0-26ww32a
Partition Level,parscfioinf2w,ijtag_basic_tap_tests_rw_access,[NWP] TAP: tap tests rw access,MISSING,SathyahX Sv,nio_soc-a0-26ww32a
Partition Level,parscfioinf2w,ijtag_basic_tap_tests_continuity,[NWP] TAP: tap tests continuity,MISSING,SathyahX Sv,nio_soc-a0-26ww32a
Partition Level,parscfioinf2w,icl_verify_dft,[NWP] TAP: icl verify dft,MISSING,SathyahX Sv,nio_soc-a0-26ww32a
Partition Level,parscfmemch0n,ijtag_basic_tap_tests_tlr_reset,[NWP] TAP: tap tests tlr reset,MISSING,SathyahX Sv,nio_soc-a0-26ww32a
Partition Level,parscfmemch0n,ijtag_basic_tap_tests_reset,[NWP] TAP: tap tests reset,MISSING,SathyahX Sv,nio_soc-a0-26ww32a
Partition Level,parscfmemch0n,ijtag_basic_tap_tests_rw_access,[NWP] TAP: tap tests rw access,MISSING,SathyahX Sv,nio_soc-a0-26ww32a
Partition Level,parscfmemch0n,ijtag_basic_tap_tests_continuity,[NWP] TAP: tap tests continuity,MISSING,SathyahX Sv,nio_soc-a0-26ww32a
Partition Level,parscfmemch0n,icl_verify_dft,[NWP] TAP: icl verify dft,MISSING,SathyahX Sv,nio_soc-a0-26ww32a
Partition Level,parscfmemch0s,ijtag_basic_tap_tests_tlr_reset,[NWP] TAP: tap tests tlr reset,MISSING,SathyahX Sv,nio_soc-a0-26ww32a
Partition Level,parscfmemch0s,ijtag_basic_tap_tests_reset,[NWP] TAP: tap tests reset,FAIL,SathyahX Sv,nio_soc-a0-26ww32a
Partition Level,parscfmemch0s,ijtag_basic_tap_tests_rw_access,[NWP] TAP: tap tests rw access,FAIL,SathyahX Sv,nio_soc-a0-26ww32a
Partition Level,parscfmemch0s,ijtag_basic_tap_tests_continuity,[NWP] TAP: tap tests continuity,FAIL,SathyahX Sv,nio_soc-a0-26ww32a
Partition Level,parscfmemch0s,icl_verify_dft,[NWP] TAP: icl verify dft,MISSING,SathyahX Sv,nio_soc-a0-26ww32a
Partition Level,parscfmemch1n,ijtag_basic_tap_tests_tlr_reset,[NWP] TAP: tap tests tlr reset,MISSING,SathyahX Sv,nio_soc-a0-26ww32a
Partition Level,parscfmemch1n,ijtag_basic_tap_tests_reset,[NWP] TAP: tap tests reset,MISSING,SathyahX Sv,nio_soc-a0-26ww32a
Partition Level,parscfmemch1n,ijtag_basic_tap_tests_rw_access,[NWP] TAP: tap tests rw access,MISSING,SathyahX Sv,nio_soc-a0-26ww32a
Partition Level,parscfmemch1n,ijtag_basic_tap_tests_continuity,[NWP] TAP: tap tests continuity,MISSING,SathyahX Sv,nio_soc-a0-26ww32a
Partition Level,parscfmemch1n,icl_verify_dft,[NWP] TAP: icl verify dft,MISSING,SathyahX Sv,nio_soc-a0-26ww32a
Partition Level,parscfmemch1s,ijtag_basic_tap_tests_tlr_reset,[NWP] TAP: tap tests tlr reset,MISSING,SathyahX Sv,nio_soc-a0-26ww32a
Partition Level,parscfmemch1s,ijtag_basic_tap_tests_reset,[NWP] TAP: tap tests reset,MISSING,SathyahX Sv,nio_soc-a0-26ww32a
Partition Level,parscfmemch1s,ijtag_basic_tap_tests_rw_access,[NWP] TAP: tap tests rw access,MISSING,SathyahX Sv,nio_soc-a0-26ww32a
Partition Level,parscfmemch1s,ijtag_basic_tap_tests_continuity,[NWP] TAP: tap tests continuity,MISSING,SathyahX Sv,nio_soc-a0-26ww32a
Partition Level,parscfmemch1s,icl_verify_dft,[NWP] TAP: icl verify dft,MISSING,SathyahX Sv,nio_soc-a0-26ww32a
Partition Level,parscfmemch2n,ijtag_basic_tap_tests_tlr_reset,[NWP] TAP: tap tests tlr reset,MISSING,SathyahX Sv,nio_soc-a0-26ww32a
Partition Level,parscfmemch2n,ijtag_basic_tap_tests_reset,[NWP] TAP: tap tests reset,FAIL,SathyahX Sv,nio_soc-a0-26ww32a
Partition Level,parscfmemch2n,ijtag_basic_tap_tests_rw_access,[NWP] TAP: tap tests rw access,FAIL,SathyahX Sv,nio_soc-a0-26ww32a
Partition Level,parscfmemch2n,ijtag_basic_tap_tests_continuity,[NWP] TAP: tap tests continuity,FAIL,SathyahX Sv,nio_soc-a0-26ww32a
Partition Level,parscfmemch2n,icl_verify_dft,[NWP] TAP: icl verify dft,MISSING,SathyahX Sv,nio_soc-a0-26ww32a
Partition Level,parscfmemch2s,ijtag_basic_tap_tests_tlr_reset,[NWP] TAP: tap tests tlr reset,MISSING,SathyahX Sv,nio_soc-a0-26ww32a
Partition Level,parscfmemch2s,ijtag_basic_tap_tests_reset,[NWP] TAP: tap tests reset,FAIL,SathyahX Sv,nio_soc-a0-26ww32a
Partition Level,parscfmemch2s,ijtag_basic_tap_tests_rw_access,[NWP] TAP: tap tests rw access,FAIL,SathyahX Sv,nio_soc-a0-26ww32a
Partition Level,parscfmemch2s,ijtag_basic_tap_tests_continuity,[NWP] TAP: tap tests continuity,FAIL,SathyahX Sv,nio_soc-a0-26ww32a
Partition Level,parscfmemch2s,icl_verify_dft,[NWP] TAP: icl verify dft,MISSING,SathyahX Sv,nio_soc-a0-26ww32a
Partition Level,parscfmemch3n,ijtag_basic_tap_tests_tlr_reset,[NWP] TAP: tap tests tlr reset,MISSING,SathyahX Sv,nio_soc-a0-26ww32a
Partition Level,parscfmemch3n,ijtag_basic_tap_tests_reset,[NWP] TAP: tap tests reset,MISSING,SathyahX Sv,nio_soc-a0-26ww32a
Partition Level,parscfmemch3n,ijtag_basic_tap_tests_rw_access,[NWP] TAP: tap tests rw access,MISSING,SathyahX Sv,nio_soc-a0-26ww32a
Partition Level,parscfmemch3n,ijtag_basic_tap_tests_continuity,[NWP] TAP: tap tests continuity,MISSING,SathyahX Sv,nio_soc-a0-26ww32a
Partition Level,parscfmemch3n,icl_verify_dft,[NWP] TAP: icl verify dft,MISSING,SathyahX Sv,nio_soc-a0-26ww32a
Partition Level,parscfmemch3s,ijtag_basic_tap_tests_tlr_reset,[NWP] TAP: tap tests tlr reset,MISSING,SathyahX Sv,nio_soc-a0-26ww32a
Partition Level,parscfmemch3s,ijtag_basic_tap_tests_reset,[NWP] TAP: tap tests reset,MISSING,SathyahX Sv,nio_soc-a0-26ww32a
Partition Level,parscfmemch3s,ijtag_basic_tap_tests_rw_access,[NWP] TAP: tap tests rw access,MISSING,SathyahX Sv,nio_soc-a0-26ww32a
Partition Level,parscfmemch3s,ijtag_basic_tap_tests_continuity,[NWP] TAP: tap tests continuity,MISSING,SathyahX Sv,nio_soc-a0-26ww32a
Partition Level,parscfmemch3s,icl_verify_dft,[NWP] TAP: icl verify dft,MISSING,SathyahX Sv,nio_soc-a0-26ww32a
Partition Level,parscfmemch4,ijtag_basic_tap_tests_tlr_reset,[NWP] TAP: tap tests tlr reset,MISSING,SathyahX Sv,nio_soc-a0-26ww32a
Partition Level,parscfmemch4,ijtag_basic_tap_tests_reset,[NWP] TAP: tap tests reset,MISSING,SathyahX Sv,nio_soc-a0-26ww32a
Partition Level,parscfmemch4,ijtag_basic_tap_tests_rw_access,[NWP] TAP: tap tests rw access,MISSING,SathyahX Sv,nio_soc-a0-26ww32a
Partition Level,parscfmemch4,ijtag_basic_tap_tests_continuity,[NWP] TAP: tap tests continuity,MISSING,SathyahX Sv,nio_soc-a0-26ww32a
Partition Level,parscfmemch4,icl_verify_dft,[NWP] TAP: icl verify dft,MISSING,SathyahX Sv,nio_soc-a0-26ww32a
Partition Level,parscfmemch5,ijtag_basic_tap_tests_tlr_reset,[NWP] TAP: tap tests tlr reset,MISSING,SathyahX Sv,nio_soc-a0-26ww32a
Partition Level,parscfmemch5,ijtag_basic_tap_tests_reset,[NWP] TAP: tap tests reset,MISSING,SathyahX Sv,nio_soc-a0-26ww32a
Partition Level,parscfmemch5,ijtag_basic_tap_tests_rw_access,[NWP] TAP: tap tests rw access,MISSING,SathyahX Sv,nio_soc-a0-26ww32a
Partition Level,parscfmemch5,ijtag_basic_tap_tests_continuity,[NWP] TAP: tap tests continuity,MISSING,SathyahX Sv,nio_soc-a0-26ww32a
Partition Level,parscfmemch5,icl_verify_dft,[NWP] TAP: icl verify dft,MISSING,SathyahX Sv,nio_soc-a0-26ww32a
Partition Level,parscfmeminf0e,ijtag_basic_tap_tests_tlr_reset,[NWP] TAP: tap tests tlr reset,MISSING,SathyahX Sv,nio_soc-a0-26ww32a
Partition Level,parscfmeminf0e,ijtag_basic_tap_tests_reset,[NWP] TAP: tap tests reset,MISSING,SathyahX Sv,nio_soc-a0-26ww32a
Partition Level,parscfmeminf0e,ijtag_basic_tap_tests_rw_access,[NWP] TAP: tap tests rw access,MISSING,SathyahX Sv,nio_soc-a0-26ww32a
Partition Level,parscfmeminf0e,ijtag_basic_tap_tests_continuity,[NWP] TAP: tap tests continuity,MISSING,SathyahX Sv,nio_soc-a0-26ww32a
Partition Level,parscfmeminf0e,icl_verify_dft,[NWP] TAP: icl verify dft,MISSING,SathyahX Sv,nio_soc-a0-26ww32a
Partition Level,parscfmeminf0w,ijtag_basic_tap_tests_tlr_reset,[NWP] TAP: tap tests tlr reset,MISSING,SathyahX Sv,nio_soc-a0-26ww32a
Partition Level,parscfmeminf0w,ijtag_basic_tap_tests_reset,[NWP] TAP: tap tests reset,MISSING,SathyahX Sv,nio_soc-a0-26ww32a
Partition Level,parscfmeminf0w,ijtag_basic_tap_tests_rw_access,[NWP] TAP: tap tests rw access,MISSING,SathyahX Sv,nio_soc-a0-26ww32a
Partition Level,parscfmeminf0w,ijtag_basic_tap_tests_continuity,[NWP] TAP: tap tests continuity,MISSING,SathyahX Sv,nio_soc-a0-26ww32a
Partition Level,parscfmeminf0w,icl_verify_dft,[NWP] TAP: icl verify dft,MISSING,SathyahX Sv,nio_soc-a0-26ww32a
Partition Level,parscfmeminf1e,ijtag_basic_tap_tests_tlr_reset,[NWP] TAP: tap tests tlr reset,MISSING,SathyahX Sv,nio_soc-a0-26ww32a
Partition Level,parscfmeminf1e,ijtag_basic_tap_tests_reset,[NWP] TAP: tap tests reset,MISSING,SathyahX Sv,nio_soc-a0-26ww32a
Partition Level,parscfmeminf1e,ijtag_basic_tap_tests_rw_access,[NWP] TAP: tap tests rw access,MISSING,SathyahX Sv,nio_soc-a0-26ww32a
Partition Level,parscfmeminf1e,ijtag_basic_tap_tests_continuity,[NWP] TAP: tap tests continuity,MISSING,SathyahX Sv,nio_soc-a0-26ww32a
Partition Level,parscfmeminf1e,icl_verify_dft,[NWP] TAP: icl verify dft,MISSING,SathyahX Sv,nio_soc-a0-26ww32a
Partition Level,parscfmeminf1w,ijtag_basic_tap_tests_tlr_reset,[NWP] TAP: tap tests tlr reset,MISSING,SathyahX Sv,nio_soc-a0-26ww32a
Partition Level,parscfmeminf1w,ijtag_basic_tap_tests_reset,[NWP] TAP: tap tests reset,MISSING,SathyahX Sv,nio_soc-a0-26ww32a
Partition Level,parscfmeminf1w,ijtag_basic_tap_tests_rw_access,[NWP] TAP: tap tests rw access,MISSING,SathyahX Sv,nio_soc-a0-26ww32a
Partition Level,parscfmeminf1w,ijtag_basic_tap_tests_continuity,[NWP] TAP: tap tests continuity,MISSING,SathyahX Sv,nio_soc-a0-26ww32a
Partition Level,parscfmeminf1w,icl_verify_dft,[NWP] TAP: icl verify dft,MISSING,SathyahX Sv,nio_soc-a0-26ww32a
Partition Level,parscfmeminf2e,ijtag_basic_tap_tests_tlr_reset,[NWP] TAP: tap tests tlr reset,MISSING,SathyahX Sv,nio_soc-a0-26ww32a
Partition Level,parscfmeminf2e,ijtag_basic_tap_tests_reset,[NWP] TAP: tap tests reset,MISSING,SathyahX Sv,nio_soc-a0-26ww32a
Partition Level,parscfmeminf2e,ijtag_basic_tap_tests_rw_access,[NWP] TAP: tap tests rw access,MISSING,SathyahX Sv,nio_soc-a0-26ww32a
Partition Level,parscfmeminf2e,ijtag_basic_tap_tests_continuity,[NWP] TAP: tap tests continuity,MISSING,SathyahX Sv,nio_soc-a0-26ww32a
Partition Level,parscfmeminf2e,icl_verify_dft,[NWP] TAP: icl verify dft,MISSING,SathyahX Sv,nio_soc-a0-26ww32a
Partition Level,parscfmeminf2w,ijtag_basic_tap_tests_tlr_reset,[NWP] TAP: tap tests tlr reset,MISSING,SathyahX Sv,nio_soc-a0-26ww32a
Partition Level,parscfmeminf2w,ijtag_basic_tap_tests_reset,[NWP] TAP: tap tests reset,MISSING,SathyahX Sv,nio_soc-a0-26ww32a
Partition Level,parscfmeminf2w,ijtag_basic_tap_tests_rw_access,[NWP] TAP: tap tests rw access,MISSING,SathyahX Sv,nio_soc-a0-26ww32a
Partition Level,parscfmeminf2w,ijtag_basic_tap_tests_continuity,[NWP] TAP: tap tests continuity,MISSING,SathyahX Sv,nio_soc-a0-26ww32a
Partition Level,parscfmeminf2w,icl_verify_dft,[NWP] TAP: icl verify dft,MISSING,SathyahX Sv,nio_soc-a0-26ww32a
Partition Level,parscfmeminf3e,ijtag_basic_tap_tests_tlr_reset,[NWP] TAP: tap tests tlr reset,MISSING,SathyahX Sv,nio_soc-a0-26ww32a
Partition Level,parscfmeminf3e,ijtag_basic_tap_tests_reset,[NWP] TAP: tap tests reset,MISSING,SathyahX Sv,nio_soc-a0-26ww32a
Partition Level,parscfmeminf3e,ijtag_basic_tap_tests_rw_access,[NWP] TAP: tap tests rw access,MISSING,SathyahX Sv,nio_soc-a0-26ww32a
Partition Level,parscfmeminf3e,ijtag_basic_tap_tests_continuity,[NWP] TAP: tap tests continuity,MISSING,SathyahX Sv,nio_soc-a0-26ww32a
Partition Level,parscfmeminf3e,icl_verify_dft,[NWP] TAP: icl verify dft,MISSING,SathyahX Sv,nio_soc-a0-26ww32a
Partition Level,parscfmeminf3w,ijtag_basic_tap_tests_tlr_reset,[NWP] TAP: tap tests tlr reset,MISSING,SathyahX Sv,nio_soc-a0-26ww32a
Partition Level,parscfmeminf3w,ijtag_basic_tap_tests_reset,[NWP] TAP: tap tests reset,MISSING,SathyahX Sv,nio_soc-a0-26ww32a
Partition Level,parscfmeminf3w,ijtag_basic_tap_tests_rw_access,[NWP] TAP: tap tests rw access,MISSING,SathyahX Sv,nio_soc-a0-26ww32a
Partition Level,parscfmeminf3w,ijtag_basic_tap_tests_continuity,[NWP] TAP: tap tests continuity,MISSING,SathyahX Sv,nio_soc-a0-26ww32a
Partition Level,parscfmeminf3w,icl_verify_dft,[NWP] TAP: icl verify dft,MISSING,SathyahX Sv,nio_soc-a0-26ww32a
Partition Level,parscfmeminffivr0e,ijtag_basic_tap_tests_tlr_reset,[NWP] TAP: tap tests tlr reset,MISSING,SathyahX Sv,nio_soc-a0-26ww32a
Partition Level,parscfmeminffivr0e,ijtag_basic_tap_tests_reset,[NWP] TAP: tap tests reset,MISSING,SathyahX Sv,nio_soc-a0-26ww32a
Partition Level,parscfmeminffivr0e,ijtag_basic_tap_tests_rw_access,[NWP] TAP: tap tests rw access,MISSING,SathyahX Sv,nio_soc-a0-26ww32a
Partition Level,parscfmeminffivr0e,ijtag_basic_tap_tests_continuity,[NWP] TAP: tap tests continuity,MISSING,SathyahX Sv,nio_soc-a0-26ww32a
Partition Level,parscfmeminffivr0e,icl_verify_dft,[NWP] TAP: icl verify dft,MISSING,SathyahX Sv,nio_soc-a0-26ww32a
Partition Level,parscfmeminffivr0w,ijtag_basic_tap_tests_tlr_reset,[NWP] TAP: tap tests tlr reset,MISSING,SathyahX Sv,nio_soc-a0-26ww32a
Partition Level,parscfmeminffivr0w,ijtag_basic_tap_tests_reset,[NWP] TAP: tap tests reset,MISSING,SathyahX Sv,nio_soc-a0-26ww32a
Partition Level,parscfmeminffivr0w,ijtag_basic_tap_tests_rw_access,[NWP] TAP: tap tests rw access,MISSING,SathyahX Sv,nio_soc-a0-26ww32a
Partition Level,parscfmeminffivr0w,ijtag_basic_tap_tests_continuity,[NWP] TAP: tap tests continuity,MISSING,SathyahX Sv,nio_soc-a0-26ww32a
Partition Level,parscfmeminffivr0w,icl_verify_dft,[NWP] TAP: icl verify dft,MISSING,SathyahX Sv,nio_soc-a0-26ww32a
Partition Level,parscfmeminffivr1e,ijtag_basic_tap_tests_tlr_reset,[NWP] TAP: tap tests tlr reset,MISSING,SathyahX Sv,nio_soc-a0-26ww32a
Partition Level,parscfmeminffivr1e,ijtag_basic_tap_tests_reset,[NWP] TAP: tap tests reset,MISSING,SathyahX Sv,nio_soc-a0-26ww32a
Partition Level,parscfmeminffivr1e,ijtag_basic_tap_tests_rw_access,[NWP] TAP: tap tests rw access,MISSING,SathyahX Sv,nio_soc-a0-26ww32a
Partition Level,parscfmeminffivr1e,ijtag_basic_tap_tests_continuity,[NWP] TAP: tap tests continuity,MISSING,SathyahX Sv,nio_soc-a0-26ww32a
Partition Level,parscfmeminffivr1e,icl_verify_dft,[NWP] TAP: icl verify dft,MISSING,SathyahX Sv,nio_soc-a0-26ww32a
Partition Level,parscfmeminffivr1w,ijtag_basic_tap_tests_tlr_reset,[NWP] TAP: tap tests tlr reset,MISSING,SathyahX Sv,nio_soc-a0-26ww32a
Partition Level,parscfmeminffivr1w,ijtag_basic_tap_tests_reset,[NWP] TAP: tap tests reset,MISSING,SathyahX Sv,nio_soc-a0-26ww32a
Partition Level,parscfmeminffivr1w,ijtag_basic_tap_tests_rw_access,[NWP] TAP: tap tests rw access,MISSING,SathyahX Sv,nio_soc-a0-26ww32a
Partition Level,parscfmeminffivr1w,ijtag_basic_tap_tests_continuity,[NWP] TAP: tap tests continuity,MISSING,SathyahX Sv,nio_soc-a0-26ww32a
Partition Level,parscfmeminffivr1w,icl_verify_dft,[NWP] TAP: icl verify dft,MISSING,SathyahX Sv,nio_soc-a0-26ww32a
Partition Level,parscfmeminffivr2e,ijtag_basic_tap_tests_tlr_reset,[NWP] TAP: tap tests tlr reset,MISSING,SathyahX Sv,nio_soc-a0-26ww32a
Partition Level,parscfmeminffivr2e,ijtag_basic_tap_tests_reset,[NWP] TAP: tap tests reset,MISSING,SathyahX Sv,nio_soc-a0-26ww32a
Partition Level,parscfmeminffivr2e,ijtag_basic_tap_tests_rw_access,[NWP] TAP: tap tests rw access,MISSING,SathyahX Sv,nio_soc-a0-26ww32a
Partition Level,parscfmeminffivr2e,ijtag_basic_tap_tests_continuity,[NWP] TAP: tap tests continuity,MISSING,SathyahX Sv,nio_soc-a0-26ww32a
Partition Level,parscfmeminffivr2e,icl_verify_dft,[NWP] TAP: icl verify dft,MISSING,SathyahX Sv,nio_soc-a0-26ww32a
Partition Level,parscfmeminffivr2w,ijtag_basic_tap_tests_tlr_reset,[NWP] TAP: tap tests tlr reset,MISSING,SathyahX Sv,nio_soc-a0-26ww32a
Partition Level,parscfmeminffivr2w,ijtag_basic_tap_tests_reset,[NWP] TAP: tap tests reset,MISSING,SathyahX Sv,nio_soc-a0-26ww32a
Partition Level,parscfmeminffivr2w,ijtag_basic_tap_tests_rw_access,[NWP] TAP: tap tests rw access,MISSING,SathyahX Sv,nio_soc-a0-26ww32a
Partition Level,parscfmeminffivr2w,ijtag_basic_tap_tests_continuity,[NWP] TAP: tap tests continuity,MISSING,SathyahX Sv,nio_soc-a0-26ww32a
Partition Level,parscfmeminffivr2w,icl_verify_dft,[NWP] TAP: icl verify dft,MISSING,SathyahX Sv,nio_soc-a0-26ww32a
Partition Level,parscfmemmisc,ijtag_basic_tap_tests_tlr_reset,[NWP] TAP: tap tests tlr reset,MISSING,SathyahX Sv,nio_soc-a0-26ww32a
Partition Level,parscfmemmisc,ijtag_basic_tap_tests_reset,[NWP] TAP: tap tests reset,MISSING,SathyahX Sv,nio_soc-a0-26ww32a
Partition Level,parscfmemmisc,ijtag_basic_tap_tests_rw_access,[NWP] TAP: tap tests rw access,MISSING,SathyahX Sv,nio_soc-a0-26ww32a
Partition Level,parscfmemmisc,ijtag_basic_tap_tests_continuity,[NWP] TAP: tap tests continuity,MISSING,SathyahX Sv,nio_soc-a0-26ww32a
Partition Level,parscfmemmisc,icl_verify_dft,[NWP] TAP: icl verify dft,MISSING,SathyahX Sv,nio_soc-a0-26ww32a
Partition Level,parscfmvf,ijtag_basic_tap_tests_tlr_reset,[NWP] TAP: tap tests tlr reset,MISSING,SathyahX Sv,nio_soc-a0-26ww32a
Partition Level,parscfmvf,ijtag_basic_tap_tests_reset,[NWP] TAP: tap tests reset,MISSING,SathyahX Sv,nio_soc-a0-26ww32a
Partition Level,parscfmvf,ijtag_basic_tap_tests_rw_access,[NWP] TAP: tap tests rw access,MISSING,SathyahX Sv,nio_soc-a0-26ww32a
Partition Level,parscfmvf,ijtag_basic_tap_tests_continuity,[NWP] TAP: tap tests continuity,MISSING,SathyahX Sv,nio_soc-a0-26ww32a
Partition Level,parscfmvf,icl_verify_dft,[NWP] TAP: icl verify dft,MISSING,SathyahX Sv,nio_soc-a0-26ww32a
Partition Level,parscfsasfrx2x,ijtag_basic_tap_tests_tlr_reset,[NWP] TAP: tap tests tlr reset,MISSING,SathyahX Sv,nio_soc-a0-26ww32a
Partition Level,parscfsasfrx2x,ijtag_basic_tap_tests_reset,[NWP] TAP: tap tests reset,MISSING,SathyahX Sv,nio_soc-a0-26ww32a
Partition Level,parscfsasfrx2x,ijtag_basic_tap_tests_rw_access,[NWP] TAP: tap tests rw access,MISSING,SathyahX Sv,nio_soc-a0-26ww32a
Partition Level,parscfsasfrx2x,ijtag_basic_tap_tests_continuity,[NWP] TAP: tap tests continuity,MISSING,SathyahX Sv,nio_soc-a0-26ww32a
Partition Level,parscfsasfrx2x,icl_verify_dft,[NWP] TAP: icl verify dft,MISSING,SathyahX Sv,nio_soc-a0-26ww32a
Partition Level,parscfscatopllcsf0,ijtag_basic_tap_tests_tlr_reset,[NWP] TAP: tap tests tlr reset,MISSING,SathyahX Sv,nio_soc-a0-26ww32a
Partition Level,parscfscatopllcsf0,ijtag_basic_tap_tests_reset,[NWP] TAP: tap tests reset,MISSING,SathyahX Sv,nio_soc-a0-26ww32a
Partition Level,parscfscatopllcsf0,ijtag_basic_tap_tests_rw_access,[NWP] TAP: tap tests rw access,MISSING,SathyahX Sv,nio_soc-a0-26ww32a
Partition Level,parscfscatopllcsf0,ijtag_basic_tap_tests_continuity,[NWP] TAP: tap tests continuity,MISSING,SathyahX Sv,nio_soc-a0-26ww32a
Partition Level,parscfscatopllcsf0,icl_verify_dft,[NWP] TAP: icl verify dft,MISSING,SathyahX Sv,nio_soc-a0-26ww32a
Partition Level,parscfscatopllcsf1,ijtag_basic_tap_tests_tlr_reset,[NWP] TAP: tap tests tlr reset,MISSING,SathyahX Sv,nio_soc-a0-26ww32a
Partition Level,parscfscatopllcsf1,ijtag_basic_tap_tests_reset,[NWP] TAP: tap tests reset,MISSING,SathyahX Sv,nio_soc-a0-26ww32a
Partition Level,parscfscatopllcsf1,ijtag_basic_tap_tests_rw_access,[NWP] TAP: tap tests rw access,MISSING,SathyahX Sv,nio_soc-a0-26ww32a
Partition Level,parscfscatopllcsf1,ijtag_basic_tap_tests_continuity,[NWP] TAP: tap tests continuity,MISSING,SathyahX Sv,nio_soc-a0-26ww32a
Partition Level,parscfscatopllcsf1,icl_verify_dft,[NWP] TAP: icl verify dft,MISSING,SathyahX Sv,nio_soc-a0-26ww32a
Partition Level,parscftqcab,ijtag_basic_tap_tests_tlr_reset,[NWP] TAP: tap tests tlr reset,MISSING,SathyahX Sv,nio_soc-a0-26ww32a
Partition Level,parscftqcab,ijtag_basic_tap_tests_reset,[NWP] TAP: tap tests reset,MISSING,SathyahX Sv,nio_soc-a0-26ww32a
Partition Level,parscftqcab,ijtag_basic_tap_tests_rw_access,[NWP] TAP: tap tests rw access,MISSING,SathyahX Sv,nio_soc-a0-26ww32a
Partition Level,parscftqcab,ijtag_basic_tap_tests_continuity,[NWP] TAP: tap tests continuity,MISSING,SathyahX Sv,nio_soc-a0-26ww32a
Partition Level,parscftqcab,icl_verify_dft,[NWP] TAP: icl verify dft,MISSING,SathyahX Sv,nio_soc-a0-26ww32a
Partition Level,parscftqio,ijtag_basic_tap_tests_tlr_reset,[NWP] TAP: tap tests tlr reset,MISSING,SathyahX Sv,nio_soc-a0-26ww32a
Partition Level,parscftqio,ijtag_basic_tap_tests_reset,[NWP] TAP: tap tests reset,MISSING,SathyahX Sv,nio_soc-a0-26ww32a
Partition Level,parscftqio,ijtag_basic_tap_tests_rw_access,[NWP] TAP: tap tests rw access,MISSING,SathyahX Sv,nio_soc-a0-26ww32a
Partition Level,parscftqio,ijtag_basic_tap_tests_continuity,[NWP] TAP: tap tests continuity,MISSING,SathyahX Sv,nio_soc-a0-26ww32a
Partition Level,parscftqio,icl_verify_dft,[NWP] TAP: icl verify dft,MISSING,SathyahX Sv,nio_soc-a0-26ww32a
Partition Level,parscftqp2p,ijtag_basic_tap_tests_tlr_reset,[NWP] TAP: tap tests tlr reset,MISSING,SathyahX Sv,nio_soc-a0-26ww32a
Partition Level,parscftqp2p,ijtag_basic_tap_tests_reset,[NWP] TAP: tap tests reset,MISSING,SathyahX Sv,nio_soc-a0-26ww32a
Partition Level,parscftqp2p,ijtag_basic_tap_tests_rw_access,[NWP] TAP: tap tests rw access,MISSING,SathyahX Sv,nio_soc-a0-26ww32a
Partition Level,parscftqp2p,ijtag_basic_tap_tests_continuity,[NWP] TAP: tap tests continuity,MISSING,SathyahX Sv,nio_soc-a0-26ww32a
Partition Level,parscftqp2p,icl_verify_dft,[NWP] TAP: icl verify dft,MISSING,SathyahX Sv,nio_soc-a0-26ww32a
Partition Level,parscfubrd2d,ijtag_basic_tap_tests_tlr_reset,[NWP] TAP: tap tests tlr reset,MISSING,SathyahX Sv,nio_soc-a0-26ww32a
Partition Level,parscfubrd2d,ijtag_basic_tap_tests_reset,[NWP] TAP: tap tests reset,MISSING,SathyahX Sv,nio_soc-a0-26ww32a
Partition Level,parscfubrd2d,ijtag_basic_tap_tests_rw_access,[NWP] TAP: tap tests rw access,MISSING,SathyahX Sv,nio_soc-a0-26ww32a
Partition Level,parscfubrd2d,ijtag_basic_tap_tests_continuity,[NWP] TAP: tap tests continuity,MISSING,SathyahX Sv,nio_soc-a0-26ww32a
Partition Level,parscfubrd2d,icl_verify_dft,[NWP] TAP: icl verify dft,MISSING,SathyahX Sv,nio_soc-a0-26ww32a
Partition Level,parscfubrsca,ijtag_basic_tap_tests_tlr_reset,[NWP] TAP: tap tests tlr reset,MISSING,SathyahX Sv,nio_soc-a0-26ww32a
Partition Level,parscfubrsca,ijtag_basic_tap_tests_reset,[NWP] TAP: tap tests reset,MISSING,SathyahX Sv,nio_soc-a0-26ww32a
Partition Level,parscfubrsca,ijtag_basic_tap_tests_rw_access,[NWP] TAP: tap tests rw access,MISSING,SathyahX Sv,nio_soc-a0-26ww32a
Partition Level,parscfubrsca,ijtag_basic_tap_tests_continuity,[NWP] TAP: tap tests continuity,MISSING,SathyahX Sv,nio_soc-a0-26ww32a
Partition Level,parscfubrsca,icl_verify_dft,[NWP] TAP: icl verify dft,MISSING,SathyahX Sv,nio_soc-a0-26ww32a
Partition Level,parscfubruioadaktype1,ijtag_basic_tap_tests_tlr_reset,[NWP] TAP: tap tests tlr reset,MISSING,SathyahX Sv,nio_soc-a0-26ww32a
Partition Level,parscfubruioadaktype1,ijtag_basic_tap_tests_reset,[NWP] TAP: tap tests reset,MISSING,SathyahX Sv,nio_soc-a0-26ww32a
Partition Level,parscfubruioadaktype1,ijtag_basic_tap_tests_rw_access,[NWP] TAP: tap tests rw access,MISSING,SathyahX Sv,nio_soc-a0-26ww32a
Partition Level,parscfubruioadaktype1,ijtag_basic_tap_tests_continuity,[NWP] TAP: tap tests continuity,MISSING,SathyahX Sv,nio_soc-a0-26ww32a
Partition Level,parscfubruioadaktype1,icl_verify_dft,[NWP] TAP: icl verify dft,MISSING,SathyahX Sv,nio_soc-a0-26ww32a
Partition Level,parscfubruioadaktype2,ijtag_basic_tap_tests_tlr_reset,[NWP] TAP: tap tests tlr reset,MISSING,SathyahX Sv,nio_soc-a0-26ww32a
Partition Level,parscfubruioadaktype2,ijtag_basic_tap_tests_reset,[NWP] TAP: tap tests reset,MISSING,SathyahX Sv,nio_soc-a0-26ww32a
Partition Level,parscfubruioadaktype2,ijtag_basic_tap_tests_rw_access,[NWP] TAP: tap tests rw access,MISSING,SathyahX Sv,nio_soc-a0-26ww32a
Partition Level,parscfubruioadaktype2,ijtag_basic_tap_tests_continuity,[NWP] TAP: tap tests continuity,MISSING,SathyahX Sv,nio_soc-a0-26ww32a
Partition Level,parscfubruioadaktype2,icl_verify_dft,[NWP] TAP: icl verify dft,MISSING,SathyahX Sv,nio_soc-a0-26ww32a
Partition Level,parscfubruiodatatype1,ijtag_basic_tap_tests_tlr_reset,[NWP] TAP: tap tests tlr reset,MISSING,SathyahX Sv,nio_soc-a0-26ww32a
Partition Level,parscfubruiodatatype1,ijtag_basic_tap_tests_reset,[NWP] TAP: tap tests reset,MISSING,SathyahX Sv,nio_soc-a0-26ww32a
Partition Level,parscfubruiodatatype1,ijtag_basic_tap_tests_rw_access,[NWP] TAP: tap tests rw access,MISSING,SathyahX Sv,nio_soc-a0-26ww32a
Partition Level,parscfubruiodatatype1,ijtag_basic_tap_tests_continuity,[NWP] TAP: tap tests continuity,MISSING,SathyahX Sv,nio_soc-a0-26ww32a
Partition Level,parscfubruiodatatype1,icl_verify_dft,[NWP] TAP: icl verify dft,MISSING,SathyahX Sv,nio_soc-a0-26ww32a
Partition Level,parscfubruiodatatype2,ijtag_basic_tap_tests_tlr_reset,[NWP] TAP: tap tests tlr reset,MISSING,SathyahX Sv,nio_soc-a0-26ww32a
Partition Level,parscfubruiodatatype2,ijtag_basic_tap_tests_reset,[NWP] TAP: tap tests reset,MISSING,SathyahX Sv,nio_soc-a0-26ww32a
Partition Level,parscfubruiodatatype2,ijtag_basic_tap_tests_rw_access,[NWP] TAP: tap tests rw access,MISSING,SathyahX Sv,nio_soc-a0-26ww32a
Partition Level,parscfubruiodatatype2,ijtag_basic_tap_tests_continuity,[NWP] TAP: tap tests continuity,MISSING,SathyahX Sv,nio_soc-a0-26ww32a
Partition Level,parscfubruiodatatype2,icl_verify_dft,[NWP] TAP: icl verify dft,MISSING,SathyahX Sv,nio_soc-a0-26ww32a
Partition Level,parseinf0,ijtag_basic_tap_tests_tlr_reset,[NWP] TAP: tap tests tlr reset,MISSING,Natalia Abarca,nio_soc-a0-26ww32a
Partition Level,parseinf0,ijtag_basic_tap_tests_reset,[NWP] TAP: tap tests reset,MISSING,Natalia Abarca,nio_soc-a0-26ww32a
Partition Level,parseinf0,ijtag_basic_tap_tests_rw_access,[NWP] TAP: tap tests rw access,MISSING,Natalia Abarca,nio_soc-a0-26ww32a
Partition Level,parseinf0,ijtag_basic_tap_tests_continuity,[NWP] TAP: tap tests continuity,MISSING,Natalia Abarca,nio_soc-a0-26ww32a
Partition Level,parseinf0,icl_verify_dft,[NWP] TAP: icl verify dft,MISSING,Natalia Abarca,nio_soc-a0-26ww32a
Partition Level,parseinf1,ijtag_basic_tap_tests_tlr_reset,[NWP] TAP: tap tests tlr reset,MISSING,Natalia Abarca,nio_soc-a0-26ww32a
Partition Level,parseinf1,ijtag_basic_tap_tests_reset,[NWP] TAP: tap tests reset,MISSING,Natalia Abarca,nio_soc-a0-26ww32a
Partition Level,parseinf1,ijtag_basic_tap_tests_rw_access,[NWP] TAP: tap tests rw access,MISSING,Natalia Abarca,nio_soc-a0-26ww32a
Partition Level,parseinf1,ijtag_basic_tap_tests_continuity,[NWP] TAP: tap tests continuity,MISSING,Natalia Abarca,nio_soc-a0-26ww32a
Partition Level,parseinf1,icl_verify_dft,[NWP] TAP: icl verify dft,MISSING,Natalia Abarca,nio_soc-a0-26ww32a
Partition Level,parseinf2,ijtag_basic_tap_tests_tlr_reset,[NWP] TAP: tap tests tlr reset,MISSING,Natalia Abarca,nio_soc-a0-26ww32a
Partition Level,parseinf2,ijtag_basic_tap_tests_reset,[NWP] TAP: tap tests reset,MISSING,Natalia Abarca,nio_soc-a0-26ww32a
Partition Level,parseinf2,ijtag_basic_tap_tests_rw_access,[NWP] TAP: tap tests rw access,MISSING,Natalia Abarca,nio_soc-a0-26ww32a
Partition Level,parseinf2,ijtag_basic_tap_tests_continuity,[NWP] TAP: tap tests continuity,MISSING,Natalia Abarca,nio_soc-a0-26ww32a
Partition Level,parseinf2,icl_verify_dft,[NWP] TAP: icl verify dft,MISSING,Natalia Abarca,nio_soc-a0-26ww32a
Partition Level,parsocmiofivrmisc,ijtag_basic_tap_tests_tlr_reset,[NWP] TAP: tap tests tlr reset,MISSING,Sebastian Porras,nio_soc-a0-26ww32a
Partition Level,parsocmiofivrmisc,ijtag_basic_tap_tests_reset,[NWP] TAP: tap tests reset,MISSING,Sebastian Porras,nio_soc-a0-26ww32a
Partition Level,parsocmiofivrmisc,ijtag_basic_tap_tests_rw_access,[NWP] TAP: tap tests rw access,MISSING,Sebastian Porras,nio_soc-a0-26ww32a
Partition Level,parsocmiofivrmisc,ijtag_basic_tap_tests_continuity,[NWP] TAP: tap tests continuity,MISSING,Sebastian Porras,nio_soc-a0-26ww32a
Partition Level,parsocmiofivrmisc,icl_verify_dft,[NWP] TAP: icl verify dft,MISSING,Sebastian Porras,nio_soc-a0-26ww32a
Partition Level,parsocrasip,ijtag_basic_tap_tests_tlr_reset,[NWP] TAP: tap tests tlr reset,MISSING,Natalia Abarca,nio_soc-a0-26ww32a
Partition Level,parsocrasip,ijtag_basic_tap_tests_reset,[NWP] TAP: tap tests reset,MISSING,Natalia Abarca,nio_soc-a0-26ww32a
Partition Level,parsocrasip,ijtag_basic_tap_tests_rw_access,[NWP] TAP: tap tests rw access,MISSING,Natalia Abarca,nio_soc-a0-26ww32a
Partition Level,parsocrasip,ijtag_basic_tap_tests_continuity,[NWP] TAP: tap tests continuity,MISSING,Natalia Abarca,nio_soc-a0-26ww32a
Partition Level,parsocrasip,icl_verify_dft,[NWP] TAP: icl verify dft,MISSING,Natalia Abarca,nio_soc-a0-26ww32a
Partition Level,parswinf0,icl_verify_dft,[NWP] TAP: icl verify dft,MISSING,Bhanu Vattikuti,nio_soc-a0-26ww32a
Partition Level,parswinf0,ijtag_basic_tap_tests_tlr_reset,[NWP] TAP: tap tests tlr reset,MISSING,Maria Perez,nio_soc-a0-26ww32a
Partition Level,parswinf0,ijtag_basic_tap_tests_reset,[NWP] TAP: tap tests reset,MISSING,Maria Perez,nio_soc-a0-26ww32a
Partition Level,parswinf0,ijtag_basic_tap_tests_rw_access,[NWP] TAP: tap tests rw access,MISSING,Maria Perez,nio_soc-a0-26ww32a
Partition Level,parswinf0,ijtag_basic_tap_tests_continuity,[NWP] TAP: tap tests continuity,MISSING,Maria Perez,nio_soc-a0-26ww32a
Partition Level,parswinf1,icl_verify_dft,[NWP] TAP: icl verify dft,MISSING,Bhanu Vattikuti,nio_soc-a0-26ww32a
Partition Level,parswinf1,ijtag_basic_tap_tests_tlr_reset,[NWP] TAP: tap tests tlr reset,MISSING,Maria Perez,nio_soc-a0-26ww32a
Partition Level,parswinf1,ijtag_basic_tap_tests_reset,[NWP] TAP: tap tests reset,MISSING,Maria Perez,nio_soc-a0-26ww32a
Partition Level,parswinf1,ijtag_basic_tap_tests_rw_access,[NWP] TAP: tap tests rw access,MISSING,Maria Perez,nio_soc-a0-26ww32a
Partition Level,parswinf1,ijtag_basic_tap_tests_continuity,[NWP] TAP: tap tests continuity,MISSING,Maria Perez,nio_soc-a0-26ww32a
Partition Level,parswinf2,icl_verify_dft,[NWP] TAP: icl verify dft,MISSING,Bhanu Vattikuti,nio_soc-a0-26ww32a
Partition Level,parswinf2,ijtag_basic_tap_tests_tlr_reset,[NWP] TAP: tap tests tlr reset,MISSING,Marco Salas,nio_soc-a0-26ww32a
Partition Level,parswinf2,ijtag_basic_tap_tests_reset,[NWP] TAP: tap tests reset,MISSING,Marco Salas,nio_soc-a0-26ww32a
Partition Level,parswinf2,ijtag_basic_tap_tests_rw_access,[NWP] TAP: tap tests rw access,MISSING,Marco Salas,nio_soc-a0-26ww32a
Partition Level,parswinf2,ijtag_basic_tap_tests_continuity,[NWP] TAP: tap tests continuity,MISSING,Marco Salas,nio_soc-a0-26ww32a
Partition Level,paruboxspk,ijtag_basic_tap_tests_tlr_reset,[NWP] TAP: tap tests tlr reset,MISSING,SathyahX Sv,nio_soc-a0-26ww32a
Partition Level,paruboxspk,ijtag_basic_tap_tests_reset,[NWP] TAP: tap tests reset,MISSING,SathyahX Sv,nio_soc-a0-26ww32a
Partition Level,paruboxspk,ijtag_basic_tap_tests_rw_access,[NWP] TAP: tap tests rw access,MISSING,SathyahX Sv,nio_soc-a0-26ww32a
Partition Level,paruboxspk,ijtag_basic_tap_tests_continuity,[NWP] TAP: tap tests continuity,MISSING,SathyahX Sv,nio_soc-a0-26ww32a
Partition Level,paruboxspk,icl_verify_dft,[NWP] TAP: icl verify dft,MISSING,SathyahX Sv,nio_soc-a0-26ww32a
Partition Level,parubrd2dch,ijtag_basic_tap_tests_tlr_reset,[NWP] TAP: tap tests tlr reset,MISSING,SathyahX Sv,nio_soc-a0-26ww32a
Partition Level,parubrd2dch,ijtag_basic_tap_tests_reset,[NWP] TAP: tap tests reset,MISSING,SathyahX Sv,nio_soc-a0-26ww32a
Partition Level,parubrd2dch,ijtag_basic_tap_tests_rw_access,[NWP] TAP: tap tests rw access,MISSING,SathyahX Sv,nio_soc-a0-26ww32a
Partition Level,parubrd2dch,ijtag_basic_tap_tests_continuity,[NWP] TAP: tap tests continuity,MISSING,SathyahX Sv,nio_soc-a0-26ww32a
Partition Level,parubrd2dch,icl_verify_dft,[NWP] TAP: icl verify dft,MISSING,SathyahX Sv,nio_soc-a0-26ww32a
Partition Level,parmioasf_uio_0,ijtag_basic_tap_tests_tlr_reset,[NWP] TAP: tap tests tlr reset,FAIL,Natalia Abarca,nio_uio-a0-26ww32a
Partition Level,parmioasf_uio_0,ijtag_basic_tap_tests_reset,[NWP] TAP: tap tests reset,FAIL,Natalia Abarca,nio_uio-a0-26ww32a
Partition Level,parmioasf_uio_0,ijtag_basic_tap_tests_rw_access,[NWP] TAP: tap tests rw access,FAIL,Natalia Abarca,nio_uio-a0-26ww32a
Partition Level,parmioasf_uio_0,ijtag_basic_tap_tests_continuity,[NWP] TAP: tap tests continuity,FAIL,Natalia Abarca,nio_uio-a0-26ww32a
Partition Level,parmioasf_uio_0,icl_verify_dft,[NWP] TAP: icl verify dft,PASS,Natalia Abarca,nio_uio-a0-26ww32a
Stack Level,parmioasf_uio_0,ijtag_basic_tap_tests_reset,[NWP] TAP: tap tests reset,MISSING,Natalia Abarca,nio_uio-a0-26ww32a
Stack Level,parmioasf_uio_0,ijtag_basic_tap_tests_rw_access,[NWP] TAP: tap tests rw access,MISSING,Natalia Abarca,nio_uio-a0-26ww32a
Stack Level,parmioasf_uio_0,ijtag_basic_tap_tests_continuity,[NWP] TAP: tap tests continuity,MISSING,Natalia Abarca,nio_uio-a0-26ww32a
Partition Level,parmioasf_uio_1,ijtag_basic_tap_tests_tlr_reset,[NWP] TAP: tap tests tlr reset,MISSING,SathyahX Sv,nio_uio-a0-26ww32a
Partition Level,parmioasf_uio_1,ijtag_basic_tap_tests_reset,[NWP] TAP: tap tests reset,MISSING,SathyahX Sv,nio_uio-a0-26ww32a
Partition Level,parmioasf_uio_1,ijtag_basic_tap_tests_rw_access,[NWP] TAP: tap tests rw access,MISSING,SathyahX Sv,nio_uio-a0-26ww32a
Partition Level,parmioasf_uio_1,ijtag_basic_tap_tests_continuity,[NWP] TAP: tap tests continuity,MISSING,SathyahX Sv,nio_uio-a0-26ww32a
Partition Level,parmioasf_uio_1,icl_verify_dft,[NWP] TAP: icl verify dft,MISSING,SathyahX Sv,nio_uio-a0-26ww32a
Stack Level,parmioasf_uio_1,ijtag_basic_tap_tests_reset,[NWP] TAP: tap tests reset,MISSING,SathyahX Sv,nio_uio-a0-26ww32a
Stack Level,parmioasf_uio_1,ijtag_basic_tap_tests_rw_access,[NWP] TAP: tap tests rw access,MISSING,SathyahX Sv,nio_uio-a0-26ww32a
Stack Level,parmioasf_uio_1,ijtag_basic_tap_tests_continuity,[NWP] TAP: tap tests continuity,MISSING,SathyahX Sv,nio_uio-a0-26ww32a
Partition Level,parmiocpc_uio_0,ijtag_basic_tap_tests_tlr_reset,[NWP] TAP: tap tests tlr reset,FAIL,Natalia Abarca,nio_uio-a0-26ww32a
Partition Level,parmiocpc_uio_0,ijtag_basic_tap_tests_reset,[NWP] TAP: tap tests reset,PASS,Natalia Abarca,nio_uio-a0-26ww32a
Partition Level,parmiocpc_uio_0,ijtag_basic_tap_tests_rw_access,[NWP] TAP: tap tests rw access,PASS,Natalia Abarca,nio_uio-a0-26ww32a
Partition Level,parmiocpc_uio_0,ijtag_basic_tap_tests_continuity,[NWP] TAP: tap tests continuity,PASS,Natalia Abarca,nio_uio-a0-26ww32a
Partition Level,parmiocpc_uio_0,icl_verify_dft,[NWP] TAP: icl verify dft,PASS,Natalia Abarca,nio_uio-a0-26ww32a
Stack Level,parmiocpc_uio_0,ijtag_basic_tap_tests_reset,[NWP] TAP: tap tests reset,FAIL,Natalia Abarca,nio_uio-a0-26ww32a
Stack Level,parmiocpc_uio_0,ijtag_basic_tap_tests_continuity,[NWP] TAP: tap tests continuity,PASS,Natalia Abarca,nio_uio-a0-26ww32a
Stack Level,parmiocpc_uio_0,ijtag_basic_tap_tests_rw_access,[NWP] TAP: tap tests rw access,PASS,Natalia Abarca,nio_uio-a0-26ww32a
Partition Level,parmiocxlrx_uio_0,ijtag_basic_tap_tests_tlr_reset,[NWP] TAP: tap tests tlr reset,PASS,Sebastian Porras,nio_uio-a0-26ww32a
Partition Level,parmiocxlrx_uio_0,ijtag_basic_tap_tests_reset,[NWP] TAP: tap tests reset,PASS,Sebastian Porras,nio_uio-a0-26ww32a
Partition Level,parmiocxlrx_uio_0,ijtag_basic_tap_tests_rw_access,[NWP] TAP: tap tests rw access,PASS,Sebastian Porras,nio_uio-a0-26ww32a
Partition Level,parmiocxlrx_uio_0,ijtag_basic_tap_tests_continuity,[NWP] TAP: tap tests continuity,PASS,Sebastian Porras,nio_uio-a0-26ww32a
Partition Level,parmiocxlrx_uio_0,icl_verify_dft,[NWP] TAP: icl verify dft,PASS,Sebastian Porras,nio_uio-a0-26ww32a
Stack Level,parmiocxlrx_uio_0,ijtag_basic_tap_tests_reset,[NWP] TAP: tap tests reset,FAIL,Sebastian Porras,nio_uio-a0-26ww32a
Stack Level,parmiocxlrx_uio_0,ijtag_basic_tap_tests_continuity,[NWP] TAP: tap tests continuity,PASS,Sebastian Porras,nio_uio-a0-26ww32a
Stack Level,parmiocxlrx_uio_0,ijtag_basic_tap_tests_rw_access,[NWP] TAP: tap tests rw access,PASS,Sebastian Porras,nio_uio-a0-26ww32a
Partition Level,parmiocxltx_uio_0,ijtag_basic_tap_tests_tlr_reset,[NWP] TAP: tap tests tlr reset,FAIL,Sebastian Porras,nio_uio-a0-26ww32a
Partition Level,parmiocxltx_uio_0,ijtag_basic_tap_tests_reset,[NWP] TAP: tap tests reset,PASS,Sebastian Porras,nio_uio-a0-26ww32a
Partition Level,parmiocxltx_uio_0,ijtag_basic_tap_tests_rw_access,[NWP] TAP: tap tests rw access,PASS,Sebastian Porras,nio_uio-a0-26ww32a
Partition Level,parmiocxltx_uio_0,ijtag_basic_tap_tests_continuity,[NWP] TAP: tap tests continuity,PASS,Sebastian Porras,nio_uio-a0-26ww32a
Partition Level,parmiocxltx_uio_0,icl_verify_dft,[NWP] TAP: icl verify dft,PASS,Sebastian Porras,nio_uio-a0-26ww32a
Stack Level,parmiocxltx_uio_0,ijtag_basic_tap_tests_reset,[NWP] TAP: tap tests reset,FAIL,Sebastian Porras,nio_uio-a0-26ww32a
Stack Level,parmiocxltx_uio_0,ijtag_basic_tap_tests_continuity,[NWP] TAP: tap tests continuity,PASS,Sebastian Porras,nio_uio-a0-26ww32a
Stack Level,parmiocxltx_uio_0,ijtag_basic_tap_tests_rw_access,[NWP] TAP: tap tests rw access,PASS,Sebastian Porras,nio_uio-a0-26ww32a
Partition Level,parmiofblprxfcrarbmux,ijtag_basic_tap_tests_tlr_reset,[NWP] TAP: tap tests tlr reset,FAIL,Sebastian Porras,nio_uio-a0-26ww32a
Partition Level,parmiofblprxfcrarbmux,ijtag_basic_tap_tests_reset,[NWP] TAP: tap tests reset,PASS,Sebastian Porras,nio_uio-a0-26ww32a
Partition Level,parmiofblprxfcrarbmux,ijtag_basic_tap_tests_rw_access,[NWP] TAP: tap tests rw access,PASS,Sebastian Porras,nio_uio-a0-26ww32a
Partition Level,parmiofblprxfcrarbmux,ijtag_basic_tap_tests_continuity,[NWP] TAP: tap tests continuity,PASS,Sebastian Porras,nio_uio-a0-26ww32a
Partition Level,parmiofblprxfcrarbmux,icl_verify_dft,[NWP] TAP: icl verify dft,PASS,Sebastian Porras,nio_uio-a0-26ww32a
Stack Level,parmiofblprxfcrarbmux_uio_0,ijtag_basic_tap_tests_reset,[NWP] TAP: tap tests reset,FAIL,Sebastian Porras,nio_uio-a0-26ww32a
Stack Level,parmiofblprxfcrarbmux_uio_0,ijtag_basic_tap_tests_continuity,[NWP] TAP: tap tests continuity,FAIL,Sebastian Porras,nio_uio-a0-26ww32a
Stack Level,parmiofblprxfcrarbmux_uio_0,ijtag_basic_tap_tests_rw_access,[NWP] TAP: tap tests rw access,FAIL,Sebastian Porras,nio_uio-a0-26ww32a
Partition Level,parmiofblprxfcrarbmux_uio_1,ijtag_basic_tap_tests_tlr_reset,[NWP] TAP: tap tests tlr reset,MISSING,SathyahX Sv,nio_uio-a0-26ww32a
Partition Level,parmiofblprxfcrarbmux_uio_1,ijtag_basic_tap_tests_reset,[NWP] TAP: tap tests reset,MISSING,SathyahX Sv,nio_uio-a0-26ww32a
Partition Level,parmiofblprxfcrarbmux_uio_1,ijtag_basic_tap_tests_rw_access,[NWP] TAP: tap tests rw access,MISSING,SathyahX Sv,nio_uio-a0-26ww32a
Partition Level,parmiofblprxfcrarbmux_uio_1,ijtag_basic_tap_tests_continuity,[NWP] TAP: tap tests continuity,MISSING,SathyahX Sv,nio_uio-a0-26ww32a
Partition Level,parmiofblprxfcrarbmux_uio_1,icl_verify_dft,[NWP] TAP: icl verify dft,MISSING,SathyahX Sv,nio_uio-a0-26ww32a
Stack Level,parmiofblprxfcrarbmux_uio_1,ijtag_basic_tap_tests_reset,[NWP] TAP: tap tests reset,MISSING,SathyahX Sv,nio_uio-a0-26ww32a
Stack Level,parmiofblprxfcrarbmux_uio_1,ijtag_basic_tap_tests_rw_access,[NWP] TAP: tap tests rw access,MISSING,SathyahX Sv,nio_uio-a0-26ww32a
Stack Level,parmiofblprxfcrarbmux_uio_1,ijtag_basic_tap_tests_continuity,[NWP] TAP: tap tests continuity,MISSING,SathyahX Sv,nio_uio-a0-26ww32a
Partition Level,parmiofblptx,ijtag_basic_tap_tests_tlr_reset,[NWP] TAP: tap tests tlr reset,FAIL,Sebastian Porras,nio_uio-a0-26ww32a
Partition Level,parmiofblptx,ijtag_basic_tap_tests_reset,[NWP] TAP: tap tests reset,PASS,Sebastian Porras,nio_uio-a0-26ww32a
Partition Level,parmiofblptx,ijtag_basic_tap_tests_rw_access,[NWP] TAP: tap tests rw access,PASS,Sebastian Porras,nio_uio-a0-26ww32a
Partition Level,parmiofblptx,ijtag_basic_tap_tests_continuity,[NWP] TAP: tap tests continuity,PASS,Sebastian Porras,nio_uio-a0-26ww32a
Partition Level,parmiofblptx,icl_verify_dft,[NWP] TAP: icl verify dft,PASS,Sebastian Porras,nio_uio-a0-26ww32a
Stack Level,parmiofblptx_uio_0,ijtag_basic_tap_tests_reset,[NWP] TAP: tap tests reset,FAIL,Sebastian Porras,nio_uio-a0-26ww32a
Stack Level,parmiofblptx_uio_0,ijtag_basic_tap_tests_rw_access,[NWP] TAP: tap tests rw access,FAIL,Sebastian Porras,nio_uio-a0-26ww32a
Stack Level,parmiofblptx_uio_0,ijtag_basic_tap_tests_continuity,[NWP] TAP: tap tests continuity,FAIL,Sebastian Porras,nio_uio-a0-26ww32a
Partition Level,parmiofblptx_uio_1,ijtag_basic_tap_tests_tlr_reset,[NWP] TAP: tap tests tlr reset,MISSING,SathyahX Sv,nio_uio-a0-26ww32a
Partition Level,parmiofblptx_uio_1,ijtag_basic_tap_tests_reset,[NWP] TAP: tap tests reset,MISSING,SathyahX Sv,nio_uio-a0-26ww32a
Partition Level,parmiofblptx_uio_1,ijtag_basic_tap_tests_rw_access,[NWP] TAP: tap tests rw access,MISSING,SathyahX Sv,nio_uio-a0-26ww32a
Partition Level,parmiofblptx_uio_1,ijtag_basic_tap_tests_continuity,[NWP] TAP: tap tests continuity,MISSING,SathyahX Sv,nio_uio-a0-26ww32a
Partition Level,parmiofblptx_uio_1,icl_verify_dft,[NWP] TAP: icl verify dft,MISSING,SathyahX Sv,nio_uio-a0-26ww32a
Stack Level,parmiofblptx_uio_1,ijtag_basic_tap_tests_reset,[NWP] TAP: tap tests reset,MISSING,SathyahX Sv,nio_uio-a0-26ww32a
Stack Level,parmiofblptx_uio_1,ijtag_basic_tap_tests_rw_access,[NWP] TAP: tap tests rw access,MISSING,SathyahX Sv,nio_uio-a0-26ww32a
Stack Level,parmiofblptx_uio_1,ijtag_basic_tap_tests_continuity,[NWP] TAP: tap tests continuity,MISSING,SathyahX Sv,nio_uio-a0-26ww32a
Partition Level,parmiofblpvnpipeac_uio_0,ijtag_basic_tap_tests_tlr_reset,[NWP] TAP: tap tests tlr reset,MISSING,Sebastian Porras,nio_uio-a0-26ww32a
Partition Level,parmiofblpvnpipeac_uio_0,ijtag_basic_tap_tests_reset,[NWP] TAP: tap tests reset,MISSING,Sebastian Porras,nio_uio-a0-26ww32a
Partition Level,parmiofblpvnpipeac_uio_0,ijtag_basic_tap_tests_rw_access,[NWP] TAP: tap tests rw access,MISSING,Sebastian Porras,nio_uio-a0-26ww32a
Partition Level,parmiofblpvnpipeac_uio_0,ijtag_basic_tap_tests_continuity,[NWP] TAP: tap tests continuity,MISSING,Sebastian Porras,nio_uio-a0-26ww32a
Partition Level,parmiofblpvnpipeac_uio_0,icl_verify_dft,[NWP] TAP: icl verify dft,MISSING,Sebastian Porras,nio_uio-a0-26ww32a
Stack Level,parmiofblpvnpipeac_uio_0,ijtag_basic_tap_tests_reset,[NWP] TAP: tap tests reset,MISSING,Sebastian Porras,nio_uio-a0-26ww32a
Stack Level,parmiofblpvnpipeac_uio_0,ijtag_basic_tap_tests_rw_access,[NWP] TAP: tap tests rw access,MISSING,Sebastian Porras,nio_uio-a0-26ww32a
Stack Level,parmiofblpvnpipeac_uio_0,ijtag_basic_tap_tests_continuity,[NWP] TAP: tap tests continuity,MISSING,Sebastian Porras,nio_uio-a0-26ww32a
Partition Level,parmiofblpvnpipeac_uio_1,ijtag_basic_tap_tests_tlr_reset,[NWP] TAP: tap tests tlr reset,MISSING,SathyahX Sv,nio_uio-a0-26ww32a
Partition Level,parmiofblpvnpipeac_uio_1,ijtag_basic_tap_tests_reset,[NWP] TAP: tap tests reset,MISSING,SathyahX Sv,nio_uio-a0-26ww32a
Partition Level,parmiofblpvnpipeac_uio_1,ijtag_basic_tap_tests_rw_access,[NWP] TAP: tap tests rw access,MISSING,SathyahX Sv,nio_uio-a0-26ww32a
Partition Level,parmiofblpvnpipeac_uio_1,ijtag_basic_tap_tests_continuity,[NWP] TAP: tap tests continuity,MISSING,SathyahX Sv,nio_uio-a0-26ww32a
Partition Level,parmiofblpvnpipeac_uio_1,icl_verify_dft,[NWP] TAP: icl verify dft,MISSING,SathyahX Sv,nio_uio-a0-26ww32a
Stack Level,parmiofblpvnpipeac_uio_1,ijtag_basic_tap_tests_reset,[NWP] TAP: tap tests reset,MISSING,SathyahX Sv,nio_uio-a0-26ww32a
Stack Level,parmiofblpvnpipeac_uio_1,ijtag_basic_tap_tests_rw_access,[NWP] TAP: tap tests rw access,MISSING,SathyahX Sv,nio_uio-a0-26ww32a
Stack Level,parmiofblpvnpipeac_uio_1,ijtag_basic_tap_tests_continuity,[NWP] TAP: tap tests continuity,MISSING,SathyahX Sv,nio_uio-a0-26ww32a
Partition Level,parmiohap_uio_0,ijtag_basic_tap_tests_tlr_reset,[NWP] TAP: tap tests tlr reset,FAIL,Sebastian Porras,nio_uio-a0-26ww32a
Partition Level,parmiohap_uio_0,ijtag_basic_tap_tests_reset,[NWP] TAP: tap tests reset,PASS,Sebastian Porras,nio_uio-a0-26ww32a
Partition Level,parmiohap_uio_0,ijtag_basic_tap_tests_rw_access,[NWP] TAP: tap tests rw access,PASS,Sebastian Porras,nio_uio-a0-26ww32a
Partition Level,parmiohap_uio_0,ijtag_basic_tap_tests_continuity,[NWP] TAP: tap tests continuity,PASS,Sebastian Porras,nio_uio-a0-26ww32a
Partition Level,parmiohap_uio_0,icl_verify_dft,[NWP] TAP: icl verify dft,PASS,Sebastian Porras,nio_uio-a0-26ww32a
Stack Level,parmiohap_uio_0,ijtag_basic_tap_tests_reset,[NWP] TAP: tap tests reset,FAIL,Sebastian Porras,nio_uio-a0-26ww32a
Stack Level,parmiohap_uio_0,ijtag_basic_tap_tests_rw_access,[NWP] TAP: tap tests rw access,FAIL,Sebastian Porras,nio_uio-a0-26ww32a
Stack Level,parmiohap_uio_0,ijtag_basic_tap_tests_continuity,[NWP] TAP: tap tests continuity,PASS,Sebastian Porras,nio_uio-a0-26ww32a
Partition Level,parmioiommu_uio_0,ijtag_basic_tap_tests_tlr_reset,[NWP] TAP: tap tests tlr reset,FAIL,Sebastian Porras,nio_uio-a0-26ww32a
Partition Level,parmioiommu_uio_0,ijtag_basic_tap_tests_reset,[NWP] TAP: tap tests reset,PASS,Sebastian Porras,nio_uio-a0-26ww32a
Partition Level,parmioiommu_uio_0,ijtag_basic_tap_tests_rw_access,[NWP] TAP: tap tests rw access,PASS,Sebastian Porras,nio_uio-a0-26ww32a
Partition Level,parmioiommu_uio_0,ijtag_basic_tap_tests_continuity,[NWP] TAP: tap tests continuity,PASS,Sebastian Porras,nio_uio-a0-26ww32a
Partition Level,parmioiommu_uio_0,icl_verify_dft,[NWP] TAP: icl verify dft,PASS,Sebastian Porras,nio_uio-a0-26ww32a
Stack Level,parmioiommu_uio_0,ijtag_basic_tap_tests_reset,[NWP] TAP: tap tests reset,FAIL,Sebastian Porras,nio_uio-a0-26ww32a
Stack Level,parmioiommu_uio_0,ijtag_basic_tap_tests_rw_access,[NWP] TAP: tap tests rw access,PASS,Sebastian Porras,nio_uio-a0-26ww32a
Stack Level,parmioiommu_uio_0,ijtag_basic_tap_tests_continuity,[NWP] TAP: tap tests continuity,PASS,Sebastian Porras,nio_uio-a0-26ww32a
Partition Level,parmioitc_uio_0,ijtag_basic_tap_tests_tlr_reset,[NWP] TAP: tap tests tlr reset,PASS,Sebastian Porras,nio_uio-a0-26ww32a
Partition Level,parmioitc_uio_0,ijtag_basic_tap_tests_reset,[NWP] TAP: tap tests reset,PASS,Sebastian Porras,nio_uio-a0-26ww32a
Partition Level,parmioitc_uio_0,ijtag_basic_tap_tests_rw_access,[NWP] TAP: tap tests rw access,PASS,Sebastian Porras,nio_uio-a0-26ww32a
Partition Level,parmioitc_uio_0,ijtag_basic_tap_tests_continuity,[NWP] TAP: tap tests continuity,PASS,Sebastian Porras,nio_uio-a0-26ww32a
Partition Level,parmioitc_uio_0,icl_verify_dft,[NWP] TAP: icl verify dft,PASS,Sebastian Porras,nio_uio-a0-26ww32a
Stack Level,parmioitc_uio_0,ijtag_basic_tap_tests_reset,[NWP] TAP: tap tests reset,FAIL,Sebastian Porras,nio_uio-a0-26ww32a
Stack Level,parmioitc_uio_0,ijtag_basic_tap_tests_continuity,[NWP] TAP: tap tests continuity,PASS,Sebastian Porras,nio_uio-a0-26ww32a
Stack Level,parmioitc_uio_0,ijtag_basic_tap_tests_rw_access,[NWP] TAP: tap tests rw access,PASS,Sebastian Porras,nio_uio-a0-26ww32a
Partition Level,parmiomisc_uio_0,ijtag_basic_tap_tests_tlr_reset,[NWP] TAP: tap tests tlr reset,FAIL,Bhanu Vattikuti,nio_uio-a0-26ww32a
Partition Level,parmiomisc_uio_0,ijtag_basic_tap_tests_reset,[NWP] TAP: tap tests reset,PASS,Bhanu Vattikuti,nio_uio-a0-26ww32a
Partition Level,parmiomisc_uio_0,ijtag_basic_tap_tests_user_defined,[NWP] TAP: IDCODE all taps in the partition,PASS,Bhanu Vattikuti,nio_uio-a0-26ww32a
Partition Level,parmiomisc_uio_0,ijtag_basic_tap_tests_rw_access,[NWP] TAP: tap tests rw access,PASS,Bhanu Vattikuti,nio_uio-a0-26ww32a
Partition Level,parmiomisc_uio_0,ijtag_basic_tap_tests_continuity,[NWP] TAP: tap tests continuity,PASS,Bhanu Vattikuti,nio_uio-a0-26ww32a
Partition Level,parmiomisc_uio_0,icl_verify_dft,[NWP] TAP: icl verify dft,PASS,Bhanu Vattikuti,nio_uio-a0-26ww32a
Stack Level,parmiomisc_uio_0_group1,ijtag_basic_tap_tests_reset,[NWP] TAP: tap tests reset,FAIL,Bhanu Vattikuti,nio_uio-a0-26ww32a
Stack Level,parmiomisc_uio_0_group1,ijtag_basic_tap_tests_continuity,[NWP] TAP: tap tests continuity,PASS,Bhanu Vattikuti,nio_uio-a0-26ww32a
Stack Level,parmiomisc_uio_0_group1,ijtag_basic_tap_tests_rw_access,[NWP] TAP: tap tests rw access,PASS,Bhanu Vattikuti,nio_uio-a0-26ww32a
Stack Level,parmiomisc_uio_0_group2,ijtag_basic_tap_tests_reset,[NWP] TAP: tap tests reset,FAIL,Bhanu Vattikuti,nio_uio-a0-26ww32a
Stack Level,parmiomisc_uio_0_group2,ijtag_basic_tap_tests_continuity,[NWP] TAP: tap tests continuity,FAIL,Bhanu Vattikuti,nio_uio-a0-26ww32a
Stack Level,parmiomisc_uio_0_group2,ijtag_basic_tap_tests_rw_access,[NWP] TAP: tap tests rw access,FAIL,Bhanu Vattikuti,nio_uio-a0-26ww32a
Stack Level,parmiomisc_uio_0_group3,ijtag_basic_tap_tests_reset,[NWP] TAP: tap tests reset,FAIL,Bhanu Vattikuti,nio_uio-a0-26ww32a
Stack Level,parmiomisc_uio_0_group3,ijtag_basic_tap_tests_continuity,[NWP] TAP: tap tests continuity,PASS,Bhanu Vattikuti,nio_uio-a0-26ww32a
Stack Level,parmiomisc_uio_0_group3,ijtag_basic_tap_tests_rw_access,[NWP] TAP: tap tests rw access,PASS,Bhanu Vattikuti,nio_uio-a0-26ww32a
Partition Level,parmiomisc_uio_1,ijtag_basic_tap_tests_tlr_reset,[NWP] TAP: tap tests tlr reset,MISSING,SathyahX Sv,nio_uio-a0-26ww32a
Partition Level,parmiomisc_uio_1,ijtag_basic_tap_tests_reset,[NWP] TAP: tap tests reset,MISSING,SathyahX Sv,nio_uio-a0-26ww32a
Partition Level,parmiomisc_uio_1,ijtag_basic_tap_tests_rw_access,[NWP] TAP: tap tests rw access,MISSING,SathyahX Sv,nio_uio-a0-26ww32a
Partition Level,parmiomisc_uio_1,ijtag_basic_tap_tests_continuity,[NWP] TAP: tap tests continuity,MISSING,SathyahX Sv,nio_uio-a0-26ww32a
Partition Level,parmiomisc_uio_1,icl_verify_dft,[NWP] TAP: icl verify dft,MISSING,SathyahX Sv,nio_uio-a0-26ww32a
Stack Level,parmiomisc_uio_1,ijtag_basic_tap_tests_reset,[NWP] TAP: tap tests reset,MISSING,SathyahX Sv,nio_uio-a0-26ww32a
Stack Level,parmiomisc_uio_1,ijtag_basic_tap_tests_rw_access,[NWP] TAP: tap tests rw access,MISSING,SathyahX Sv,nio_uio-a0-26ww32a
Stack Level,parmiomisc_uio_1,ijtag_basic_tap_tests_continuity,[NWP] TAP: tap tests continuity,MISSING,SathyahX Sv,nio_uio-a0-26ww32a
Partition Level,parmiootc_uio_0,ijtag_basic_tap_tests_tlr_reset,[NWP] TAP: tap tests tlr reset,FAIL,Sebastian Porras,nio_uio-a0-26ww32a
Partition Level,parmiootc_uio_0,ijtag_basic_tap_tests_reset,[NWP] TAP: tap tests reset,PASS,Sebastian Porras,nio_uio-a0-26ww32a
Partition Level,parmiootc_uio_0,ijtag_basic_tap_tests_rw_access,[NWP] TAP: tap tests rw access,PASS,Sebastian Porras,nio_uio-a0-26ww32a
Partition Level,parmiootc_uio_0,ijtag_basic_tap_tests_continuity,[NWP] TAP: tap tests continuity,PASS,Sebastian Porras,nio_uio-a0-26ww32a
Partition Level,parmiootc_uio_0,icl_verify_dft,[NWP] TAP: icl verify dft,PASS,Sebastian Porras,nio_uio-a0-26ww32a
Stack Level,parmiootc_uio_0,ijtag_basic_tap_tests_reset,[NWP] TAP: tap tests reset,FAIL,Sebastian Porras,nio_uio-a0-26ww32a
Stack Level,parmiootc_uio_0,ijtag_basic_tap_tests_continuity,[NWP] TAP: tap tests continuity,PASS,Sebastian Porras,nio_uio-a0-26ww32a
Stack Level,parmiootc_uio_0,ijtag_basic_tap_tests_rw_access,[NWP] TAP: tap tests rw access,PASS,Sebastian Porras,nio_uio-a0-26ww32a
Partition Level,parmiopcie6trcore_uio_0,ijtag_basic_tap_tests_tlr_reset,[NWP] TAP: tap tests tlr reset,FAIL,Sebastian Porras,nio_uio-a0-26ww32a
Partition Level,parmiopcie6trcore_uio_0,ijtag_basic_tap_tests_reset,[NWP] TAP: tap tests reset,PASS,Sebastian Porras,nio_uio-a0-26ww32a
Partition Level,parmiopcie6trcore_uio_0,ijtag_basic_tap_tests_rw_access,[NWP] TAP: tap tests rw access,PASS,Sebastian Porras,nio_uio-a0-26ww32a
Partition Level,parmiopcie6trcore_uio_0,ijtag_basic_tap_tests_continuity,[NWP] TAP: tap tests continuity,PASS,Sebastian Porras,nio_uio-a0-26ww32a
Partition Level,parmiopcie6trcore_uio_0,icl_verify_dft,[NWP] TAP: icl verify dft,PASS,Sebastian Porras,nio_uio-a0-26ww32a
Stack Level,parmiopcie6trcore_uio_0,ijtag_basic_tap_tests_reset,[NWP] TAP: tap tests reset,FAIL,Sebastian Porras,nio_uio-a0-26ww32a
Stack Level,parmiopcie6trcore_uio_0,ijtag_basic_tap_tests_continuity,[NWP] TAP: tap tests continuity,PASS,Sebastian Porras,nio_uio-a0-26ww32a
Stack Level,parmiopcie6trcore_uio_0,ijtag_basic_tap_tests_rw_access,[NWP] TAP: tap tests rw access,PASS,Sebastian Porras,nio_uio-a0-26ww32a
Partition Level,parmiopcie6tridelldp_uio_0,ijtag_basic_tap_tests_tlr_reset,[NWP] TAP: tap tests tlr reset,FAIL,Sebastian Porras,nio_uio-a0-26ww32a
Partition Level,parmiopcie6tridelldp_uio_0,ijtag_basic_tap_tests_reset,[NWP] TAP: tap tests reset,PASS,Sebastian Porras,nio_uio-a0-26ww32a
Partition Level,parmiopcie6tridelldp_uio_0,ijtag_basic_tap_tests_rw_access,[NWP] TAP: tap tests rw access,PASS,Sebastian Porras,nio_uio-a0-26ww32a
Partition Level,parmiopcie6tridelldp_uio_0,ijtag_basic_tap_tests_continuity,[NWP] TAP: tap tests continuity,PASS,Sebastian Porras,nio_uio-a0-26ww32a
Partition Level,parmiopcie6tridelldp_uio_0,icl_verify_dft,[NWP] TAP: icl verify dft,PASS,Sebastian Porras,nio_uio-a0-26ww32a
Stack Level,parmiopcie6tridelldp_uio_0,ijtag_basic_tap_tests_reset,[NWP] TAP: tap tests reset,FAIL,Sebastian Porras,nio_uio-a0-26ww32a
Stack Level,parmiopcie6tridelldp_uio_0,ijtag_basic_tap_tests_rw_access,[NWP] TAP: tap tests rw access,PASS,Sebastian Porras,nio_uio-a0-26ww32a
Stack Level,parmiopcie6tridelldp_uio_0,ijtag_basic_tap_tests_continuity,[NWP] TAP: tap tests continuity,PASS,Sebastian Porras,nio_uio-a0-26ww32a
Partition Level,parmiopcie6ttcore_uio_0,ijtag_basic_tap_tests_tlr_reset,[NWP] TAP: tap tests tlr reset,PASS,Sebastian Porras,nio_uio-a0-26ww32a
Partition Level,parmiopcie6ttcore_uio_0,ijtag_basic_tap_tests_reset,[NWP] TAP: tap tests reset,PASS,Sebastian Porras,nio_uio-a0-26ww32a
Partition Level,parmiopcie6ttcore_uio_0,ijtag_basic_tap_tests_rw_access,[NWP] TAP: tap tests rw access,PASS,Sebastian Porras,nio_uio-a0-26ww32a
Partition Level,parmiopcie6ttcore_uio_0,ijtag_basic_tap_tests_continuity,[NWP] TAP: tap tests continuity,PASS,Sebastian Porras,nio_uio-a0-26ww32a
Partition Level,parmiopcie6ttcore_uio_0,icl_verify_dft,[NWP] TAP: icl verify dft,PASS,Sebastian Porras,nio_uio-a0-26ww32a
Stack Level,parmiopcie6ttcore_uio_0,ijtag_basic_tap_tests_reset,[NWP] TAP: tap tests reset,FAIL,Sebastian Porras,nio_uio-a0-26ww32a
Stack Level,parmiopcie6ttcore_uio_0,ijtag_basic_tap_tests_continuity,[NWP] TAP: tap tests continuity,PASS,Sebastian Porras,nio_uio-a0-26ww32a
Stack Level,parmiopcie6ttcore_uio_0,ijtag_basic_tap_tests_rw_access,[NWP] TAP: tap tests rw access,FAIL,Sebastian Porras,nio_uio-a0-26ww32a
Partition Level,parmiopcie6ttidecee_uio_0,ijtag_basic_tap_tests_tlr_reset,[NWP] TAP: tap tests tlr reset,FAIL,Sebastian Porras,nio_uio-a0-26ww32a
Partition Level,parmiopcie6ttidecee_uio_0,ijtag_basic_tap_tests_reset,[NWP] TAP: tap tests reset,PASS,Sebastian Porras,nio_uio-a0-26ww32a
Partition Level,parmiopcie6ttidecee_uio_0,ijtag_basic_tap_tests_rw_access,[NWP] TAP: tap tests rw access,PASS,Sebastian Porras,nio_uio-a0-26ww32a
Partition Level,parmiopcie6ttidecee_uio_0,ijtag_basic_tap_tests_continuity,[NWP] TAP: tap tests continuity,PASS,Sebastian Porras,nio_uio-a0-26ww32a
Partition Level,parmiopcie6ttidecee_uio_0,icl_verify_dft,[NWP] TAP: icl verify dft,PASS,Sebastian Porras,nio_uio-a0-26ww32a
Stack Level,parmiopcie6ttidecee_uio_0,ijtag_basic_tap_tests_reset,[NWP] TAP: tap tests reset,FAIL,Sebastian Porras,nio_uio-a0-26ww32a
Stack Level,parmiopcie6ttidecee_uio_0,ijtag_basic_tap_tests_rw_access,[NWP] TAP: tap tests rw access,PASS,Sebastian Porras,nio_uio-a0-26ww32a
Stack Level,parmiopcie6ttidecee_uio_0,ijtag_basic_tap_tests_continuity,[NWP] TAP: tap tests continuity,PASS,Sebastian Porras,nio_uio-a0-26ww32a
Partition Level,parmiopcie6ttidecee_uio_1,ijtag_basic_tap_tests_tlr_reset,[NWP] TAP: tap tests tlr reset,MISSING,SathyahX Sv,nio_uio-a0-26ww32a
Partition Level,parmiopcie6ttidecee_uio_1,ijtag_basic_tap_tests_reset,[NWP] TAP: tap tests reset,MISSING,SathyahX Sv,nio_uio-a0-26ww32a
Partition Level,parmiopcie6ttidecee_uio_1,ijtag_basic_tap_tests_rw_access,[NWP] TAP: tap tests rw access,MISSING,SathyahX Sv,nio_uio-a0-26ww32a
Partition Level,parmiopcie6ttidecee_uio_1,ijtag_basic_tap_tests_continuity,[NWP] TAP: tap tests continuity,MISSING,SathyahX Sv,nio_uio-a0-26ww32a
Partition Level,parmiopcie6ttidecee_uio_1,icl_verify_dft,[NWP] TAP: icl verify dft,MISSING,SathyahX Sv,nio_uio-a0-26ww32a
Stack Level,parmiopcie6ttidecee_uio_1,ijtag_basic_tap_tests_reset,[NWP] TAP: tap tests reset,MISSING,SathyahX Sv,nio_uio-a0-26ww32a
Stack Level,parmiopcie6ttidecee_uio_1,ijtag_basic_tap_tests_rw_access,[NWP] TAP: tap tests rw access,MISSING,SathyahX Sv,nio_uio-a0-26ww32a
Stack Level,parmiopcie6ttidecee_uio_1,ijtag_basic_tap_tests_continuity,[NWP] TAP: tap tests continuity,MISSING,SathyahX Sv,nio_uio-a0-26ww32a
Partition Level,parmiostaticmux_uio_0,icl_verify_dft,[NWP] TAP: icl verify dft,PASS,Bhanu Vattikuti,nio_uio-a0-26ww32a
Partition Level,parmiostaticmux_uio_0,ijtag_basic_tap_tests_tlr_reset,[NWP] TAP: tap tests tlr reset,PASS,Maria Perez,nio_uio-a0-26ww32a
Partition Level,parmiostaticmux_uio_0,ijtag_basic_tap_tests_reset,[NWP] TAP: tap tests reset,PASS,Maria Perez,nio_uio-a0-26ww32a
Partition Level,parmiostaticmux_uio_0,ijtag_basic_tap_tests_rw_access,[NWP] TAP: tap tests rw access,PASS,Maria Perez,nio_uio-a0-26ww32a
Partition Level,parmiostaticmux_uio_0,ijtag_basic_tap_tests_continuity,[NWP] TAP: tap tests continuity,PASS,Maria Perez,nio_uio-a0-26ww32a
Stack Level,parmiostaticmux_uio_0,ijtag_basic_tap_tests_reset,[NWP] TAP: tap tests reset,FAIL,Maria Perez,nio_uio-a0-26ww32a
Stack Level,parmiostaticmux_uio_0,ijtag_basic_tap_tests_rw_access,[NWP] TAP: tap tests rw access,PASS,Maria Perez,nio_uio-a0-26ww32a
Stack Level,parmiostaticmux_uio_0,ijtag_basic_tap_tests_continuity,[NWP] TAP: tap tests continuity,PASS,Maria Perez,nio_uio-a0-26ww32a
Partition Level,parmioula_uio_0,ijtag_basic_tap_tests_tlr_reset,[NWP] TAP: tap tests tlr reset,PASS,Natalia Abarca,nio_uio-a0-26ww32a
Partition Level,parmioula_uio_0,ijtag_basic_tap_tests_reset,[NWP] TAP: tap tests reset,PASS,Natalia Abarca,nio_uio-a0-26ww32a
Partition Level,parmioula_uio_0,ijtag_basic_tap_tests_rw_access,[NWP] TAP: tap tests rw access,PASS,Natalia Abarca,nio_uio-a0-26ww32a
Partition Level,parmioula_uio_0,ijtag_basic_tap_tests_continuity,[NWP] TAP: tap tests continuity,PASS,Natalia Abarca,nio_uio-a0-26ww32a
Partition Level,parmioula_uio_0,icl_verify_dft,[NWP] TAP: icl verify dft,PASS,Natalia Abarca,nio_uio-a0-26ww32a
Stack Level,parmioula_uio_0,ijtag_basic_tap_tests_reset,[NWP] TAP: tap tests reset,FAIL,Natalia Abarca,nio_uio-a0-26ww32a
Stack Level,parmioula_uio_0,ijtag_basic_tap_tests_rw_access,[NWP] TAP: tap tests rw access,PASS,Natalia Abarca,nio_uio-a0-26ww32a
Stack Level,parmioula_uio_0,ijtag_basic_tap_tests_continuity,[NWP] TAP: tap tests continuity,PASS,Natalia Abarca,nio_uio-a0-26ww32a
Partition Level,parmioula_uio_1,ijtag_basic_tap_tests_tlr_reset,[NWP] TAP: tap tests tlr reset,MISSING,SathyahX Sv,nio_uio-a0-26ww32a
Partition Level,parmioula_uio_1,ijtag_basic_tap_tests_reset,[NWP] TAP: tap tests reset,MISSING,SathyahX Sv,nio_uio-a0-26ww32a
Partition Level,parmioula_uio_1,ijtag_basic_tap_tests_rw_access,[NWP] TAP: tap tests rw access,MISSING,SathyahX Sv,nio_uio-a0-26ww32a
Partition Level,parmioula_uio_1,ijtag_basic_tap_tests_continuity,[NWP] TAP: tap tests continuity,MISSING,SathyahX Sv,nio_uio-a0-26ww32a
Partition Level,parmioula_uio_1,icl_verify_dft,[NWP] TAP: icl verify dft,MISSING,SathyahX Sv,nio_uio-a0-26ww32a
Stack Level,parmioula_uio_1,ijtag_basic_tap_tests_reset,[NWP] TAP: tap tests reset,MISSING,SathyahX Sv,nio_uio-a0-26ww32a
Stack Level,parmioula_uio_1,ijtag_basic_tap_tests_rw_access,[NWP] TAP: tap tests rw access,MISSING,SathyahX Sv,nio_uio-a0-26ww32a
Stack Level,parmioula_uio_1,ijtag_basic_tap_tests_continuity,[NWP] TAP: tap tests continuity,MISSING,SathyahX Sv,nio_uio-a0-26ww32a
