test_name,test_status,test_result
paruboxspk_stuckat_edt_bypass_low_internal_burnin_togcnt_cap_off,PASS,PASS
paruboxspk_paruboxspk_ub_i_ult_scan_ctlr_stuckat_edt_bypass_low_internal_scandump,PASS,PASS
parswinf2_stuckat_edt_bypass_low_internal_burnin_togcnt_cap_off,PASS,PASS
parswinf2_stuckat_edt_bypass_low_internal_scandump,PASS,PASS
parswinf1_stuckat_edt_bypass_low_internal_scandump,PASS,PASS
parswinf0_stuckat_edt_bypass_low_internal_scandump,FAIL,Error between simulated and expected patterns
parswinf1_stuckat_edt_bypass_low_internal_burnin_togcnt_cap_off,PASS,PASS
parsocrasip_stuckat_edt_bypass_low_internal_scandump,PASS,PASS
parswinf0_stuckat_edt_bypass_low_internal_burnin_togcnt_cap_off,PASS,PASS
parsocrasip_stuckat_edt_bypass_low_internal_burnin_togcnt_cap_off,PASS,PASS
parsocmiofivrmisc_e_stuckat_edt_bypass_low_internal_scandump,PASS,PASS
parcabinffivr_stuckat_edt_bypass_low_internal_scandump,PASS,PASS
parcabpwbb_stuckat_edt_bypass_low_internal_burnin_togcnt_cap_off,PASS,PASS
parcabpwba_stuckat_edt_bypass_low_internal_scandump,PASS,PASS
parcabpwba_stuckat_edt_bypass_low_internal_burnin_togcnt_cap_off,PASS,PASS
parcabmiscw_stuckat_edt_bypass_low_internal_scandump,PASS,PASS
parscfscatopllcsf0_stuckat_edt_edt_low_internal_loopback,PASS,PASS
parscfmemmisc_stuckat_edt_edt_low_internal_loopback,PASS,PASS
parcd2dufich1e_parcd2dufich1e_ub_i_ult_scan_ctlr_stuckat_edt_bypass_low_internal_scandump,PASS,PASS
parscftqp2p_parscftqp2p_ub_i_ult_scan_ctlr_stuckat_edt_bypass_low_internal_scandump,PASS,PASS
pard2dch1_ijtag_basic_tap_tests_tlr_reset,PASS,PASS
parsocmiofivrmisc_stuckat_edt_edt_low_internal_serial_scan,PASS,PASS
parscfsasfrx2x_parscfsasfrx2x_ub_i_ult_scan_ctlr_stuckat_edt_bypass_low_internal_scandump,FAIL,Error between simulated and expected patterns
pargpios5_ijtag_basic_tap_tests_rw_access,FAIL,Error between simulated and expected patterns
parscfcrsmem_icl_verify_dft,PASS,PASS
parrclk_stuckat_edt_bypass_low_internal_serial_chain,PASS,PASS
parrclk_stuckat_edt_edt_low_internal_serial_scan,PASS,PASS
parhwrsfuse_ijtag_basic_tap_tests_rw_access,PASS,PASS
parscfioinf1e_icl_verify_dft,PASS,PASS
parscfioinf0w_parscfioinf0w_ub_i_ult_scan_ctlr_stuckat_edt_bypass_low_internal_scandump,PASS,PASS
parscfmeminffivr1w_stuckat_edt_bypass_low_internal_burnin_togcnt_cap_off,PASS,PASS
parscfubruioadaktype1_stuckat_edt_bypass_low_internal_burnin_togcnt_cap_off,PASS,PASS
parscfubruioadaktype1_parscfubruioadaktype1_ub_i_ult_scan_ctlr_stuckat_edt_bypass_low_internal_scandump,PASS,PASS
pars3m_atspeed_edt_edt_low_internal_serial_scan,PASS,PASS
parseinf1_stuckat_edt_edt_low_internal_serial_scan,PASS,PASS
pargpios0_ijtag_basic_tap_tests_rw_access,PASS,PASS
pargpiod2d_ijtag_basic_tap_tests_rw_access,PASS,PASS
pargpio1p8_ijtag_basic_tap_tests_rw_access,PASS,PASS
parfws_ijtag_basic_tap_tests_rw_access,PASS,PASS
pardfd_ijtag_basic_tap_tests_rw_access,PASS,PASS
pard2dinf2w_ijtag_basic_tap_tests_rw_access,PASS,PASS
parsocmiofivrmisc_e_stuckat_edt_bypass_low_internal_burnin_togcnt_cap_off,PASS,PASS
parsocmiofivrmisc_stuckat_edt_bypass_low_internal_scandump,PASS,PASS
parsocmiofivrmisc_stuckat_edt_bypass_low_internal_burnin_togcnt_cap_off,PASS,PASS
parseinf2_stuckat_edt_bypass_low_internal_scandump,PASS,PASS
parseinf2_stuckat_edt_bypass_low_internal_burnin_togcnt_cap_off,PASS,PASS
parseinf1_stuckat_edt_bypass_low_internal_scandump,PASS,PASS
parscfubruiodatatype2_stuckat_edt_bypass_low_internal_burnin_togcnt_cap_off,PASS,PASS
parseinf1_stuckat_edt_bypass_low_internal_burnin_togcnt_cap_off,PASS,PASS
parscfubruiodatatype2_parscfubruiodatatype2_ub_i_ult_scan_ctlr_stuckat_edt_bypass_low_internal_scandump,PASS,PASS
parscfubruiodatatype1_stuckat_edt_bypass_low_internal_burnin_togcnt_cap_off,PASS,PASS
parscfubruiodatatype1_parscfubruiodatatype1_ub_i_ult_scan_ctlr_stuckat_edt_bypass_low_internal_scandump,PASS,PASS
parscfubruioadaktype2_stuckat_edt_bypass_low_internal_burnin_togcnt_cap_off,PASS,PASS
parscfubruioadaktype2_parscfubruioadaktype2_ub_i_ult_scan_ctlr_stuckat_edt_bypass_low_internal_scandump,PASS,PASS
parscfubrsca_stuckat_edt_bypass_low_internal_burnin_togcnt_cap_off,PASS,PASS
parscfubrsca_parscfubrsca_ub_i_ult_scan_ctlr_stuckat_edt_bypass_low_internal_scandump,PASS,PASS
parscfubrd2d_stuckat_edt_bypass_low_internal_burnin_togcnt_cap_off,PASS,PASS
parscftqp2p_stuckat_edt_bypass_low_internal_burnin_togcnt_cap_off,PASS,PASS
parscftqio_stuckat_edt_bypass_low_internal_burnin_togcnt_cap_off,PASS,PASS
parscfubrd2d_parscfubrd2d_ub_i_ult_scan_ctlr_stuckat_edt_bypass_low_internal_scandump,PASS,PASS
parscftqio_parscftqio_ub_i_ult_scan_ctlr_stuckat_edt_bypass_low_internal_scandump,PASS,PASS
parscfscatopllcsf1_stuckat_edt_bypass_low_internal_burnin_togcnt_cap_off,PASS,PASS
parscfscatopllcsf1_parscfscatopllcsf1_ub_i_ult_scan_ctlr_stuckat_edt_bypass_low_internal_scandump,PASS,PASS
parscfsasfrx2x_stuckat_edt_bypass_low_internal_burnin_togcnt_cap_off,PASS,PASS
parscfmeminffivr2w_stuckat_edt_bypass_low_internal_burnin_togcnt_cap_off,PASS,PASS
parscfmeminffivr2w_parscfmeminffivr2w_ub_i_ult_scan_ctlr_stuckat_edt_bypass_low_internal_scandump,PASS,PASS
parscfmeminffivr2e_stuckat_edt_bypass_low_internal_burnin_togcnt_cap_off,PASS,PASS
parscfmeminffivr2e_parscfmeminffivr2e_ub_i_ult_scan_ctlr_stuckat_edt_bypass_low_internal_scandump,PASS,PASS
pargpios0_stuckat_edt_bypass_low_internal_scandump,PASS,PASS
pargpios0_stuckat_edt_bypass_low_internal_burnin_togcnt_cap_off,PASS,PASS
parscfmeminffivr1w_parscfmeminffivr1w_ub_i_ult_scan_ctlr_stuckat_edt_bypass_low_internal_scandump,PASS,PASS
pargpiod2d_stuckat_edt_bypass_low_internal_burnin_togcnt_cap_off,PASS,PASS
pargpio1p8_stuckat_edt_bypass_low_internal_scandump,PASS,PASS
parscfmeminffivr1e_stuckat_edt_bypass_low_internal_burnin_togcnt_cap_off,PASS,PASS
pargpiod2d_pargpiod2d_ub_i_ult_scan_ctlr_stuckat_edt_bypass_low_internal_scandump,PASS,PASS
pargpio1p8_stuckat_edt_bypass_low_internal_burnin_togcnt_cap_off,PASS,PASS
parfws_stuckat_edt_bypass_low_internal_scandump,PASS,PASS
parfws_stuckat_edt_bypass_low_internal_burnin_togcnt_cap_off,PASS,PASS
pardfd_stuckat_edt_bypass_low_internal_burnin_togcnt_cap_off,PASS,PASS
pardfd_pardfd_ub_i_ult_scan_ctlr_stuckat_edt_bypass_low_internal_scandump,PASS,PASS
pard2dinf2e_stuckat_edt_bypass_low_internal_burnin_togcnt_cap_off,PASS,PASS
pard2dinf2w_stuckat_edt_bypass_low_internal_burnin_togcnt_cap_off,PASS,PASS
pard2dinf2e_pard2dinf2e_ub_i_ult_scan_ctlr_stuckat_edt_bypass_low_internal_scandump,PASS,PASS
pard2dinf2w_pard2dinf2w_ub_i_ult_scan_ctlr_stuckat_edt_bypass_low_internal_scandump,PASS,PASS
pard2dinf1w_stuckat_edt_bypass_low_internal_burnin_togcnt_cap_off,PASS,PASS
pard2dinf1w_stuckat_edt_bypass_low_internal_scandump,PASS,PASS
pard2dinf1e_stuckat_edt_bypass_low_internal_scandump,PASS,PASS
pard2dinf1e_stuckat_edt_bypass_low_internal_burnin_togcnt_cap_off,PASS,PASS
pard2dinf0w_stuckat_edt_bypass_low_internal_burnin_togcnt_cap_off,PASS,PASS
pard2dinf0e_stuckat_edt_bypass_low_internal_scandump,PASS,PASS
pard2dinf0w_stuckat_edt_bypass_low_internal_scandump,PASS,PASS
parscfubrsca_ijtag_basic_tap_tests_rw_access,PASS,PASS
parscfubrd2d_ijtag_basic_tap_tests_rw_access,PASS,PASS
parscftqp2p_ijtag_basic_tap_tests_rw_access,PASS,PASS
parscfmeminffivr0w_parscfmeminffivr0w_ub_i_ult_scan_ctlr_stuckat_edt_bypass_low_internal_scandump,PASS,PASS
parscfmeminffivr1e_parscfmeminffivr1e_ub_i_ult_scan_ctlr_stuckat_edt_bypass_low_internal_scandump,PASS,PASS
parscfmeminffivr0w_stuckat_edt_bypass_low_internal_burnin_togcnt_cap_off,PASS,PASS
parscfmeminffivr0e_stuckat_edt_bypass_low_internal_burnin_togcnt_cap_off,PASS,PASS
parscfmeminffivr0e_parscfmeminffivr0e_ub_i_ult_scan_ctlr_stuckat_edt_bypass_low_internal_scandump,PASS,PASS
parscfmeminf3w_stuckat_edt_bypass_low_internal_burnin_togcnt_cap_off,PASS,PASS
parscfmeminf3w_parscfmeminf3w_ub_i_ult_scan_ctlr_stuckat_edt_bypass_low_internal_scandump,PASS,PASS
parscfmeminf3e_stuckat_edt_bypass_low_internal_burnin_togcnt_cap_off,PASS,PASS
parscfmeminf3e_parscfmeminf3e_ub_i_ult_scan_ctlr_stuckat_edt_bypass_low_internal_scandump,PASS,PASS
parscfmeminf2w_stuckat_edt_bypass_low_internal_burnin_togcnt_cap_off,PASS,PASS
parscfmeminf2w_parscfmeminf2w_ub_i_ult_scan_ctlr_stuckat_edt_bypass_low_internal_scandump,PASS,PASS
parcinffivre_stuckat_edt_bypass_low_internal_burnin_togcnt_cap_off,PASS,PASS
parcinffivre_parcinffivre_ub_i_ult_scan_ctlr_stuckat_edt_bypass_low_internal_scandump,PASS,PASS
parcinf7e_stuckat_edt_bypass_low_internal_burnin_togcnt_cap_off,PASS,PASS
parcinf7e_parcinf7e_ub_i_ult_scan_ctlr_stuckat_edt_bypass_low_internal_scandump,PASS,PASS
parcinf7w_stuckat_edt_bypass_low_internal_burnin_togcnt_cap_off,PASS,PASS
parcinf7w_parcinf7w_ub_i_ult_scan_ctlr_stuckat_edt_bypass_low_internal_scandump,PASS,PASS
parcinf5w_stuckat_edt_bypass_low_internal_burnin_togcnt_cap_off,PASS,PASS
parcinf5w_parcinf5w_ub_i_ult_scan_ctlr_stuckat_edt_bypass_low_internal_scandump,PASS,PASS
parcinf5e_stuckat_edt_bypass_low_internal_burnin_togcnt_cap_off,PASS,PASS
parcinf5e_parcinf5e_ub_i_ult_scan_ctlr_stuckat_edt_bypass_low_internal_scandump,PASS,PASS
parcinf4_stuckat_edt_bypass_low_internal_burnin_togcnt_cap_off,PASS,PASS
parcinf4_parcinf4_ub_i_ult_scan_ctlr_stuckat_edt_bypass_low_internal_scandump,PASS,PASS
parcinf3_stuckat_edt_bypass_low_internal_burnin_togcnt_cap_off,PASS,PASS
parscfioinf0w_ijtag_basic_tap_tests_rw_access,PASS,PASS
parscfioinf0e_ijtag_basic_tap_tests_rw_access,PASS,PASS
parscfcrsuio_ijtag_basic_tap_tests_rw_access,PASS,PASS
parscfcrsp2p_ijtag_basic_tap_tests_rw_access,PASS,PASS
parscfcamisc_ijtag_basic_tap_tests_rw_access,PASS,PASS
parscfcms2xcrs2x_ijtag_basic_tap_tests_rw_access,PASS,PASS
parpsf2_ijtag_basic_tap_tests_rw_access,FAIL,Error between simulated and expected patterns
parrclk_ijtag_basic_tap_tests_rw_access,PASS,PASS
parscfmeminf2w_ijtag_basic_tap_tests_tlr_reset,PASS,PASS
parscfmeminf2e_ijtag_basic_tap_tests_tlr_reset,PASS,PASS
parscfmeminf2w_ijtag_basic_tap_tests_reset,PASS,PASS
parscfmeminf3e_ijtag_basic_tap_tests_reset,PASS,PASS
parscfmeminf2e_ijtag_basic_tap_tests_reset,PASS,PASS
parscfmeminf0w_ijtag_basic_tap_tests_tlr_reset,PASS,PASS
pars3m_ijtag_basic_tap_tests_rw_access,PASS,PASS
parscfmeminf0w_ijtag_basic_tap_tests_reset,PASS,PASS
parscfmeminf0e_ijtag_basic_tap_tests_tlr_reset,PASS,PASS
parscfmemch5_ijtag_basic_tap_tests_tlr_reset,PASS,PASS
parscfmeminf0e_ijtag_basic_tap_tests_reset,PASS,PASS
parscfmemch5_ijtag_basic_tap_tests_reset,PASS,PASS
parscfmemch4_ijtag_basic_tap_tests_tlr_reset,PASS,PASS
parscfmemch4_ijtag_basic_tap_tests_reset,PASS,PASS
parscfmemch3s_ijtag_basic_tap_tests_tlr_reset,PASS,PASS
parscfmemch3s_ijtag_basic_tap_tests_reset,PASS,PASS
parscfmemch3n_ijtag_basic_tap_tests_tlr_reset,PASS,PASS
parscfmemch3n_ijtag_basic_tap_tests_reset,PASS,PASS
parscfmemch2s_ijtag_basic_tap_tests_tlr_reset,PASS,PASS
parcinf5w_ijtag_basic_tap_tests_tlr_reset,PASS,PASS
parcinf5e_ijtag_basic_tap_tests_tlr_reset,PASS,PASS
parcinf5w_ijtag_basic_tap_tests_reset,PASS,PASS
parcinf5e_ijtag_basic_tap_tests_reset,PASS,PASS
parcinf4_ijtag_basic_tap_tests_tlr_reset,FAIL,Error between simulated and expected patterns
parcinf4_ijtag_basic_tap_tests_reset,PASS,PASS
parcinf3_ijtag_basic_tap_tests_tlr_reset,FAIL,Error between simulated and expected patterns
parcinf3_ijtag_basic_tap_tests_reset,FAIL,Error between simulated and expected patterns
parcinf2_ijtag_basic_tap_tests_tlr_reset,PASS,PASS
parcinf2_ijtag_basic_tap_tests_reset,PASS,PASS
parcinf1_ijtag_basic_tap_tests_reset,PASS,PASS
parcinf1_ijtag_basic_tap_tests_tlr_reset,PASS,PASS
parcinf0_ijtag_basic_tap_tests_reset,PASS,PASS
parcinf0_ijtag_basic_tap_tests_tlr_reset,PASS,PASS
parcgu_ijtag_basic_tap_tests_reset,PASS,PASS
parcgu_ijtag_basic_tap_tests_tlr_reset,PASS,PASS
parcd2dufich1w_ijtag_basic_tap_tests_tlr_reset,PASS,PASS
parcd2dufich1e_ijtag_basic_tap_tests_tlr_reset,PASS,PASS
parcd2dufich1e_ijtag_basic_tap_tests_reset,PASS,PASS
parcd2dufich1w_ijtag_basic_tap_tests_reset,PASS,PASS
parcd2dtq_ijtag_basic_tap_tests_reset,PASS,PASS
parcd2dtq_ijtag_basic_tap_tests_tlr_reset,PASS,PASS
parcabubrcab_ijtag_basic_tap_tests_tlr_reset,PASS,PASS
parcabubrcab_ijtag_basic_tap_tests_reset,PASS,PASS
parcabpwbb_ijtag_basic_tap_tests_tlr_reset,PASS,PASS
paroobmsmram_ijtag_basic_tap_tests_continuity,PASS,PASS
parpciegen4top_ijtag_basic_tap_tests_continuity,PASS,PASS
paroobip_ijtag_basic_tap_tests_continuity,PASS,PASS
parmioinf3w_ijtag_basic_tap_tests_continuity,PASS,PASS
parocs_ijtag_basic_tap_tests_continuity,PASS,PASS
parmioinf3e_ijtag_basic_tap_tests_continuity,PASS,PASS
parmioinf2e_ijtag_basic_tap_tests_continuity,PASS,PASS
parmioinf1w_ijtag_basic_tap_tests_continuity,PASS,PASS
parmioinf2w_ijtag_basic_tap_tests_continuity,PASS,PASS
pargpios5_ijtag_basic_tap_tests_continuity,FAIL,Error between simulated and expected patterns
parmioinf0_ijtag_basic_tap_tests_continuity,PASS,PASS
parmioinf1e_ijtag_basic_tap_tests_continuity,PASS,PASS
parhwrsfuse_ijtag_basic_tap_tests_continuity,PASS,PASS
paridfttop_ijtag_basic_tap_tests_continuity,FAIL,Error between simulated and expected patterns
pargpios0_ijtag_basic_tap_tests_continuity,PASS,PASS
parscfubruioadaktype2_ssn_continuity,PASS,PASS
parscfubruioadaktype2_stuckat_edt_edt_low_internal_loopback,PASS,PASS
parscfubruioadaktype1_ssn_continuity,PASS,PASS
parpunit_ijtag_basic_tap_tests_rw_access,PASS,PASS
parscfubruioadaktype1_stuckat_edt_edt_low_internal_loopback,PASS,PASS
parscfubrsca_ssn_continuity,PASS,PASS
parscfubrsca_stuckat_edt_edt_low_internal_loopback,PASS,PASS
parscfubrd2d_ssn_continuity,PASS,PASS
parscfubrd2d_stuckat_edt_edt_low_internal_loopback,PASS,PASS
parscftqp2p_ssn_continuity,PASS,PASS
parscftqp2p_stuckat_edt_edt_low_internal_loopback,PASS,PASS
parscftqio_ssn_continuity,PASS,PASS
parscftqio_stuckat_edt_edt_low_internal_loopback,PASS,PASS
parscfscatopllcsf1_ssn_continuity,PASS,PASS
parscfscatopllcsf1_stuckat_edt_edt_low_internal_loopback,PASS,PASS
parscfioinf2e_stuckat_edt_edt_low_internal_loopback,PASS,PASS
parscfioinf1w_ssn_continuity,PASS,PASS
parscfioinf1w_stuckat_edt_edt_low_internal_loopback,PASS,PASS
parscfmeminf2e_parscfmeminf2e_ub_i_ult_scan_ctlr_stuckat_edt_bypass_low_internal_scandump,PASS,PASS
parscfmeminf2e_stuckat_edt_bypass_low_internal_burnin_togcnt_cap_off,PASS,PASS
parscfmeminf0e_stuckat_edt_bypass_low_internal_burnin_togcnt_cap_off,PASS,PASS
parscfmeminf0w_parscfmeminf0w_ub_i_ult_scan_ctlr_stuckat_edt_bypass_low_internal_scandump,PASS,PASS
parscfmeminf0w_stuckat_edt_bypass_low_internal_burnin_togcnt_cap_off,PASS,PASS
parscfmemch5_stuckat_edt_bypass_low_internal_burnin_togcnt_cap_off,PASS,PASS
parscfmeminf0e_parscfmeminf0e_ub_i_ult_scan_ctlr_stuckat_edt_bypass_low_internal_scandump,PASS,PASS
parscfmemch5_parscfmemch5_ub_i_ult_scan_ctlr_stuckat_edt_bypass_low_internal_scandump,PASS,PASS
parscfmemch4_stuckat_edt_bypass_low_internal_burnin_togcnt_cap_off,PASS,PASS
parcubrmiocha_ijtag_basic_tap_tests_rw_access,PASS,PASS
parscfioinf2w_parscfioinf2w_ub_i_ult_scan_ctlr_stuckat_edt_bypass_low_internal_scandump,PASS,PASS
parscfcms2xcrs2x_stuckat_edt_bypass_low_internal_burnin_togcnt_cap_off,PASS,PASS
parpsf0npktam_parpsf0npktam_ub_i_ult_scan_ctlr_stuckat_edt_bypass_low_internal_scandump,PASS,PASS
paridfttop_stuckat_edt_bypass_low_internal_scandump,PASS,PASS
parscfioinf2w_stuckat_edt_bypass_low_internal_burnin_togcnt_cap_off,PASS,PASS
parhwrsfuse_stuckat_edt_bypass_low_internal_burnin_togcnt_cap_off,PASS,PASS
parcinf4_ijtag_basic_tap_tests_continuity,PASS,PASS
parscfmemch4_parscfmemch4_ub_i_ult_scan_ctlr_stuckat_edt_bypass_low_internal_scandump,PASS,PASS
parpciegen4top_stuckat_edt_bypass_low_internal_scandump,PASS,PASS
parscfmemch3s_parscfmemch3s_ub_i_ult_scan_ctlr_stuckat_edt_bypass_low_internal_scandump,PASS,PASS
parscfmemch2s_parscfmemch2s_ub_i_ult_scan_ctlr_stuckat_edt_bypass_low_internal_scandump,PASS,PASS
parscfmemch1s_stuckat_edt_bypass_low_internal_burnin_togcnt_cap_off,PASS,PASS
parscfmemch3n_parscfmemch3n_ub_i_ult_scan_ctlr_stuckat_edt_bypass_low_internal_scandump,PASS,PASS
parscfmemch3n_stuckat_edt_bypass_low_internal_burnin_togcnt_cap_off,PASS,PASS
parscfmemch2s_stuckat_edt_bypass_low_internal_burnin_togcnt_cap_off,PASS,PASS
parscfmemch3s_stuckat_edt_bypass_low_internal_burnin_togcnt_cap_off,PASS,PASS
parscfmemch2n_stuckat_edt_bypass_low_internal_burnin_togcnt_cap_off,PASS,PASS
parscfmemch2n_parscfmemch2n_ub_i_ult_scan_ctlr_stuckat_edt_bypass_low_internal_scandump,PASS,PASS
parscfmemch1s_parscfmemch1s_ub_i_ult_scan_ctlr_stuckat_edt_bypass_low_internal_scandump,PASS,PASS
parscfmemch1n_stuckat_edt_bypass_low_internal_burnin_togcnt_cap_off,PASS,PASS
parscfmemch1n_parscfmemch1n_ub_i_ult_scan_ctlr_stuckat_edt_bypass_low_internal_scandump,PASS,PASS
parscfmemch0s_stuckat_edt_bypass_low_internal_burnin_togcnt_cap_off,PASS,PASS
parscfmemch0s_parscfmemch0s_ub_i_ult_scan_ctlr_stuckat_edt_bypass_low_internal_scandump,PASS,PASS
parscfmemch0n_stuckat_edt_bypass_low_internal_burnin_togcnt_cap_off,PASS,PASS
parscfmemch0n_parscfmemch0n_ub_i_ult_scan_ctlr_stuckat_edt_bypass_low_internal_scandump,PASS,PASS
parscfioinf2e_stuckat_edt_bypass_low_internal_burnin_togcnt_cap_off,PASS,PASS
parscfioinf1e_stuckat_edt_bypass_low_internal_burnin_togcnt_cap_off,PASS,PASS
parscfioinf1e_parscfioinf1e_ub_i_ult_scan_ctlr_stuckat_edt_bypass_low_internal_scandump,PASS,PASS
parscfioinf2e_parscfioinf2e_ub_i_ult_scan_ctlr_stuckat_edt_bypass_low_internal_scandump,PASS,PASS
parscfioinf0w_stuckat_edt_bypass_low_internal_burnin_togcnt_cap_off,PASS,PASS
parscfioinf1w_stuckat_edt_bypass_low_internal_burnin_togcnt_cap_off,PASS,PASS
parscfioinf0e_stuckat_edt_bypass_low_internal_burnin_togcnt_cap_off,PASS,PASS
parscfioinf0e_parscfioinf0e_ub_i_ult_scan_ctlr_stuckat_edt_bypass_low_internal_scandump,PASS,PASS
parscfioinf1w_parscfioinf1w_ub_i_ult_scan_ctlr_stuckat_edt_bypass_low_internal_scandump,PASS,PASS
parscfhsf_stuckat_edt_bypass_low_internal_burnin_togcnt_cap_off,PASS,PASS
parscfhsf_parscfhsf_ub_i_ult_scan_ctlr_stuckat_edt_bypass_low_internal_scandump,PASS,PASS
parscfcrsuio_stuckat_edt_bypass_low_internal_burnin_togcnt_cap_off,PASS,PASS
parscfcrsuio_parscfcrsuio_ub_i_ult_scan_ctlr_stuckat_edt_bypass_low_internal_scandump,PASS,PASS
parscfcrsp2p_stuckat_edt_bypass_low_internal_burnin_togcnt_cap_off,PASS,PASS
parscfcrsp2p_parscfcrsp2p_ub_i_ult_scan_ctlr_stuckat_edt_bypass_low_internal_scandump,PASS,PASS
parscfcrsmem_stuckat_edt_bypass_low_internal_burnin_togcnt_cap_off,PASS,PASS
parscfcrsmem_parscfcrsmem_ub_i_ult_scan_ctlr_stuckat_edt_bypass_low_internal_scandump,FAIL,Error between simulated and expected patterns
parscfcmsdummy_stuckat_edt_bypass_low_internal_burnin_togcnt_cap_off,PASS,PASS
parscfcamisc_parscfcamisc_ub_i_ult_scan_ctlr_stuckat_edt_bypass_low_internal_scandump,PASS,PASS
parscfcmsdummy_parscfcmsdummy_ub_i_ult_scan_ctlr_stuckat_edt_bypass_low_internal_scandump,FAIL,Error between simulated and expected patterns
parscfcamisc_stuckat_edt_bypass_low_internal_burnin_togcnt_cap_off,PASS,PASS
parscfcms2xcrs2x_parscfcms2xcrs2x_ub_i_ult_scan_ctlr_stuckat_edt_bypass_low_internal_scandump,PASS,PASS
parrclk_stuckat_edt_bypass_low_internal_scandump,PASS,PASS
parrclk_stuckat_edt_bypass_low_internal_burnin_togcnt_cap_off,PASS,PASS
pars3m_stuckat_edt_bypass_low_internal_scandump,PASS,PASS
pars3m_stuckat_edt_bypass_low_internal_burnin_togcnt_cap_off,PASS,PASS
parpunit_stuckat_edt_bypass_low_internal_scandump,PASS,PASS
parpsf2_stuckat_edt_bypass_low_internal_scandump,PASS,PASS
parpunit_stuckat_edt_bypass_low_internal_burnin_togcnt_cap_off,PASS,PASS
parpsf2_stuckat_edt_bypass_low_internal_burnin_togcnt_cap_off,PASS,PASS
parpsf0npktam_stuckat_edt_bypass_low_internal_burnin_togcnt_cap_off,PASS,PASS
paroobmsmram_stuckat_edt_bypass_low_internal_scandump,PASS,PASS
parpciegen4top_stuckat_edt_bypass_low_internal_burnin_togcnt_cap_off,PASS,PASS
paroobmsmram_stuckat_edt_bypass_low_internal_burnin_togcnt_cap_off,PASS,PASS
paroobip_stuckat_edt_bypass_low_internal_scandump,PASS,PASS
parocs_stuckat_edt_bypass_low_internal_burnin_togcnt_cap_off,PASS,PASS
parocs_stuckat_edt_bypass_low_internal_scandump,PASS,PASS
parmioinf2w_stuckat_edt_bypass_low_internal_scandump,PASS,PASS
parmioinf3w_stuckat_edt_bypass_low_internal_scandump,PASS,PASS
parmioinf2e_stuckat_edt_bypass_low_internal_burnin_togcnt_cap_off,PASS,PASS
parmioinf3e_stuckat_edt_bypass_low_internal_scandump,PASS,PASS
parmioinf3w_stuckat_edt_bypass_low_internal_burnin_togcnt_cap_off,PASS,PASS
parmioinf3e_stuckat_edt_bypass_low_internal_burnin_togcnt_cap_off,PASS,PASS
parmioinf2e_stuckat_edt_bypass_low_internal_scandump,PASS,PASS
paroobip_stuckat_edt_bypass_low_internal_burnin_togcnt_cap_off,PASS,PASS
parmioinf1w_stuckat_edt_bypass_low_internal_scandump,PASS,PASS
parmioinf2w_stuckat_edt_bypass_low_internal_burnin_togcnt_cap_off,PASS,PASS
parmioinf1w_stuckat_edt_bypass_low_internal_burnin_togcnt_cap_off,PASS,PASS
parmioinf1e_stuckat_edt_bypass_low_internal_scandump,PASS,PASS
parmioinf1e_stuckat_edt_bypass_low_internal_burnin_togcnt_cap_off,PASS,PASS
parscfmeminf2e_ijtag_basic_tap_tests_rw_access,PASS,PASS
parscfmeminf0w_ijtag_basic_tap_tests_rw_access,PASS,PASS
parscfubrd2d_ijtag_basic_tap_tests_reset,PASS,PASS
parscftqp2p_ijtag_basic_tap_tests_tlr_reset,PASS,PASS
parscftqp2p_ijtag_basic_tap_tests_reset,PASS,PASS
parscftqio_ijtag_basic_tap_tests_tlr_reset,PASS,PASS
parscftqio_ijtag_basic_tap_tests_reset,PASS,PASS
parscfscatopllcsf1_ijtag_basic_tap_tests_tlr_reset,FAIL,Error between simulated and expected patterns
parcubrmiochb_ijtag_basic_tap_tests_tlr_reset,PASS,PASS
parcubrmiocha_ijtag_basic_tap_tests_tlr_reset,PASS,PASS
parcubrmiochb_ijtag_basic_tap_tests_reset,PASS,PASS
parcubrmiocha_ijtag_basic_tap_tests_reset,PASS,PASS
parcinf7e_ijtag_basic_tap_tests_reset,PASS,PASS
parcabpwbb_ijtag_basic_tap_tests_reset,PASS,PASS
parcinf7w_ijtag_basic_tap_tests_tlr_reset,PASS,PASS
parcinf7w_ijtag_basic_tap_tests_reset,PASS,PASS
parcabpwba_ijtag_basic_tap_tests_tlr_reset,PASS,PASS
parmioinf0_stuckat_edt_bypass_low_internal_scandump,PASS,PASS
parcinf7e_ijtag_basic_tap_tests_tlr_reset,PASS,PASS
parmioinf0_stuckat_edt_bypass_low_internal_burnin_togcnt_cap_off,PASS,PASS
parhwrsfuse_stuckat_edt_bypass_low_internal_scandump,PASS,PASS
paridfttop_stuckat_edt_bypass_low_internal_burnin_togcnt_cap_off,PASS,PASS
pargpios5_stuckat_edt_bypass_low_internal_scandump,PASS,PASS
pargpios5_stuckat_edt_bypass_low_internal_burnin_togcnt_cap_off,PASS,PASS
parscfmemch2n_ijtag_basic_tap_tests_rw_access,PASS,PASS
parscfmemch1s_ijtag_basic_tap_tests_rw_access,PASS,PASS
parscfmemch1n_ijtag_basic_tap_tests_rw_access,PASS,PASS
parscfmemch0s_ijtag_basic_tap_tests_rw_access,PASS,PASS
parscfmemch0n_ijtag_basic_tap_tests_rw_access,PASS,PASS
parscfioinf2w_ijtag_basic_tap_tests_rw_access,PASS,PASS
parscfioinf2e_ijtag_basic_tap_tests_rw_access,PASS,PASS
parscfioinf1w_ijtag_basic_tap_tests_rw_access,PASS,PASS
parscfioinf1e_ijtag_basic_tap_tests_rw_access,PASS,PASS
parpsf0npktam_ijtag_basic_tap_tests_rw_access,PASS,PASS
parocs_ijtag_basic_tap_tests_rw_access,PASS,PASS
paroobip_ijtag_basic_tap_tests_rw_access,PASS,PASS
parmioinf3w_ijtag_basic_tap_tests_rw_access,PASS,PASS
parpciegen4top_ijtag_basic_tap_tests_rw_access,PASS,PASS
parmioinf3e_ijtag_basic_tap_tests_rw_access,PASS,PASS
parmioinf2w_ijtag_basic_tap_tests_rw_access,PASS,PASS
parmioinf1w_ijtag_basic_tap_tests_rw_access,PASS,PASS
parmioinf2e_ijtag_basic_tap_tests_rw_access,PASS,PASS
parmioinf0_ijtag_basic_tap_tests_rw_access,PASS,PASS
pard2dinf2e_ijtag_basic_tap_tests_rw_access,PASS,PASS
parscfcrsp2p_ijtag_basic_tap_tests_tlr_reset,PASS,PASS
pard2dinf0w_ijtag_basic_tap_tests_rw_access,PASS,PASS
paridfttop_ijtag_basic_tap_tests_rw_access,FAIL,Error between simulated and expected patterns
parmioinf1e_ijtag_basic_tap_tests_rw_access,PASS,PASS
pard2dch1_ijtag_basic_tap_tests_rw_access,PASS,PASS
parscfcrsp2p_ijtag_basic_tap_tests_reset,PASS,PASS
pard2dinf1e_ijtag_basic_tap_tests_rw_access,FAIL,Error between simulated and expected patterns
paroobmsmram_ijtag_basic_tap_tests_rw_access,PASS,PASS
pard2dinf0e_ijtag_basic_tap_tests_rw_access,PASS,PASS
parscfcms2xcrs2x_ijtag_basic_tap_tests_tlr_reset,PASS,PASS
parscfcms2xcrs2x_ijtag_basic_tap_tests_reset,PASS,PASS
parscfcamisc_ijtag_basic_tap_tests_tlr_reset,PASS,PASS
parscfcamisc_ijtag_basic_tap_tests_reset,PASS,PASS
parrclk_ijtag_basic_tap_tests_tlr_reset,PASS,PASS
parrclk_ijtag_basic_tap_tests_reset,PASS,PASS
pars3m_ijtag_basic_tap_tests_reset,PASS,PASS
pars3m_ijtag_basic_tap_tests_tlr_reset,PASS,PASS
parpsf2_ijtag_basic_tap_tests_tlr_reset,FAIL,Error between simulated and expected patterns
parpsf2_ijtag_basic_tap_tests_reset,FAIL,Error between simulated and expected patterns
parpsf0npktam_ijtag_basic_tap_tests_reset,PASS,PASS
parpsf0npktam_ijtag_basic_tap_tests_tlr_reset,PASS,PASS
paroobip_ijtag_basic_tap_tests_tlr_reset,PASS,PASS
paroobip_ijtag_basic_tap_tests_reset,PASS,PASS
pard2dch1_stuckat_edt_bypass_low_internal_scandump,PASS,PASS
pard2dinf0e_stuckat_edt_bypass_low_internal_burnin_togcnt_cap_off,PASS,PASS
pard2dch1_stuckat_edt_bypass_low_internal_burnin_togcnt_cap_off,PASS,PASS
parpciegen4top_ijtag_basic_tap_tests_tlr_reset,PASS,PASS
parpciegen4top_ijtag_basic_tap_tests_reset,PASS,PASS
pard2dch0_stuckat_edt_bypass_low_internal_scandump,PASS,PASS
parcinf5w_ijtag_basic_tap_tests_rw_access,PASS,PASS
paroobmsmram_ijtag_basic_tap_tests_reset,PASS,PASS
paroobmsmram_ijtag_basic_tap_tests_tlr_reset,FAIL,Error between simulated and expected patterns
parcinf5e_ijtag_basic_tap_tests_rw_access,PASS,PASS
parcinf4_ijtag_basic_tap_tests_rw_access,PASS,PASS
parcinf1_ijtag_basic_tap_tests_rw_access,PASS,PASS
parcinf3_ijtag_basic_tap_tests_rw_access,FAIL,Error between simulated and expected patterns
parcinf2_ijtag_basic_tap_tests_rw_access,PASS,PASS
parcinf0_ijtag_basic_tap_tests_rw_access,PASS,PASS
parcd2dufich1w_ijtag_basic_tap_tests_rw_access,PASS,PASS
parcgu_ijtag_basic_tap_tests_rw_access,PASS,PASS
parcd2dufich1e_ijtag_basic_tap_tests_rw_access,PASS,PASS
parcd2dtq_ijtag_basic_tap_tests_rw_access,PASS,PASS
parcabubrcab_ijtag_basic_tap_tests_rw_access,PASS,PASS
paridfttop_ijtag_basic_tap_tests_tlr_reset,FAIL,Error between simulated and expected patterns
parscfmemch1n_ijtag_basic_tap_tests_continuity,PASS,PASS
parscfmemch0s_ijtag_basic_tap_tests_continuity,PASS,PASS
parscfmemch3s_ijtag_basic_tap_tests_continuity,PASS,PASS
parscfmemch2n_ijtag_basic_tap_tests_continuity,PASS,PASS
paridfttop_ijtag_basic_tap_tests_reset,FAIL,Error between simulated and expected patterns
parscfmemch2s_ijtag_basic_tap_tests_continuity,PASS,PASS
parscfmemch3n_ijtag_basic_tap_tests_continuity,PASS,PASS
parscfmemch1s_ijtag_basic_tap_tests_continuity,PASS,PASS
parscfmemch0n_ijtag_basic_tap_tests_continuity,PASS,PASS
parscfioinf2w_ijtag_basic_tap_tests_continuity,PASS,PASS
parscfioinf2e_ijtag_basic_tap_tests_continuity,PASS,PASS
parscfioinf1e_ijtag_basic_tap_tests_continuity,PASS,PASS
parscfioinf1w_ijtag_basic_tap_tests_continuity,PASS,PASS
parscfioinf0e_ijtag_basic_tap_tests_continuity,PASS,PASS
parscfioinf0w_ijtag_basic_tap_tests_continuity,PASS,PASS
parscfcrsuio_ijtag_basic_tap_tests_continuity,PASS,PASS
parscfcrsp2p_ijtag_basic_tap_tests_continuity,PASS,PASS
parscfcms2xcrs2x_ijtag_basic_tap_tests_continuity,PASS,PASS
parscfcamisc_ijtag_basic_tap_tests_continuity,PASS,PASS
pars3m_ijtag_basic_tap_tests_continuity,PASS,PASS
parscfioinf0w_stuckat_edt_edt_low_internal_loopback,PASS,PASS
parscfioinf0e_ssn_continuity,PASS,PASS
pard2dch0_stuckat_edt_bypass_low_internal_burnin_togcnt_cap_off,PASS,PASS
parscfioinf0e_stuckat_edt_edt_low_internal_loopback,PASS,PASS
parcubrmiochb_stuckat_edt_bypass_low_internal_burnin_togcnt_cap_off,PASS,PASS
parcubrmiochb_parcubrmiochb_ub_i_ult_scan_ctlr_stuckat_edt_bypass_low_internal_scandump,PASS,PASS
parcubrmiocha_parcubrmiocha_ub_i_ult_scan_ctlr_stuckat_edt_bypass_low_internal_scandump,PASS,PASS
parcubrmiocha_stuckat_edt_bypass_low_internal_burnin_togcnt_cap_off,PASS,PASS
parcinffivrw_stuckat_edt_bypass_low_internal_burnin_togcnt_cap_off,PASS,PASS
parcinffivrw_parcinffivrw_ub_i_ult_scan_ctlr_stuckat_edt_bypass_low_internal_scandump,PASS,PASS
parcinf3_parcinf3_ub_i_ult_scan_ctlr_stuckat_edt_bypass_low_internal_scandump,PASS,PASS
parcinf2_stuckat_edt_bypass_low_internal_burnin_togcnt_cap_off,PASS,PASS
parcinf2_parcinf2_ub_i_ult_scan_ctlr_stuckat_edt_bypass_low_internal_scandump,PASS,PASS
parcinf1_stuckat_edt_bypass_low_internal_burnin_togcnt_cap_off,PASS,PASS
parcinf1_parcinf1_ub_i_ult_scan_ctlr_stuckat_edt_bypass_low_internal_scandump,PASS,PASS
parcgu_stuckat_edt_bypass_low_internal_scandump,PASS,PASS
parcinf0_stuckat_edt_bypass_low_internal_burnin_togcnt_cap_off,PASS,PASS
parcgu_stuckat_edt_bypass_low_internal_burnin_togcnt_cap_off,PASS,PASS
parcinf0_parcinf0_ub_i_ult_scan_ctlr_stuckat_edt_bypass_low_internal_scandump,PASS,PASS
parcd2dufich1w_parcd2dufich1w_ub_i_ult_scan_ctlr_stuckat_edt_bypass_low_internal_scandump,PASS,PASS
parcd2dufich1w_stuckat_edt_bypass_low_internal_burnin_togcnt_cap_off,PASS,PASS
parcd2dufich1e_stuckat_edt_bypass_low_internal_burnin_togcnt_cap_off,PASS,PASS
parcd2dufich0e_stuckat_edt_bypass_low_internal_burnin_togcnt_cap_off,PASS,PASS
paraccchassis_ijtag_basic_tap_tests_rw_access,PASS,PASS
paraccasf_ijtag_basic_tap_tests_rw_access,FAIL,Error between simulated and expected patterns
paraccotc_ijtag_basic_tap_tests_rw_access,PASS,PASS
paracchap_ijtag_basic_tap_tests_rw_access,PASS,PASS
paracciommu_ijtag_basic_tap_tests_rw_access,PASS,PASS
paraccitc_ijtag_basic_tap_tests_rw_access,PASS,PASS
paruboxspk_ijtag_basic_tap_tests_tlr_reset,PASS,PASS
parswinf2_ijtag_basic_tap_tests_tlr_reset,PASS,PASS
paruboxspk_ijtag_basic_tap_tests_reset,PASS,PASS
parcabinf23w_ijtag_basic_tap_tests_tlr_reset,PASS,PASS
parswinf2_ijtag_basic_tap_tests_reset,PASS,PASS
parcabinf23w_ijtag_basic_tap_tests_reset,PASS,PASS
parcabinf23e_ijtag_basic_tap_tests_tlr_reset,PASS,PASS
parcabinf23e_ijtag_basic_tap_tests_reset,PASS,PASS
parcabinf21w_ijtag_basic_tap_tests_tlr_reset,PASS,PASS
parcabinf21w_ijtag_basic_tap_tests_reset,PASS,PASS
parcabinffivr_ijtag_basic_tap_tests_tlr_reset,FAIL,Error between simulated and expected patterns
parcabinf21e_ijtag_basic_tap_tests_tlr_reset,PASS,PASS
parcabinffivr_ijtag_basic_tap_tests_reset,PASS,PASS
parcabinf11_ijtag_basic_tap_tests_reset,PASS,PASS
parcabcrs4x_ijtag_basic_tap_tests_continuity,PASS,PASS
parcabinf11_ijtag_basic_tap_tests_tlr_reset,PASS,PASS
parcabinf21e_ijtag_basic_tap_tests_reset,PASS,PASS
parcabhmab_ijtag_basic_tap_tests_continuity,PASS,PASS
parcabinf00_ijtag_basic_tap_tests_continuity,PASS,PASS
parcabhmaa_ijtag_basic_tap_tests_continuity,PASS,PASS
paraccotc_ijtag_basic_tap_tests_continuity,PASS,PASS
parcabcit_ijtag_basic_tap_tests_continuity,PASS,PASS
parcabinf01_ijtag_basic_tap_tests_continuity,PASS,PASS
paraccchassis_ijtag_basic_tap_tests_continuity,PASS,PASS
parpunit_ijtag_basic_tap_tests_tlr_reset,PASS,PASS
paracciommu_ijtag_basic_tap_tests_continuity,PASS,PASS
parcabinf10_ijtag_basic_tap_tests_tlr_reset,FAIL,Error between simulated and expected patterns
paracchap_ijtag_basic_tap_tests_continuity,PASS,PASS
parcabama_ijtag_basic_tap_tests_continuity,PASS,PASS
paraccitc_ijtag_basic_tap_tests_continuity,PASS,PASS
paruboxspk_ssn_continuity,PASS,PASS
paraccasf_ijtag_basic_tap_tests_continuity,FAIL,Error between simulated and expected patterns
paruboxspk_stuckat_edt_edt_low_internal_loopback,PASS,PASS
parscfmemch3n_ssn_continuity,PASS,PASS
parscfmemch3n_stuckat_edt_edt_low_internal_loopback,PASS,PASS
parscfmemch2s_ssn_continuity,PASS,PASS
parscfmemch2s_stuckat_edt_edt_low_internal_loopback,PASS,PASS
parmioinf3e_ssn_continuity,PASS,PASS
parmioinf3e_stuckat_edt_edt_low_internal_loopback,PASS,PASS
parcd2dufich0e_parcd2dufich0e_ub_i_ult_scan_ctlr_stuckat_edt_bypass_low_internal_scandump,PASS,PASS
parmioinf2w_ssn_continuity,PASS,PASS
parmioinf2w_stuckat_edt_edt_low_internal_loopback,PASS,PASS
parmioinf2e_stuckat_edt_edt_low_internal_loopback,PASS,PASS
parmioinf2e_ssn_continuity,PASS,PASS
parcd2dtq_stuckat_edt_bypass_low_internal_burnin_togcnt_cap_off,PASS,PASS
parcd2dtq_parcd2dtq_ub_i_ult_scan_ctlr_stuckat_edt_bypass_low_internal_scandump,PASS,PASS
parmioinf1w_ssn_continuity,PASS,PASS
parpunit_ijtag_basic_tap_tests_reset,PASS,PASS
parswinf0_ijtag_basic_tap_tests_reset,PASS,PASS
parseinf2_ijtag_basic_tap_tests_tlr_reset,PASS,PASS
parseinf2_ijtag_basic_tap_tests_reset,PASS,PASS
parsocrasip_ijtag_basic_tap_tests_tlr_reset,PASS,PASS
parsocrasip_ijtag_basic_tap_tests_reset,PASS,PASS
parscfubruiodatatype2_ijtag_basic_tap_tests_tlr_reset,PASS,PASS
parcabubrcab_stuckat_edt_bypass_low_internal_burnin_togcnt_cap_off,PASS,PASS
parcabubrcab_stuckat_edt_bypass_low_internal_scandump,PASS,PASS
parscfubruiodatatype2_ijtag_basic_tap_tests_reset,PASS,PASS
parcabpwbb_stuckat_edt_bypass_low_internal_scandump,PASS,PASS
parcabmisce_stuckat_edt_bypass_low_internal_burnin_togcnt_cap_off,PASS,PASS
parseinf1_ijtag_basic_tap_tests_tlr_reset,PASS,PASS
parcabmisce_stuckat_edt_bypass_low_internal_scandump,PASS,PASS
parseinf1_ijtag_basic_tap_tests_reset,PASS,PASS
parcabmiscw_stuckat_edt_bypass_low_internal_burnin_togcnt_cap_off,PASS,PASS
parscfubrsca_ijtag_basic_tap_tests_tlr_reset,PASS,PASS
parscfubrsca_ijtag_basic_tap_tests_reset,PASS,PASS
parscfubrd2d_ijtag_basic_tap_tests_tlr_reset,PASS,PASS
parscfscatopllcsf1_ijtag_basic_tap_tests_reset,FAIL,Error between simulated and expected patterns
parscfmeminffivr2w_ijtag_basic_tap_tests_reset,PASS,PASS
parscfmeminffivr2w_ijtag_basic_tap_tests_tlr_reset,PASS,PASS
parscfmeminffivr2e_ijtag_basic_tap_tests_tlr_reset,PASS,PASS
parscfmemch2s_ijtag_basic_tap_tests_reset,PASS,PASS
parscfmeminffivr2e_ijtag_basic_tap_tests_reset,PASS,PASS
parscfmemch2n_ijtag_basic_tap_tests_tlr_reset,PASS,PASS
parscfmemch2n_ijtag_basic_tap_tests_reset,PASS,PASS
parscfmeminf3w_ijtag_basic_tap_tests_tlr_reset,PASS,PASS
parscfmemch1s_ijtag_basic_tap_tests_reset,PASS,PASS
parscfmemch1s_ijtag_basic_tap_tests_tlr_reset,PASS,PASS
parscfmemch1n_ijtag_basic_tap_tests_tlr_reset,PASS,PASS
parscfmeminf3w_ijtag_basic_tap_tests_reset,PASS,PASS
parscfmemch1n_ijtag_basic_tap_tests_reset,PASS,PASS
parscfmemch0s_ijtag_basic_tap_tests_tlr_reset,PASS,PASS
parscfmeminf3e_ijtag_basic_tap_tests_tlr_reset,PASS,PASS
parscfmemch0s_ijtag_basic_tap_tests_reset,PASS,PASS
parscfmemch0n_ijtag_basic_tap_tests_tlr_reset,PASS,PASS
parscfmemch0n_ijtag_basic_tap_tests_reset,PASS,PASS
parscfioinf2e_ijtag_basic_tap_tests_tlr_reset,PASS,PASS
parscfioinf2e_ijtag_basic_tap_tests_reset,PASS,PASS
parscfioinf2w_ijtag_basic_tap_tests_tlr_reset,FAIL,Error between simulated and expected patterns
parcabinf23w_stuckat_edt_bypass_low_internal_scandump,PASS,PASS
parcabinf23w_stuckat_edt_bypass_low_internal_burnin_togcnt_cap_off,PASS,PASS
parscfioinf1w_ijtag_basic_tap_tests_tlr_reset,PASS,PASS
parcabinffivr_stuckat_edt_bypass_low_internal_burnin_togcnt_cap_off,PASS,PASS
parscfioinf2w_ijtag_basic_tap_tests_reset,PASS,PASS
parscfioinf1w_ijtag_basic_tap_tests_reset,PASS,PASS
parscfioinf0w_ijtag_basic_tap_tests_reset,PASS,PASS
parscfcrsuio_ijtag_basic_tap_tests_tlr_reset,PASS,PASS
parscfcrsuio_ijtag_basic_tap_tests_reset,PASS,PASS
parscfioinf0e_ijtag_basic_tap_tests_tlr_reset,PASS,PASS
parscfioinf0e_ijtag_basic_tap_tests_reset,PASS,PASS
parocs_ijtag_basic_tap_tests_tlr_reset,PASS,PASS
parocs_ijtag_basic_tap_tests_reset,PASS,PASS
parmioinf3w_ijtag_basic_tap_tests_tlr_reset,PASS,PASS
parmioinf3w_ijtag_basic_tap_tests_reset,PASS,PASS
parmioinf3e_ijtag_basic_tap_tests_tlr_reset,PASS,PASS
parmioinf3e_ijtag_basic_tap_tests_reset,PASS,PASS
parmioinf2w_ijtag_basic_tap_tests_tlr_reset,PASS,PASS
parmioinf2w_ijtag_basic_tap_tests_reset,PASS,PASS
parmioinf2e_ijtag_basic_tap_tests_tlr_reset,PASS,PASS
parmioinf1w_ijtag_basic_tap_tests_tlr_reset,PASS,PASS
parmioinf1w_ijtag_basic_tap_tests_reset,PASS,PASS
parmioinf1e_ijtag_basic_tap_tests_tlr_reset,PASS,PASS
parmioinf2e_ijtag_basic_tap_tests_reset,PASS,PASS
parmioinf0_ijtag_basic_tap_tests_tlr_reset,PASS,PASS
parmioinf1e_ijtag_basic_tap_tests_reset,PASS,PASS
parcabinf23e_stuckat_edt_bypass_low_internal_burnin_togcnt_cap_off,PASS,PASS
parcabinf23e_stuckat_edt_bypass_low_internal_scandump,PASS,PASS
parmioinf0_ijtag_basic_tap_tests_reset,PASS,PASS
parcabinf21w_stuckat_edt_bypass_low_internal_scandump,PASS,PASS
parcabinf21w_stuckat_edt_bypass_low_internal_burnin_togcnt_cap_off,PASS,PASS
parcabinf10_stuckat_edt_bypass_low_internal_scandump,PASS,PASS
parcabinf21e_stuckat_edt_bypass_low_internal_burnin_togcnt_cap_off,PASS,PASS
parcabinf10_stuckat_edt_bypass_low_internal_burnin_togcnt_cap_off,PASS,PASS
parcabinf21e_stuckat_edt_bypass_low_internal_scandump,PASS,PASS
parcabinf11_stuckat_edt_bypass_low_internal_scandump,PASS,PASS
parcabinf11_stuckat_edt_bypass_low_internal_burnin_togcnt_cap_off,PASS,PASS
parcabinf03_stuckat_edt_bypass_low_internal_scandump,PASS,PASS
parcabinf02_stuckat_edt_bypass_low_internal_scandump,PASS,PASS
parcabinf03_stuckat_edt_bypass_low_internal_burnin_togcnt_cap_off,PASS,PASS
parcabinf02_stuckat_edt_bypass_low_internal_burnin_togcnt_cap_off,PASS,PASS
parcabinf01_stuckat_edt_bypass_low_internal_burnin_togcnt_cap_off,PASS,PASS
parcabinf01_stuckat_edt_bypass_low_internal_scandump,PASS,PASS
parcabinf00_stuckat_edt_bypass_low_internal_scandump,PASS,PASS
parcabhmab_stuckat_edt_bypass_low_internal_burnin_togcnt_cap_off,PASS,PASS
parcabhmab_stuckat_edt_bypass_low_internal_scandump,PASS,PASS
parcabhmaa_stuckat_edt_bypass_low_internal_burnin_togcnt_cap_off,PASS,PASS
parcabcrs4x_stuckat_edt_bypass_low_internal_scandump,PASS,PASS
parcabhmaa_stuckat_edt_bypass_low_internal_scandump,PASS,PASS
parcabinf00_stuckat_edt_bypass_low_internal_burnin_togcnt_cap_off,PASS,PASS
parcabcrs4x_stuckat_edt_bypass_low_internal_burnin_togcnt_cap_off,PASS,PASS
parcabcit_stuckat_edt_bypass_low_internal_scandump,PASS,PASS
parcabcit_stuckat_edt_bypass_low_internal_burnin_togcnt_cap_off,PASS,PASS
parcabama_stuckat_edt_bypass_low_internal_scandump,PASS,PASS
parcabama_stuckat_edt_bypass_low_internal_burnin_togcnt_cap_off,PASS,PASS
paraccotc_stuckat_edt_bypass_low_internal_burnin_togcnt_cap_off,PASS,PASS
paraccotc_paraccotc_ub_i_ult_scan_ctlr_stuckat_edt_bypass_low_internal_scandump,PASS,PASS
paracciommu_stuckat_edt_bypass_low_internal_burnin_togcnt_cap_off,PASS,PASS
paracciommu_paracciommu_ub_i_ult_scan_ctlr_stuckat_edt_bypass_low_internal_scandump,PASS,PASS
paraccchassis_stuckat_edt_bypass_low_internal_burnin_togcnt_cap_off,PASS,PASS
paracchap_paracchap_ub_i_ult_scan_ctlr_stuckat_edt_bypass_low_internal_scandump,PASS,PASS
paraccchassis_paraccchassis_ub_i_ult_scan_ctlr_stuckat_edt_bypass_low_internal_scandump,PASS,PASS
paraccitc_stuckat_edt_bypass_low_internal_burnin_togcnt_cap_off,PASS,PASS
paracchap_stuckat_edt_bypass_low_internal_burnin_togcnt_cap_off,PASS,PASS
paraccasf_stuckat_edt_bypass_low_internal_burnin_togcnt_cap_off,PASS,PASS
paraccasf_paraccasf_ub_i_ult_scan_ctlr_stuckat_edt_bypass_low_internal_scandump,PASS,PASS
paraccitc_paraccitc_ub_i_ult_scan_ctlr_stuckat_edt_bypass_low_internal_scandump,PASS,PASS
parcabcit_ijtag_basic_tap_tests_reset,PASS,PASS
parcabcit_ijtag_basic_tap_tests_tlr_reset,PASS,PASS
paruboxspk_ijtag_basic_tap_tests_rw_access,PASS,PASS
parcabcrs4x_ijtag_basic_tap_tests_tlr_reset,PASS,PASS
parcabcrs4x_ijtag_basic_tap_tests_reset,PASS,PASS
parseinf2_ijtag_basic_tap_tests_rw_access,PASS,PASS
parswinf2_ijtag_basic_tap_tests_rw_access,PASS,PASS
parcabama_ijtag_basic_tap_tests_tlr_reset,PASS,PASS
parcabama_ijtag_basic_tap_tests_reset,PASS,PASS
parcabhmaa_ijtag_basic_tap_tests_tlr_reset,PASS,PASS
paraccotc_ijtag_basic_tap_tests_tlr_reset,FAIL,Error between simulated and expected patterns
parcabhmaa_ijtag_basic_tap_tests_reset,PASS,PASS
parscftqio_ijtag_basic_tap_tests_rw_access,PASS,PASS
parscfubruiodatatype1_ijtag_basic_tap_tests_rw_access,PASS,PASS
parswinf0_ijtag_basic_tap_tests_rw_access,PASS,PASS
parscfscatopllcsf1_ijtag_basic_tap_tests_rw_access,FAIL,Error between simulated and expected patterns
parscfubruioadaktype1_ijtag_basic_tap_tests_rw_access,PASS,PASS
parswinf1_ijtag_basic_tap_tests_rw_access,PASS,PASS
parscfubruioadaktype2_ijtag_basic_tap_tests_rw_access,PASS,PASS
parscfubruiodatatype2_ijtag_basic_tap_tests_rw_access,PASS,PASS
parsocrasip_ijtag_basic_tap_tests_rw_access,PASS,PASS
parseinf1_ijtag_basic_tap_tests_rw_access,PASS,PASS
parscfmeminffivr2e_ijtag_basic_tap_tests_rw_access,PASS,PASS
parscfubruioadaktype1_ijtag_basic_tap_tests_continuity,PASS,PASS
parscfmeminf2w_ijtag_basic_tap_tests_rw_access,PASS,PASS
parscfmeminffivr2w_ijtag_basic_tap_tests_rw_access,PASS,PASS
parscfmeminf3w_ijtag_basic_tap_tests_rw_access,PASS,PASS
parscfubruiodatatype2_ijtag_basic_tap_tests_continuity,PASS,PASS
parscfmeminf3e_ijtag_basic_tap_tests_rw_access,PASS,PASS
parscftqp2p_ijtag_basic_tap_tests_continuity,PASS,PASS
parscfubruioadaktype2_ijtag_basic_tap_tests_continuity,PASS,PASS
parscftqio_ijtag_basic_tap_tests_continuity,PASS,PASS
parscfubruiodatatype1_ijtag_basic_tap_tests_continuity,PASS,PASS
parscfubrsca_ijtag_basic_tap_tests_continuity,PASS,PASS
parscfmemch5_ijtag_basic_tap_tests_rw_access,PASS,PASS
parcubrmiochb_ijtag_basic_tap_tests_rw_access,PASS,PASS
parscfubrd2d_ijtag_basic_tap_tests_continuity,PASS,PASS
parscfmemch3s_ijtag_basic_tap_tests_rw_access,PASS,PASS
parscfmemch3n_ijtag_basic_tap_tests_rw_access,PASS,PASS
parscfmemch4_ijtag_basic_tap_tests_rw_access,PASS,PASS
pard2dch0_ijtag_basic_tap_tests_rw_access,PASS,PASS
parscfmemch2s_ijtag_basic_tap_tests_rw_access,PASS,PASS
parscfscatopllcsf1_ijtag_basic_tap_tests_continuity,FAIL,Error between simulated and expected patterns
parscfmeminf0e_ijtag_basic_tap_tests_rw_access,PASS,PASS
parscfmeminffivr2w_ijtag_basic_tap_tests_continuity,PASS,PASS
parseinf1_ijtag_basic_tap_tests_continuity,PASS,PASS
parcinf7e_ijtag_basic_tap_tests_rw_access,PASS,PASS
parcinf7w_ijtag_basic_tap_tests_rw_access,PASS,PASS
parpsf2_ijtag_basic_tap_tests_continuity,PASS,PASS
pargpiod2d_ijtag_basic_tap_tests_continuity,PASS,PASS
parpsf0npktam_ijtag_basic_tap_tests_continuity,PASS,PASS
pargpio1p8_ijtag_basic_tap_tests_continuity,PASS,PASS
parfws_ijtag_basic_tap_tests_continuity,PASS,PASS
parscfmeminf3w_ssn_continuity,PASS,PASS
parscfmeminf3e_ssn_continuity,PASS,PASS
parscfmeminf3w_stuckat_edt_edt_low_internal_loopback,PASS,PASS
parpunit_ijtag_basic_tap_tests_continuity,PASS,PASS
parscfmeminf3e_stuckat_edt_edt_low_internal_loopback,PASS,PASS
parcabmisce_ijtag_basic_tap_tests_rw_access,PASS,PASS
parpsf2_ssn_continuity,PASS,PASS
parpsf2_stuckat_edt_edt_low_internal_loopback,PASS,PASS
parcabpwba_ijtag_basic_tap_tests_rw_access,PASS,PASS
parpunit_stuckat_edt_edt_low_internal_loopback,PASS,PASS
parcabpwbb_ijtag_basic_tap_tests_rw_access,PASS,PASS
parcabinf23w_ijtag_basic_tap_tests_rw_access,PASS,PASS
parcabinf23e_ijtag_basic_tap_tests_rw_access,PASS,PASS
parcabmiscw_ijtag_basic_tap_tests_rw_access,PASS,PASS
parcabinf11_ijtag_basic_tap_tests_rw_access,PASS,PASS
parcabinf21e_ijtag_basic_tap_tests_rw_access,PASS,PASS
parcabinf21w_ijtag_basic_tap_tests_rw_access,PASS,PASS
parcinf1_ijtag_basic_tap_tests_continuity,PASS,PASS
parcabinf03_ijtag_basic_tap_tests_rw_access,PASS,PASS
parcd2dufich1w_ijtag_basic_tap_tests_continuity,PASS,PASS
parcd2dtq_ijtag_basic_tap_tests_continuity,PASS,PASS
parcd2dufich1e_ijtag_basic_tap_tests_continuity,PASS,PASS
parcgu_ijtag_basic_tap_tests_continuity,PASS,PASS
parcabinf02_ijtag_basic_tap_tests_rw_access,PASS,PASS
parcabpwba_ijtag_basic_tap_tests_continuity,PASS,PASS
parcabubrcab_ijtag_basic_tap_tests_continuity,PASS,PASS
parcinf2_ijtag_basic_tap_tests_continuity,PASS,PASS
parcinf3_ijtag_basic_tap_tests_continuity,PASS,PASS
parcabinf10_ijtag_basic_tap_tests_rw_access,PASS,PASS
parcinf0_ijtag_basic_tap_tests_continuity,PASS,PASS
parcabmisce_ijtag_basic_tap_tests_continuity,PASS,PASS
parcabpwbb_ijtag_basic_tap_tests_continuity,PASS,PASS
parcabinf01_ijtag_basic_tap_tests_rw_access,PASS,PASS
parcabmiscw_ijtag_basic_tap_tests_continuity,PASS,PASS
parcabinf23w_ijtag_basic_tap_tests_continuity,PASS,PASS
parcabinf23e_ijtag_basic_tap_tests_continuity,PASS,PASS
parcabinf00_ijtag_basic_tap_tests_rw_access,PASS,PASS
parcabinf21e_ijtag_basic_tap_tests_continuity,PASS,PASS
parcabinf21w_ijtag_basic_tap_tests_continuity,PASS,PASS
parcabinf11_ijtag_basic_tap_tests_continuity,PASS,PASS
parswinf2_stuckat_edt_edt_low_internal_loopback,PASS,PASS
parswinf2_ssn_continuity,PASS,PASS
parcabinf03_ijtag_basic_tap_tests_continuity,PASS,PASS
parcabinf02_ijtag_basic_tap_tests_continuity,PASS,PASS
parcabinffivr_ijtag_basic_tap_tests_rw_access,PASS,PASS
parcabhmaa_ijtag_basic_tap_tests_rw_access,PASS,PASS
parcabcit_ijtag_basic_tap_tests_rw_access,PASS,PASS
parscfubruiodatatype1_ijtag_basic_tap_tests_reset,PASS,PASS
parcabinf10_ijtag_basic_tap_tests_continuity,PASS,PASS
parcabcrs4x_ijtag_basic_tap_tests_rw_access,PASS,PASS
parcabama_ijtag_basic_tap_tests_rw_access,PASS,PASS
parcabhmab_ijtag_basic_tap_tests_rw_access,PASS,PASS
parswinf1_ijtag_basic_tap_tests_reset,PASS,PASS
parscfubruiodatatype1_ijtag_basic_tap_tests_tlr_reset,FAIL,Error between simulated and expected patterns
parswinf1_ijtag_basic_tap_tests_tlr_reset,PASS,PASS
parswinf0_ijtag_basic_tap_tests_tlr_reset,FAIL,Error between simulated and expected patterns
parscfubruioadaktype2_ijtag_basic_tap_tests_tlr_reset,PASS,PASS
parscfubruioadaktype2_ijtag_basic_tap_tests_reset,PASS,PASS
parsocmiofivrmisc_e_ssn_continuity,PASS,PASS
parsocmiofivrmisc_e_stuckat_edt_edt_low_internal_loopback,PASS,PASS
parscfubruioadaktype1_ijtag_basic_tap_tests_tlr_reset,PASS,PASS
parsocmiofivrmisc_stuckat_edt_edt_low_internal_loopback,PASS,PASS
parscfhsf_ssn_continuity,PASS,PASS
parsocmiofivrmisc_ssn_continuity,PASS,PASS
parscfhsf_stuckat_edt_edt_low_internal_loopback,PASS,PASS
parscfcrsuio_ssn_continuity,PASS,PASS
parscfcrsp2p_ssn_continuity,PASS,PASS
parscfcrsuio_stuckat_edt_edt_low_internal_loopback,PASS,PASS
parscfioinf1e_ijtag_basic_tap_tests_tlr_reset,PASS,PASS
parscfioinf0w_ijtag_basic_tap_tests_tlr_reset,PASS,PASS
parscfioinf1e_ijtag_basic_tap_tests_reset,PASS,PASS
pargpios5_ijtag_basic_tap_tests_tlr_reset,FAIL,Error between simulated and expected patterns
parscfubruioadaktype1_ijtag_basic_tap_tests_reset,PASS,PASS
pargpios5_ijtag_basic_tap_tests_reset,FAIL,Error between simulated and expected patterns
parscfmeminffivr2w_stuckat_edt_edt_low_internal_loopback,PASS,PASS
parscfubruiodatatype2_ssn_continuity,PASS,PASS
parseinf1_stuckat_edt_edt_low_internal_loopback,FAIL,"ERROR:  Clock period error detected, simulation aborted."
parscfubruiodatatype2_stuckat_edt_edt_low_internal_loopback,PASS,PASS
pargpios0_ijtag_basic_tap_tests_tlr_reset,PASS,PASS
pargpios0_ijtag_basic_tap_tests_reset,PASS,PASS
pargpiod2d_ijtag_basic_tap_tests_reset,PASS,PASS
pargpio1p8_ijtag_basic_tap_tests_tlr_reset,PASS,PASS
parscfubruiodatatype1_ssn_continuity,PASS,PASS
pargpiod2d_ijtag_basic_tap_tests_tlr_reset,PASS,PASS
parscfmeminffivr2w_ssn_continuity,PASS,PASS
parscfubruiodatatype1_stuckat_edt_edt_low_internal_loopback,PASS,PASS
pargpio1p8_ijtag_basic_tap_tests_reset,PASS,PASS
pardfd_ijtag_basic_tap_tests_reset,PASS,PASS
parfws_ijtag_basic_tap_tests_reset,PASS,PASS
parfws_ijtag_basic_tap_tests_tlr_reset,PASS,PASS
pardfd_ijtag_basic_tap_tests_tlr_reset,PASS,PASS
pard2dch1_ijtag_basic_tap_tests_reset,PASS,PASS
pard2dch0_ijtag_basic_tap_tests_tlr_reset,PASS,PASS
pard2dch0_ijtag_basic_tap_tests_reset,PASS,PASS
pard2dinf2w_ijtag_basic_tap_tests_tlr_reset,PASS,PASS
pard2dinf2e_ijtag_basic_tap_tests_tlr_reset,PASS,PASS
pard2dinf2w_ijtag_basic_tap_tests_reset,PASS,PASS
pard2dinf2e_ijtag_basic_tap_tests_reset,PASS,PASS
pard2dinf0e_ijtag_basic_tap_tests_reset,PASS,PASS
pard2dinf0w_ijtag_basic_tap_tests_tlr_reset,PASS,PASS
pard2dinf1e_ijtag_basic_tap_tests_tlr_reset,FAIL,Error between simulated and expected patterns
pard2dinf0e_ijtag_basic_tap_tests_tlr_reset,PASS,PASS
parcabpwba_ijtag_basic_tap_tests_reset,PASS,PASS
parcabmisce_ijtag_basic_tap_tests_tlr_reset,PASS,PASS
pard2dinf0w_ijtag_basic_tap_tests_reset,PASS,PASS
parscfmeminf0w_ssn_continuity,PASS,PASS
parcabmiscw_ijtag_basic_tap_tests_reset,PASS,PASS
pard2dinf1e_ijtag_basic_tap_tests_reset,FAIL,Error between simulated and expected patterns
parcabmiscw_ijtag_basic_tap_tests_tlr_reset,PASS,PASS
parscfmeminf2e_stuckat_edt_edt_low_internal_loopback,PASS,PASS
parscfmeminf0w_stuckat_edt_edt_low_internal_loopback,PASS,PASS
parscfmeminf0e_ssn_continuity,PASS,PASS
parscfmeminf0e_stuckat_edt_edt_low_internal_loopback,PASS,PASS
parscfmemch5_ssn_continuity,PASS,PASS
parscfmemch5_stuckat_edt_edt_low_internal_loopback,PASS,PASS
parscfmemch4_ssn_continuity,PASS,PASS
parscfmemch4_stuckat_edt_edt_low_internal_loopback,PASS,PASS
parscfmemch3s_ssn_continuity,PASS,PASS
parscfmemch3s_stuckat_edt_edt_low_internal_loopback,PASS,PASS
parscfmemch2n_ssn_continuity,PASS,PASS
parscfmemch2n_stuckat_edt_edt_low_internal_loopback,PASS,PASS
parscfmemch1s_ssn_continuity,PASS,PASS
parscfmemch1s_stuckat_edt_edt_low_internal_loopback,PASS,PASS
parcabmisce_ijtag_basic_tap_tests_reset,PASS,PASS
parcabinf02_ijtag_basic_tap_tests_tlr_reset,PASS,PASS
parcabinf03_ijtag_basic_tap_tests_reset,PASS,PASS
parcabinf00_ijtag_basic_tap_tests_tlr_reset,PASS,PASS
parcabinf03_ijtag_basic_tap_tests_tlr_reset,PASS,PASS
parcabinf02_ijtag_basic_tap_tests_reset,PASS,PASS
parcabinf01_ijtag_basic_tap_tests_tlr_reset,PASS,PASS
parcabinf00_ijtag_basic_tap_tests_reset,PASS,PASS
parcabinf10_ijtag_basic_tap_tests_reset,PASS,PASS
parcabinf01_ijtag_basic_tap_tests_reset,PASS,PASS
paraccotc_ijtag_basic_tap_tests_reset,PASS,PASS
paracciommu_ijtag_basic_tap_tests_tlr_reset,PASS,PASS
paracciommu_ijtag_basic_tap_tests_reset,PASS,PASS
paracchap_ijtag_basic_tap_tests_tlr_reset,PASS,PASS
paraccchassis_ijtag_basic_tap_tests_reset,PASS,PASS
paraccchassis_ijtag_basic_tap_tests_tlr_reset,PASS,PASS
paracchap_ijtag_basic_tap_tests_reset,PASS,PASS
paraccasf_ijtag_basic_tap_tests_reset,FAIL,Error between simulated and expected patterns
paraccasf_ijtag_basic_tap_tests_tlr_reset,FAIL,Error between simulated and expected patterns
parcabhmab_ijtag_basic_tap_tests_tlr_reset,PASS,PASS
paruboxspk_ijtag_basic_tap_tests_continuity,PASS,PASS
parcabhmab_ijtag_basic_tap_tests_reset,PASS,PASS
paraccitc_ijtag_basic_tap_tests_reset,PASS,PASS
parswinf2_ijtag_basic_tap_tests_continuity,PASS,PASS
paraccitc_ijtag_basic_tap_tests_tlr_reset,PASS,PASS
parsocrasip_ijtag_basic_tap_tests_continuity,PASS,PASS
parseinf2_ijtag_basic_tap_tests_continuity,PASS,PASS
parswinf0_ijtag_basic_tap_tests_continuity,PASS,PASS
parscfcms2xcrs2x_ssn_continuity,PASS,PASS
parswinf1_ijtag_basic_tap_tests_continuity,PASS,PASS
parscfcms2xcrs2x_stuckat_edt_edt_low_internal_loopback,PASS,PASS
parscfmeminffivr2e_ijtag_basic_tap_tests_continuity,PASS,PASS
parscfcamisc_stuckat_edt_edt_low_internal_loopback,PASS,PASS
parscfmeminf2w_ijtag_basic_tap_tests_continuity,PASS,PASS
parscfmeminf2e_ijtag_basic_tap_tests_continuity,PASS,PASS
parscfmeminf0w_ijtag_basic_tap_tests_continuity,PASS,PASS
parscfmeminf3w_ijtag_basic_tap_tests_continuity,PASS,PASS
parscfmeminf3e_ijtag_basic_tap_tests_continuity,PASS,PASS
parrclk_ssn_continuity,PASS,PASS
parrclk_stuckat_edt_edt_low_internal_loopback,FAIL,"ERROR:  Clock period error detected, simulation aborted."
parscfmemch4_ijtag_basic_tap_tests_continuity,PASS,PASS
pars3m_stuckat_edt_edt_low_internal_loopback,PASS,PASS
parscfmemch5_ijtag_basic_tap_tests_continuity,PASS,PASS
pars3m_ssn_continuity,PASS,PASS
parscfmeminf0e_ijtag_basic_tap_tests_continuity,PASS,PASS
parrclk_ijtag_basic_tap_tests_continuity,PASS,PASS
pardfd_ijtag_basic_tap_tests_continuity,PASS,PASS
pard2dinf2w_ijtag_basic_tap_tests_continuity,PASS,PASS
pard2dch0_ijtag_basic_tap_tests_continuity,PASS,PASS
parcubrmiochb_ijtag_basic_tap_tests_continuity,PASS,PASS
parcubrmiocha_ijtag_basic_tap_tests_continuity,PASS,PASS
pard2dch1_ijtag_basic_tap_tests_continuity,PASS,PASS
parcinf5w_ijtag_basic_tap_tests_continuity,PASS,PASS
parcinf5e_ijtag_basic_tap_tests_continuity,PASS,PASS
pard2dinf1e_ijtag_basic_tap_tests_continuity,FAIL,Error between simulated and expected patterns
pard2dinf0w_ijtag_basic_tap_tests_continuity,PASS,PASS
pard2dinf0e_ijtag_basic_tap_tests_continuity,PASS,PASS
parcinf7w_ijtag_basic_tap_tests_continuity,PASS,PASS
parcinf7e_ijtag_basic_tap_tests_continuity,PASS,PASS
pard2dinf2e_ijtag_basic_tap_tests_continuity,PASS,PASS
parswinf1_ssn_continuity,PASS,PASS
parswinf1_stuckat_edt_edt_low_internal_loopback,PASS,PASS
parsocrasip_ssn_continuity,PASS,PASS
parsocrasip_stuckat_edt_edt_low_internal_loopback,PASS,PASS
parswinf0_ssn_continuity,PASS,PASS
parhwrsfuse_ijtag_basic_tap_tests_reset,FAIL,"Fail, RequiredText not found"
parswinf0_stuckat_edt_edt_low_internal_loopback,FAIL,"ERROR:  Clock period error detected, simulation aborted."
parhwrsfuse_ijtag_basic_tap_tests_tlr_reset,FAIL,"Fail, RequiredText not found"
parseinf2_stuckat_edt_edt_low_internal_loopback,PASS,PASS
parseinf2_ssn_continuity,PASS,PASS
parhwrsfuse_ssn_continuity,PASS,PASS
paridfttop_ssn_continuity,FAIL,Error between simulated and expected patterns
parhwrsfuse_stuckat_edt_edt_low_internal_loopback,PASS,PASS
paridfttop_stuckat_edt_edt_low_internal_loopback,FAIL,"ERROR:  Clock period error detected, simulation aborted."
pargpios0_ssn_continuity,PASS,PASS
pargpios0_stuckat_edt_edt_low_internal_loopback,PASS,PASS
parcabinffivr_ijtag_basic_tap_tests_continuity,PASS,PASS
parscfmeminffivr2e_ssn_continuity,PASS,PASS
parseinf1_ssn_continuity,PASS,PASS
parscfmeminffivr2e_stuckat_edt_edt_low_internal_loopback,PASS,PASS
parscfmeminffivr1w_ssn_continuity,PASS,PASS
parscfmeminffivr1w_stuckat_edt_edt_low_internal_loopback,PASS,PASS
parscfmeminffivr1e_ssn_continuity,PASS,PASS
parscfmeminffivr1e_stuckat_edt_edt_low_internal_loopback,PASS,PASS
parscfmeminffivr0w_ssn_continuity,PASS,PASS
parscfmeminffivr0w_stuckat_edt_edt_low_internal_loopback,PASS,PASS
parscfmeminffivr0e_ssn_continuity,PASS,PASS
parscfmeminffivr0e_stuckat_edt_edt_low_internal_loopback,PASS,PASS
parscfmeminf2w_ssn_continuity,PASS,PASS
parscfmeminf2w_stuckat_edt_edt_low_internal_loopback,PASS,PASS
parscfmemch1n_ssn_continuity,PASS,PASS
parscfmemch1n_stuckat_edt_edt_low_internal_loopback,PASS,PASS
parscfmeminf2e_ssn_continuity,PASS,PASS
pard2dinf0w_ssn_continuity,PASS,PASS
pard2dinf0w_stuckat_edt_edt_low_internal_loopback,PASS,PASS
pard2dch1_ssn_continuity,PASS,PASS
pard2dch1_stuckat_edt_edt_low_internal_loopback,PASS,PASS
pard2dinf0e_stuckat_edt_edt_low_internal_loopback,PASS,PASS
pard2dch0_ssn_continuity,PASS,PASS
pard2dinf0e_ssn_continuity,PASS,PASS
parscfmemch0s_ssn_continuity,PASS,PASS
parscfmemch0s_stuckat_edt_edt_low_internal_loopback,PASS,PASS
parscfmemch0n_ssn_continuity,PASS,PASS
parscfmemch0n_stuckat_edt_edt_low_internal_loopback,PASS,PASS
parscfioinf2w_ssn_continuity,PASS,PASS
parscfioinf2w_stuckat_edt_edt_low_internal_loopback,PASS,PASS
parscfioinf2e_ssn_continuity,PASS,PASS
parscfioinf1e_ssn_continuity,PASS,PASS
parscfioinf1e_stuckat_edt_edt_low_internal_loopback,PASS,PASS
parcinffivre_ssn_continuity,PASS,PASS
parcinffivre_stuckat_edt_edt_low_internal_loopback,PASS,PASS
parcinf7w_ssn_continuity,PASS,PASS
parcabinf21e_ssn_continuity,PASS,PASS
parcabinf21e_stuckat_edt_edt_low_internal_loopback,PASS,PASS
parcabinf11_ssn_continuity,PASS,PASS
parcabinf11_stuckat_edt_edt_low_internal_loopback,PASS,PASS
parcabinf10_ssn_continuity,PASS,PASS
parcabinf10_stuckat_edt_edt_low_internal_loopback,PASS,PASS
parcabinf01_ssn_continuity,PASS,PASS
parcabinf03_ssn_continuity,PASS,PASS
parscfcrsp2p_stuckat_edt_edt_low_internal_loopback,PASS,PASS
parcabinf02_stuckat_edt_edt_low_internal_loopback,PASS,PASS
parcabinf03_stuckat_edt_edt_low_internal_loopback,PASS,PASS
parscfioinf0w_ssn_continuity,PASS,PASS
parcabinf01_stuckat_edt_edt_low_internal_loopback,PASS,PASS
parcabinf00_ssn_continuity,PASS,PASS
parcabinf00_stuckat_edt_edt_low_internal_loopback,PASS,PASS
parscfcamisc_ssn_continuity,PASS,PASS
parpsf0npktam_ssn_continuity,PASS,PASS
parpsf0npktam_stuckat_edt_edt_low_internal_loopback,PASS,PASS
parpunit_ssn_continuity,PASS,PASS
parcinf3_ssn_continuity,PASS,PASS
parcinf3_stuckat_edt_edt_low_internal_loopback,PASS,PASS
parscftqp2p_stuckat_edt_bypass_low_internal_serial_chain,PASS,PASS
parscftqio_stuckat_edt_edt_low_internal_serial_scan,PASS,PASS
paracchap_ssn_continuity,PASS,PASS
parcinf2_stuckat_edt_edt_low_internal_loopback,PASS,PASS
parcinf2_ssn_continuity,PASS,PASS
parscftqp2p_stuckat_edt_bypass_low_internal_serial_scan,PASS,PASS
parscftqio_stuckat_edt_bypass_low_internal_serial_scan,PASS,PASS
parscftqio_stuckat_edt_edt_low_internal_serial_chain,PASS,PASS
parscftqp2p_atspeed_edt_edt_low_internal_serial_scan,PASS,PASS
paraccitc_ssn_continuity,PASS,PASS
paracciommu_ssn_continuity,PASS,PASS
paracciommu_stuckat_edt_edt_low_internal_loopback,PASS,PASS
paraccitc_stuckat_edt_edt_low_internal_loopback,PASS,PASS
parscfmemch5_stuckat_edt_bypass_low_internal_serial_chain,PASS,PASS
parscfmemch5_stuckat_edt_bypass_low_internal_serial_scan,PASS,PASS
parscfmemch5_stuckat_edt_edt_low_internal_serial_chain,PASS,PASS
parscfmemch4_stuckat_edt_bypass_low_internal_serial_scan,PASS,PASS
parscfmemch5_atspeed_edt_edt_low_internal_serial_scan,PASS,PASS
parscfmemch4_stuckat_edt_edt_low_internal_serial_chain,PASS,PASS
parscfmemch4_atspeed_edt_edt_low_internal_serial_scan,PASS,PASS
parscfmemch4_stuckat_edt_edt_low_internal_serial_scan,PASS,PASS
parscfmemch4_stuckat_edt_bypass_low_internal_serial_chain,PASS,PASS
parpciegen4top_ssn_continuity,PASS,PASS
parpciegen4top_stuckat_edt_edt_low_internal_loopback,PASS,PASS
paroobmsmram_ssn_continuity,PASS,PASS
parcinf0_ssn_continuity,PASS,PASS
parcinf0_stuckat_edt_edt_low_internal_loopback,PASS,PASS
parcgu_ssn_continuity,PASS,PASS
parcgu_stuckat_edt_edt_low_internal_loopback,PASS,PASS
parcd2dufich1w_ssn_continuity,PASS,PASS
parcd2dufich1w_stuckat_edt_edt_low_internal_loopback,PASS,PASS
parcd2dufich0e_ssn_continuity,PASS,PASS
paroobmsmram_stuckat_edt_edt_low_internal_loopback,PASS,PASS
parcd2dtq_stuckat_edt_edt_low_internal_loopback,PASS,PASS
paroobip_ssn_continuity,PASS,PASS
parcd2dtq_ssn_continuity,PASS,PASS
parcd2dufich0e_stuckat_edt_edt_low_internal_loopback,PASS,PASS
parcachnl_stuckat_edt_edt_low_internal_loopback,PASS,PASS
parcabubrcab_ssn_continuity,PASS,PASS
parcabubrcab_stuckat_edt_edt_low_internal_loopback,PASS,PASS
parocs_ssn_continuity,PASS,PASS
parocs_stuckat_edt_edt_low_internal_loopback,PASS,PASS
paroobip_stuckat_edt_edt_low_internal_loopback,PASS,PASS
parmioinf3w_ssn_continuity,PASS,PASS
parmioinf3w_stuckat_edt_edt_low_internal_loopback,PASS,PASS
parmioinf1w_stuckat_edt_edt_low_internal_loopback,PASS,PASS
parmioinf1e_ssn_continuity,PASS,PASS
parcabmisce_ssn_continuity,PASS,PASS
parmioinf1e_stuckat_edt_edt_low_internal_loopback,PASS,PASS
parcabmisce_stuckat_edt_edt_low_internal_loopback,PASS,PASS
parcabinffivr_ssn_continuity,PASS,PASS
parcabinffivr_stuckat_edt_edt_low_internal_loopback,PASS,PASS
parcabinf23w_ssn_continuity,PASS,PASS
parcabinf23w_stuckat_edt_edt_low_internal_loopback,PASS,PASS
parscfubruiodatatype2_stuckat_edt_bypass_low_internal_serial_chain,PASS,PASS
parscfubruiodatatype2_atspeed_edt_edt_low_internal_serial_scan,PASS,PASS
parscfubruiodatatype1_stuckat_edt_edt_low_internal_serial_scan,PASS,PASS
parscfubruiodatatype1_stuckat_edt_edt_low_internal_serial_chain,PASS,PASS
parscfubruiodatatype1_stuckat_edt_bypass_low_internal_serial_scan,PASS,PASS
parscfubruiodatatype1_stuckat_edt_bypass_low_internal_serial_chain,PASS,PASS
parscfubruiodatatype1_atspeed_edt_edt_low_internal_serial_scan,PASS,PASS
parscfubruioadaktype2_stuckat_edt_edt_low_internal_serial_scan,PASS,PASS
parscfubruioadaktype2_stuckat_edt_edt_low_internal_serial_chain,PASS,PASS
parscfubruioadaktype2_stuckat_edt_bypass_low_internal_serial_scan,PASS,PASS
parscfubruioadaktype2_atspeed_edt_edt_low_internal_serial_scan,PASS,PASS
parscfubruioadaktype2_stuckat_edt_bypass_low_internal_serial_chain,PASS,PASS
parscfubruioadaktype1_stuckat_edt_edt_low_internal_serial_scan,PASS,PASS
parscfubruioadaktype1_stuckat_edt_edt_low_internal_serial_chain,PASS,PASS
parscfubruioadaktype1_stuckat_edt_bypass_low_internal_serial_chain,PASS,PASS
parscfubruioadaktype1_stuckat_edt_bypass_low_internal_serial_scan,PASS,PASS
parscfubruioadaktype1_atspeed_edt_edt_low_internal_serial_scan,PASS,PASS
parscfubrsca_stuckat_edt_edt_low_internal_serial_scan,PASS,PASS
parscfubrsca_stuckat_edt_edt_low_internal_serial_chain,PASS,PASS
parscfubrsca_stuckat_edt_bypass_low_internal_serial_scan,PASS,PASS
parscfubrsca_stuckat_edt_bypass_low_internal_serial_chain,PASS,PASS
parscfubrsca_atspeed_edt_edt_low_internal_serial_scan,PASS,PASS
parscfmeminf0e_stuckat_edt_edt_low_internal_serial_scan,PASS,PASS
parscfmeminf0e_stuckat_edt_edt_low_internal_serial_chain,PASS,PASS
parscfmeminf0e_stuckat_edt_bypass_low_internal_serial_scan,PASS,PASS
parscfmeminf0e_stuckat_edt_bypass_low_internal_serial_chain,PASS,PASS
parscfmeminf0e_atspeed_edt_edt_low_internal_serial_scan,PASS,PASS
parscfcrsp2p_stuckat_edt_bypass_low_internal_serial_scan,PASS,PASS
parscfcrsp2p_stuckat_edt_bypass_low_internal_serial_chain,PASS,PASS
parscfcrsp2p_atspeed_edt_edt_low_internal_serial_scan,PASS,PASS
parscfcrsmem_stuckat_edt_edt_low_internal_serial_scan,PASS,PASS
parscfcrsmem_stuckat_edt_edt_low_internal_serial_chain,PASS,PASS
parscfcrsmem_stuckat_edt_bypass_low_internal_serial_scan,PASS,PASS
parscfcrsmem_atspeed_edt_edt_low_internal_serial_scan,FAIL,Error between simulated and expected patterns
parscfcrsmem_stuckat_edt_bypass_low_internal_serial_chain,PASS,PASS
parmioinf1e_stuckat_edt_edt_low_internal_serial_scan,PASS,PASS
parmioinf1e_stuckat_edt_edt_low_internal_serial_chain,PASS,PASS
parmioinf1e_atspeed_edt_edt_low_internal_serial_scan,PASS,PASS
parmioinf1e_stuckat_edt_bypass_low_internal_serial_scan,PASS,PASS
parmioinf1e_stuckat_edt_bypass_low_internal_serial_chain,PASS,PASS
parmioinf0_stuckat_edt_edt_low_internal_serial_scan,PASS,PASS
parmioinf0_stuckat_edt_edt_low_internal_serial_chain,PASS,PASS
parmioinf0_stuckat_edt_bypass_low_internal_serial_scan,PASS,PASS
parmioinf0_stuckat_edt_bypass_low_internal_serial_chain,PASS,PASS
parmioinf0_atspeed_edt_edt_low_internal_serial_scan,PASS,PASS
parcinf5w_stuckat_edt_edt_low_internal_serial_chain,PASS,PASS
parcinf5w_stuckat_edt_bypass_low_internal_serial_scan,PASS,PASS
parcinf7e_stuckat_edt_bypass_low_internal_serial_scan,PASS,PASS
parcinf7e_stuckat_edt_bypass_low_internal_serial_chain,PASS,PASS
parcinf7e_atspeed_edt_edt_low_internal_serial_scan,PASS,PASS
parcinf7e_stuckat_edt_edt_low_internal_serial_chain,PASS,PASS
parcinf7w_atspeed_edt_edt_low_internal_serial_scan,PASS,PASS
parcinf5w_stuckat_edt_edt_low_internal_serial_scan,PASS,PASS
parcinf7e_stuckat_edt_edt_low_internal_serial_scan,PASS,PASS
parcd2dtq_atspeed_edt_edt_low_internal_serial_scan,PASS,PASS
parcd2dtq_stuckat_edt_bypass_low_internal_serial_chain,PASS,PASS
parcachnl_stuckat_edt_edt_low_internal_serial_scan,PASS,PASS
parcachnl_stuckat_edt_edt_low_internal_serial_chain,PASS,PASS
parcd2dufich0e_stuckat_edt_edt_low_internal_serial_scan,PASS,PASS
parcd2dufich0e_stuckat_edt_edt_low_internal_serial_chain,PASS,PASS
parcd2dufich1w_stuckat_edt_edt_low_internal_serial_scan,PASS,PASS
parcd2dufich1w_stuckat_edt_edt_low_internal_serial_chain,PASS,PASS
parcd2dufich1e_atspeed_edt_edt_low_internal_serial_scan,PASS,PASS
parcd2dufich1e_stuckat_edt_bypass_low_internal_serial_chain,PASS,PASS
parcd2dufich1w_atspeed_edt_edt_low_internal_serial_scan,PASS,PASS
parcd2dufich1w_stuckat_edt_bypass_low_internal_serial_scan,PASS,PASS
parcgu_stuckat_edt_edt_low_internal_serial_scan,PASS,PASS
parcachnl_stuckat_edt_bypass_low_internal_serial_chain,PASS,PASS
parcd2dufich1w_stuckat_edt_bypass_low_internal_serial_chain,PASS,PASS
parcachnl_atspeed_edt_edt_low_internal_serial_scan,PASS,PASS
pargpio1p8_ssn_continuity,PASS,PASS
parcd2dufich1e_stuckat_edt_bypass_low_internal_serial_scan,PASS,PASS
parcd2dufich1e_stuckat_edt_edt_low_internal_serial_chain,PASS,PASS
parcd2dufich1e_stuckat_edt_edt_low_internal_serial_scan,PASS,PASS
parcachnl_stuckat_edt_bypass_low_internal_serial_scan,PASS,PASS
parcd2dufich0e_atspeed_edt_edt_low_internal_serial_scan,PASS,PASS
parcd2dufich0e_stuckat_edt_bypass_low_internal_serial_scan,PASS,PASS
parcd2dtq_stuckat_edt_edt_low_internal_serial_chain,PASS,PASS
parcd2dtq_stuckat_edt_bypass_low_internal_serial_scan,PASS,PASS
parcd2dtq_stuckat_edt_edt_low_internal_serial_scan,PASS,PASS
parcd2dufich0e_stuckat_edt_bypass_low_internal_serial_chain,PASS,PASS
parcinf5e_stuckat_edt_bypass_low_internal_serial_scan,PASS,PASS
parcinf5e_stuckat_edt_bypass_low_internal_serial_chain,PASS,PASS
parcgu_atspeed_edt_edt_low_internal_serial_scan,PASS,PASS
parcgu_stuckat_edt_bypass_low_internal_serial_chain,PASS,PASS
parcinf5e_stuckat_edt_edt_low_internal_serial_scan,PASS,PASS
parcgu_stuckat_edt_bypass_low_internal_serial_scan,PASS,PASS
parcinf1_stuckat_edt_bypass_low_internal_serial_scan,PASS,PASS
parcinf5e_atspeed_edt_edt_low_internal_serial_scan,PASS,PASS
parcgu_stuckat_edt_edt_low_internal_serial_chain,PASS,PASS
parcinf5w_atspeed_edt_edt_low_internal_serial_scan,PASS,PASS
parcabpwbb_stuckat_edt_edt_low_internal_serial_scan,PASS,PASS
parcinf5e_stuckat_edt_edt_low_internal_serial_chain,PASS,PASS
pargpios5_stuckat_edt_bypass_low_internal_serial_chain,PASS,PASS
pargpios5_atspeed_edt_edt_low_internal_serial_scan,PASS,PASS
parcinf5w_stuckat_edt_bypass_low_internal_serial_chain,PASS,PASS
parcinf1_stuckat_edt_bypass_low_internal_serial_chain,PASS,PASS
parcinf1_atspeed_edt_edt_low_internal_serial_scan,PASS,PASS
parcabubrcab_stuckat_edt_edt_low_internal_serial_scan,PASS,PASS
pargpios5_stuckat_edt_edt_low_internal_serial_chain,PASS,PASS
pargpios5_stuckat_edt_edt_low_internal_serial_scan,PASS,PASS
pargpios5_stuckat_edt_bypass_low_internal_serial_scan,PASS,PASS
parcinf0_stuckat_edt_edt_low_internal_serial_scan,PASS,PASS
parcinf0_atspeed_edt_edt_low_internal_serial_scan,PASS,PASS
parcabpwba_stuckat_edt_bypass_low_internal_serial_scan,PASS,PASS
parcabpwbb_stuckat_edt_bypass_low_internal_serial_scan,PASS,PASS
parcinf0_stuckat_edt_bypass_low_internal_serial_chain,PASS,PASS
parhwrsfuse_stuckat_edt_bypass_low_internal_serial_scan,PASS,PASS
pargpio1p8_stuckat_edt_edt_low_internal_loopback,PASS,PASS
pargpiod2d_ssn_continuity,PASS,PASS
pargpiod2d_stuckat_edt_edt_low_internal_loopback,PASS,PASS
pargpios0_stuckat_edt_edt_low_internal_serial_scan,PASS,PASS
parcinf7w_stuckat_edt_bypass_low_internal_serial_chain,PASS,PASS
parcinf7w_stuckat_edt_bypass_low_internal_serial_scan,PASS,PASS
parcinf7w_stuckat_edt_edt_low_internal_serial_chain,PASS,PASS
parcabpwbb_stuckat_edt_bypass_low_internal_serial_chain,PASS,PASS
parcabpwbb_atspeed_edt_edt_low_internal_serial_scan,PASS,PASS
parcabubrcab_stuckat_edt_bypass_low_internal_serial_chain,PASS,PASS
parcabpwba_stuckat_edt_bypass_low_internal_serial_chain,PASS,PASS
parcabpwba_stuckat_edt_edt_low_internal_serial_scan,PASS,PASS
parcabpwba_atspeed_edt_edt_low_internal_serial_scan,PASS,PASS
parhwrsfuse_stuckat_edt_edt_low_internal_serial_chain,PASS,PASS
parcinf4_stuckat_edt_bypass_low_internal_serial_scan,PASS,PASS
parcinf4_stuckat_edt_bypass_low_internal_serial_chain,PASS,PASS
parcinf0_stuckat_edt_bypass_low_internal_serial_scan,PASS,PASS
parcabpwba_stuckat_edt_edt_low_internal_serial_chain,PASS,PASS
parcinf0_stuckat_edt_edt_low_internal_serial_chain,PASS,PASS
parcinf1_stuckat_edt_edt_low_internal_serial_chain,PASS,PASS
parcinf2_atspeed_edt_edt_low_internal_serial_scan,PASS,PASS
parcinf3_stuckat_edt_edt_low_internal_serial_scan,PASS,PASS
parhwrsfuse_stuckat_edt_bypass_low_internal_serial_chain,PASS,PASS
parcabubrcab_stuckat_edt_bypass_low_internal_serial_scan,PASS,PASS
parcinf2_stuckat_edt_bypass_low_internal_serial_scan,PASS,PASS
parcabubrcab_stuckat_edt_edt_low_internal_serial_chain,PASS,PASS
parcabmiscw_stuckat_edt_bypass_low_internal_serial_scan,PASS,PASS
parcinf3_atspeed_edt_edt_low_internal_serial_scan,PASS,PASS
parcabmisce_stuckat_edt_edt_low_internal_serial_scan,PASS,PASS
parcinf2_stuckat_edt_edt_low_internal_serial_chain,PASS,PASS
parcinf2_stuckat_edt_edt_low_internal_serial_scan,PASS,PASS
pargpios5_stuckat_edt_edt_low_internal_loopback,PASS,PASS
pargpios5_ssn_continuity,PASS,PASS
parcinf1_stuckat_edt_edt_low_internal_serial_scan,PASS,PASS
parcabubrcab_atspeed_edt_edt_low_internal_serial_scan,PASS,PASS
parcinf3_stuckat_edt_edt_low_internal_serial_chain,PASS,PASS
parcinf3_stuckat_edt_bypass_low_internal_serial_scan,PASS,PASS
parcabpwbb_stuckat_edt_edt_low_internal_serial_chain,PASS,PASS
parcinf3_stuckat_edt_bypass_low_internal_serial_chain,PASS,PASS
parhwrsfuse_atspeed_edt_edt_low_internal_serial_scan,PASS,PASS
paridfttop_stuckat_edt_edt_low_internal_serial_scan,PASS,PASS
parcinf4_stuckat_edt_edt_low_internal_serial_chain,PASS,PASS
parcinf4_stuckat_edt_edt_low_internal_serial_scan,PASS,PASS
parcinf4_atspeed_edt_edt_low_internal_serial_scan,PASS,PASS
parcinf2_stuckat_edt_bypass_low_internal_serial_chain,PASS,PASS
parfws_ssn_continuity,PASS,PASS
pard2dch0_stuckat_edt_edt_low_internal_loopback,PASS,PASS
parcinf7w_stuckat_edt_edt_low_internal_serial_scan,PASS,PASS
pargpios0_stuckat_edt_edt_low_internal_serial_chain,PASS,PASS
paridfttop_atspeed_edt_edt_low_internal_serial_scan,PASS,PASS
parcabmiscw_stuckat_edt_edt_low_internal_serial_chain,PASS,PASS
pard2dinf2w_ssn_continuity,PASS,PASS
parcubrmiocha_stuckat_edt_edt_low_internal_loopback,PASS,PASS
paridfttop_stuckat_edt_bypass_low_internal_serial_scan,PASS,PASS
parmioinf0_ssn_continuity,PASS,PASS
parmioinf0_stuckat_edt_edt_low_internal_loopback,PASS,PASS
parfws_stuckat_edt_edt_low_internal_loopback,PASS,PASS
paridfttop_stuckat_edt_bypass_low_internal_serial_chain,PASS,PASS
parcabmiscw_stuckat_edt_edt_low_internal_serial_scan,PASS,PASS
parcinf5w_stuckat_edt_edt_low_internal_loopback,PASS,PASS
parcubrmiocha_ssn_continuity,PASS,PASS
parhwrsfuse_stuckat_edt_edt_low_internal_serial_scan,PASS,PASS
paridfttop_stuckat_edt_edt_low_internal_serial_chain,PASS,PASS
pardfd_ssn_continuity,PASS,PASS
pardfd_stuckat_edt_edt_low_internal_loopback,PASS,PASS
pard2dinf2w_stuckat_edt_edt_low_internal_loopback,PASS,PASS
pard2dinf1e_stuckat_edt_edt_low_internal_loopback,PASS,PASS
parcabmiscw_stuckat_edt_bypass_low_internal_serial_chain,PASS,PASS
parcabmiscw_atspeed_edt_edt_low_internal_serial_scan,PASS,PASS
pard2dinf1e_ssn_continuity,PASS,PASS
parcinffivrw_ssn_continuity,PASS,PASS
parcinf7e_ssn_continuity,PASS,PASS
parcinf7e_stuckat_edt_edt_low_internal_loopback,PASS,PASS
parcabpwbb_ssn_continuity,PASS,PASS
parcubrmiochb_ssn_continuity,PASS,PASS
parcinf5w_ssn_continuity,PASS,PASS
parcubrmiochb_stuckat_edt_edt_low_internal_loopback,PASS,PASS
pard2dinf1w_stuckat_edt_edt_low_internal_loopback,PASS,PASS
parcd2dufich1e_stuckat_edt_edt_low_internal_loopback,PASS,PASS
pard2dinf2e_stuckat_edt_edt_low_internal_loopback,PASS,PASS
parcabpwba_ssn_continuity,PASS,PASS
parcd2dufich1e_ssn_continuity,PASS,PASS
parcinf5e_stuckat_edt_edt_low_internal_loopback,PASS,PASS
parcabpwbb_stuckat_edt_edt_low_internal_loopback,PASS,PASS
parcinf5e_ssn_continuity,PASS,PASS
parcinf1_ssn_continuity,PASS,PASS
pard2dinf2e_ssn_continuity,PASS,PASS
parcabhmab_ssn_continuity,PASS,PASS
parcabhmab_stuckat_edt_edt_low_internal_loopback,PASS,PASS
parcabhmaa_stuckat_edt_edt_low_internal_loopback,PASS,PASS
parcinf1_stuckat_edt_edt_low_internal_loopback,PASS,PASS
pard2dinf1w_ssn_continuity,PASS,PASS
parcabinf23e_ssn_continuity,PASS,PASS
parcabinf23e_stuckat_edt_edt_low_internal_loopback,PASS,PASS
parcinf4_stuckat_edt_edt_low_internal_loopback,PASS,PASS
parcabpwba_stuckat_edt_edt_low_internal_loopback,PASS,PASS
parcabmiscw_ssn_continuity,PASS,PASS
parcinf4_ssn_continuity,PASS,PASS
paruboxspk_stuckat_edt_bypass_low_internal_serial_scan,PASS,PASS
parcinf7w_stuckat_edt_edt_low_internal_loopback,PASS,PASS
parcabmiscw_stuckat_edt_edt_low_internal_loopback,PASS,PASS
parcinffivrw_stuckat_edt_edt_low_internal_loopback,PASS,PASS
parcabcit_ssn_continuity,PASS,PASS
parcabcit_stuckat_edt_edt_low_internal_loopback,PASS,PASS
parcabinf21w_stuckat_edt_edt_low_internal_loopback,PASS,PASS
parcabcrs4x_stuckat_edt_edt_low_internal_loopback,PASS,PASS
paraccchassis_stuckat_edt_edt_low_internal_loopback,PASS,PASS
paruboxspk_atspeed_edt_edt_low_internal_serial_scan,PASS,PASS
parcabhmaa_ssn_continuity,PASS,PASS
parswinf2_atspeed_edt_edt_low_internal_serial_scan,PASS,PASS
parcabcrs4x_ssn_continuity,PASS,PASS
parswinf2_stuckat_edt_edt_low_internal_serial_scan,PASS,PASS
paraccchassis_ssn_continuity,PASS,PASS
parsocrasip_stuckat_edt_bypass_low_internal_serial_scan,PASS,PASS
parswinf0_stuckat_edt_bypass_low_internal_serial_scan,PASS,PASS
paruboxspk_stuckat_edt_edt_low_internal_serial_scan,PASS,PASS
parswinf0_stuckat_edt_bypass_low_internal_serial_chain,PASS,PASS
paraccasf_ssn_continuity,PASS,PASS
paraccasf_stuckat_edt_edt_low_internal_loopback,PASS,PASS
parcabinf21w_ssn_continuity,PASS,PASS
paraccotc_ssn_continuity,PASS,PASS
paraccotc_stuckat_edt_edt_low_internal_loopback,PASS,PASS
parswinf0_atspeed_edt_edt_low_internal_serial_scan,FAIL,Error between simulated and expected patterns
paracchap_stuckat_edt_edt_low_internal_loopback,PASS,PASS
parswinf0_stuckat_edt_edt_low_internal_serial_chain,PASS,PASS
parswinf0_stuckat_edt_edt_low_internal_serial_scan,PASS,PASS
parcabama_ssn_continuity,PASS,PASS
parcabama_stuckat_edt_edt_low_internal_loopback,PASS,PASS
parsocrasip_stuckat_edt_edt_low_internal_serial_chain,PASS,PASS
parsocrasip_stuckat_edt_bypass_low_internal_serial_chain,PASS,PASS
parsocrasip_atspeed_edt_edt_low_internal_serial_scan,PASS,PASS
parsocmiofivrmisc_e_stuckat_edt_edt_low_internal_serial_scan,PASS,PASS
parswinf2_stuckat_edt_edt_low_internal_serial_chain,PASS,PASS
parswinf2_stuckat_edt_bypass_low_internal_serial_scan,PASS,PASS
parsocmiofivrmisc_atspeed_edt_edt_low_internal_serial_scan,PASS,PASS
parsocrasip_stuckat_edt_edt_low_internal_serial_scan,PASS,PASS
parswinf2_stuckat_edt_bypass_low_internal_serial_chain,PASS,PASS
parscftqp2p_stuckat_edt_edt_low_internal_serial_chain,PASS,PASS
parscfsasfrx2x_stuckat_edt_edt_low_internal_serial_scan,PASS,PASS
parscftqp2p_stuckat_edt_edt_low_internal_serial_scan,PASS,PASS
paruboxspk_stuckat_edt_edt_low_internal_serial_chain,PASS,PASS
parscfsasfrx2x_stuckat_edt_bypass_low_internal_serial_scan,PASS,PASS
paruboxspk_stuckat_edt_bypass_low_internal_serial_chain,PASS,PASS
parsocmiofivrmisc_e_stuckat_edt_edt_low_internal_serial_chain,PASS,PASS
parsocmiofivrmisc_e_stuckat_edt_bypass_low_internal_serial_chain,PASS,PASS
parswinf1_stuckat_edt_edt_low_internal_serial_chain,PASS,PASS
parswinf1_stuckat_edt_bypass_low_internal_serial_scan,PASS,PASS
parsocmiofivrmisc_stuckat_edt_bypass_low_internal_serial_chain,PASS,PASS
parsocmiofivrmisc_stuckat_edt_edt_low_internal_serial_chain,PASS,PASS
parsocmiofivrmisc_e_stuckat_edt_bypass_low_internal_serial_scan,PASS,PASS
parscfscatopllcsf1_stuckat_edt_bypass_low_internal_serial_scan,PASS,PASS
parseinf2_stuckat_edt_bypass_low_internal_serial_scan,PASS,PASS
parscfscatopllcsf0_stuckat_edt_bypass_low_internal_serial_chain,PASS,PASS
parswinf1_atspeed_edt_edt_low_internal_serial_scan,PASS,PASS
parswinf1_stuckat_edt_bypass_low_internal_serial_chain,PASS,PASS
parsocmiofivrmisc_stuckat_edt_bypass_low_internal_serial_scan,PASS,PASS
parscftqio_atspeed_edt_edt_low_internal_serial_scan,PASS,PASS
parscftqio_stuckat_edt_bypass_low_internal_serial_chain,PASS,PASS
parscfscatopllcsf1_stuckat_edt_edt_low_internal_serial_chain,PASS,PASS
parscfscatopllcsf0_stuckat_edt_edt_low_internal_serial_chain,PASS,PASS
parseinf2_stuckat_edt_edt_low_internal_serial_scan,PASS,PASS
parscfscatopllcsf1_atspeed_edt_edt_low_internal_serial_scan,PASS,PASS
parscfubruiodatatype2_stuckat_edt_edt_low_internal_serial_chain,PASS,PASS
parscfscatopllcsf1_stuckat_edt_edt_low_internal_serial_scan,PASS,PASS
parscfmemmisc_stuckat_edt_bypass_low_internal_serial_chain,PASS,PASS
parseinf2_stuckat_edt_edt_low_internal_serial_chain,PASS,PASS
parsocmiofivrmisc_e_atspeed_edt_edt_low_internal_serial_scan,PASS,PASS
parswinf1_stuckat_edt_edt_low_internal_serial_scan,PASS,PASS
parscfsasfrx2x_stuckat_edt_edt_low_internal_serial_chain,PASS,PASS
parscfmemmisc_stuckat_edt_edt_low_internal_serial_chain,PASS,PASS
parscfmemmisc_stuckat_edt_bypass_low_internal_serial_scan,PASS,PASS
parscfubrd2d_stuckat_edt_edt_low_internal_serial_chain,PASS,PASS
parseinf2_atspeed_edt_edt_low_internal_serial_scan,PASS,PASS
parseinf2_stuckat_edt_bypass_low_internal_serial_chain,PASS,PASS
parscfsasfrx2x_stuckat_edt_bypass_low_internal_serial_chain,PASS,PASS
parscfscatopllcsf0_stuckat_edt_bypass_low_internal_serial_scan,PASS,PASS
parscfmemmisc_stuckat_edt_edt_low_internal_serial_scan,PASS,PASS
parscfscatopllcsf0_stuckat_edt_edt_low_internal_serial_scan,PASS,PASS
parscfubruiodatatype2_stuckat_edt_edt_low_internal_serial_scan,PASS,PASS
parscfmemmisc_atspeed_edt_edt_low_internal_serial_scan,PASS,PASS
parscfsasfrx2x_atspeed_edt_edt_low_internal_serial_scan,FAIL,Error between simulated and expected patterns
parscfscatopllcsf0_atspeed_edt_edt_low_internal_serial_scan,PASS,PASS
parscfmemch3n_stuckat_edt_bypass_low_internal_serial_chain,PASS,PASS
parscfmeminffivr0w_stuckat_edt_edt_low_internal_serial_scan,PASS,PASS
parscfmeminffivr0w_stuckat_edt_edt_low_internal_serial_chain,PASS,PASS
parscfmemch2s_stuckat_edt_edt_low_internal_serial_scan,PASS,PASS
parscfscatopllcsf1_stuckat_edt_bypass_low_internal_serial_chain,PASS,PASS
parscfubruiodatatype2_stuckat_edt_bypass_low_internal_serial_scan,PASS,PASS
parscfmemch3s_stuckat_edt_edt_low_internal_serial_chain,PASS,PASS
parscfmemch3s_stuckat_edt_bypass_low_internal_serial_scan,PASS,PASS
parscfmeminffivr2w_stuckat_edt_edt_low_internal_serial_scan,PASS,PASS
parscfmeminffivr2e_stuckat_edt_edt_low_internal_serial_chain,PASS,PASS
parscfmeminffivr0e_stuckat_edt_edt_low_internal_serial_scan,PASS,PASS
parscfmemch3n_stuckat_edt_edt_low_internal_serial_chain,PASS,PASS
parscfmeminffivr2w_atspeed_edt_edt_low_internal_serial_scan,PASS,PASS
parscfmemch3s_stuckat_edt_bypass_low_internal_serial_chain,PASS,PASS
parscfmemch2s_stuckat_edt_bypass_low_internal_serial_chain,PASS,PASS
parscfmemch2s_stuckat_edt_edt_low_internal_serial_chain,PASS,PASS
parscfmemch2s_stuckat_edt_bypass_low_internal_serial_scan,PASS,PASS
parscfmemch1s_stuckat_edt_edt_low_internal_serial_chain,PASS,PASS
parscfmeminffivr2e_stuckat_edt_edt_low_internal_serial_scan,PASS,PASS
parscfmemch5_stuckat_edt_edt_low_internal_serial_scan,PASS,PASS
parscfmemch3s_stuckat_edt_edt_low_internal_serial_scan,PASS,PASS
parscfmeminffivr0e_stuckat_edt_edt_low_internal_serial_chain,PASS,PASS
parscfmeminf2e_stuckat_edt_edt_low_internal_serial_scan,PASS,PASS
parscfmemch1s_stuckat_edt_edt_low_internal_serial_scan,PASS,PASS
parscfubrd2d_atspeed_edt_edt_low_internal_serial_scan,PASS,PASS
parscfmeminffivr1w_stuckat_edt_bypass_low_internal_serial_scan,PASS,PASS
parscfubrd2d_stuckat_edt_edt_low_internal_serial_scan,PASS,PASS
parscfmeminffivr2w_stuckat_edt_bypass_low_internal_serial_chain,PASS,PASS
parscfmemch0s_stuckat_edt_edt_low_internal_serial_scan,PASS,PASS
parscfmemch0s_atspeed_edt_edt_low_internal_serial_scan,PASS,PASS
parscfmemch1n_atspeed_edt_edt_low_internal_serial_scan,PASS,PASS
parscfmeminffivr1e_atspeed_edt_edt_low_internal_serial_scan,PASS,PASS
parscfmeminffivr1w_stuckat_edt_edt_low_internal_serial_chain,PASS,PASS
parscfmemch3n_stuckat_edt_bypass_low_internal_serial_scan,PASS,PASS
parscfmemch3n_atspeed_edt_edt_low_internal_serial_scan,PASS,PASS
parscfubrd2d_stuckat_edt_bypass_low_internal_serial_chain,PASS,PASS
parscfmeminf2e_stuckat_edt_bypass_low_internal_serial_chain,PASS,PASS
parscfmeminffivr2e_stuckat_edt_bypass_low_internal_serial_scan,PASS,PASS
parscfmeminffivr0w_stuckat_edt_bypass_low_internal_serial_chain,PASS,PASS
parscfubrd2d_stuckat_edt_bypass_low_internal_serial_scan,PASS,PASS
parscfmeminf3w_stuckat_edt_edt_low_internal_serial_scan,PASS,PASS
parscfmeminffivr1e_stuckat_edt_bypass_low_internal_serial_chain,PASS,PASS
parscfmeminf2e_stuckat_edt_bypass_low_internal_serial_scan,PASS,PASS
parscfmeminffivr0e_stuckat_edt_bypass_low_internal_serial_scan,PASS,PASS
parscfmeminffivr0e_stuckat_edt_bypass_low_internal_serial_chain,PASS,PASS
parscfmeminf3w_atspeed_edt_edt_low_internal_serial_scan,PASS,PASS
parseinf1_stuckat_edt_edt_low_internal_serial_chain,PASS,PASS
parscfmeminf3w_stuckat_edt_edt_low_internal_serial_chain,PASS,PASS
parscfmemch1s_atspeed_edt_edt_low_internal_serial_scan,PASS,PASS
parscfmemch2n_stuckat_edt_bypass_low_internal_serial_chain,PASS,PASS
parscfmeminf3w_stuckat_edt_bypass_low_internal_serial_chain,PASS,PASS
parscfmeminffivr0w_stuckat_edt_bypass_low_internal_serial_scan,PASS,PASS
parscfmemch0n_stuckat_edt_bypass_low_internal_serial_chain,PASS,PASS
parscfmeminffivr2w_stuckat_edt_edt_low_internal_serial_chain,PASS,PASS
parscfmeminffivr2w_stuckat_edt_bypass_low_internal_serial_scan,PASS,PASS
parscfmeminffivr2e_stuckat_edt_bypass_low_internal_serial_chain,PASS,PASS
parscfmeminffivr1e_stuckat_edt_bypass_low_internal_serial_scan,PASS,PASS
parscfmemch1s_stuckat_edt_bypass_low_internal_serial_scan,PASS,PASS
parscfmemch1n_stuckat_edt_edt_low_internal_serial_scan,PASS,PASS
parscfmemch2n_atspeed_edt_edt_low_internal_serial_scan,PASS,PASS
parscfmeminffivr1e_stuckat_edt_edt_low_internal_serial_chain,PASS,PASS
parscfmemch0n_stuckat_edt_edt_low_internal_serial_scan,PASS,PASS
parscfmemch3n_stuckat_edt_edt_low_internal_serial_scan,PASS,PASS
parscfmemch2s_atspeed_edt_edt_low_internal_serial_scan,PASS,PASS
parscfmeminffivr2e_atspeed_edt_edt_low_internal_serial_scan,PASS,PASS
parscfioinf2e_stuckat_edt_edt_low_internal_serial_scan,PASS,PASS
parscfmemch0n_atspeed_edt_edt_low_internal_serial_scan,PASS,PASS
parscfmemch2n_stuckat_edt_bypass_low_internal_serial_scan,PASS,PASS
parscfmemch3s_atspeed_edt_edt_low_internal_serial_scan,PASS,PASS
parscfmemch2n_stuckat_edt_edt_low_internal_serial_chain,PASS,PASS
parscfmemch0n_stuckat_edt_edt_low_internal_serial_chain,PASS,PASS
parscfmeminffivr1w_stuckat_edt_edt_low_internal_serial_scan,PASS,PASS
parscfmemch1s_stuckat_edt_bypass_low_internal_serial_chain,PASS,PASS
parscfmeminffivr1w_atspeed_edt_edt_low_internal_serial_scan,PASS,PASS
parscfmeminf3w_stuckat_edt_bypass_low_internal_serial_scan,PASS,PASS
parscfmeminf2e_atspeed_edt_edt_low_internal_serial_scan,PASS,PASS
parscfmemch2n_stuckat_edt_edt_low_internal_serial_scan,PASS,PASS
parscfioinf2w_stuckat_edt_bypass_low_internal_serial_chain,PASS,PASS
parscfioinf1w_stuckat_edt_edt_low_internal_serial_scan,PASS,PASS
parscfioinf1w_stuckat_edt_bypass_low_internal_serial_scan,PASS,PASS
parseinf1_stuckat_edt_bypass_low_internal_serial_scan,PASS,PASS
parscfmemch0s_stuckat_edt_edt_low_internal_serial_chain,PASS,PASS
parscfmeminffivr0w_atspeed_edt_edt_low_internal_serial_scan,PASS,PASS
parscfmeminf3e_stuckat_edt_edt_low_internal_serial_scan,PASS,PASS
parscfmeminf3e_stuckat_edt_bypass_low_internal_serial_chain,PASS,PASS
parscfmeminf3e_stuckat_edt_edt_low_internal_serial_chain,PASS,PASS
parscfioinf2e_atspeed_edt_edt_low_internal_serial_scan,PASS,PASS
parscfmeminf3e_stuckat_edt_bypass_low_internal_serial_scan,PASS,PASS
parscfmeminf0w_stuckat_edt_bypass_low_internal_serial_scan,PASS,PASS
parscfioinf1w_stuckat_edt_edt_low_internal_serial_chain,PASS,PASS
parscfmemch0s_stuckat_edt_bypass_low_internal_serial_chain,PASS,PASS
parscfmeminffivr1e_stuckat_edt_edt_low_internal_serial_scan,PASS,PASS
parscfmeminf0w_stuckat_edt_bypass_low_internal_serial_chain,PASS,PASS
parscfmeminffivr0e_atspeed_edt_edt_low_internal_serial_scan,PASS,PASS
parscfmemch0s_stuckat_edt_bypass_low_internal_serial_scan,PASS,PASS
parscfmeminf0w_stuckat_edt_edt_low_internal_serial_chain,PASS,PASS
parscfmemch1n_stuckat_edt_bypass_low_internal_serial_scan,PASS,PASS
parscfmemch1n_stuckat_edt_bypass_low_internal_serial_chain,PASS,PASS
parscfmemch1n_stuckat_edt_edt_low_internal_serial_chain,PASS,PASS
parscfmemch0n_stuckat_edt_bypass_low_internal_serial_scan,PASS,PASS
parscfmeminf2w_stuckat_edt_edt_low_internal_serial_scan,PASS,PASS
parscfmeminf2w_stuckat_edt_bypass_low_internal_serial_chain,PASS,PASS
parscfmeminf3e_atspeed_edt_edt_low_internal_serial_scan,PASS,PASS
parscfmeminf2e_stuckat_edt_edt_low_internal_serial_chain,PASS,PASS
parscfmeminf2w_atspeed_edt_edt_low_internal_serial_scan,PASS,PASS
parscfmeminf2w_stuckat_edt_bypass_low_internal_serial_scan,PASS,PASS
parscfmeminf0w_atspeed_edt_edt_low_internal_serial_scan,PASS,PASS
parscfioinf2w_atspeed_edt_edt_low_internal_serial_scan,PASS,PASS
parscfmeminf0w_stuckat_edt_edt_low_internal_serial_scan,PASS,PASS
parscfmeminffivr1w_stuckat_edt_bypass_low_internal_serial_chain,PASS,PASS
parscfioinf2e_stuckat_edt_bypass_low_internal_serial_scan,PASS,PASS
parscfioinf2w_stuckat_edt_edt_low_internal_serial_scan,PASS,PASS
parscfhsf_atspeed_edt_edt_low_internal_serial_scan,PASS,PASS
parscfioinf2e_stuckat_edt_bypass_low_internal_serial_chain,PASS,PASS
parscfmeminf2w_stuckat_edt_edt_low_internal_serial_chain,PASS,PASS
parscfioinf1w_stuckat_edt_bypass_low_internal_serial_chain,PASS,PASS
parscfioinf1w_atspeed_edt_edt_low_internal_serial_scan,PASS,PASS
parseinf1_atspeed_edt_edt_low_internal_serial_scan,PASS,PASS
parscfcamisc_stuckat_edt_edt_low_internal_serial_scan,PASS,PASS
parscfcmsdummy_stuckat_edt_bypass_low_internal_serial_chain,PASS,PASS
parscfcamisc_stuckat_edt_edt_low_internal_serial_chain,PASS,PASS
parscfhsf_stuckat_edt_edt_low_internal_serial_chain,PASS,PASS
parscfhsf_stuckat_edt_edt_low_internal_serial_scan,PASS,PASS
parscfioinf2e_stuckat_edt_edt_low_internal_serial_chain,PASS,PASS
parscfcmsdummy_atspeed_edt_edt_low_internal_serial_scan,FAIL,Error between simulated and expected patterns
parscfcrsuio_stuckat_edt_bypass_low_internal_serial_scan,PASS,PASS
parscfhsf_stuckat_edt_bypass_low_internal_serial_chain,PASS,PASS
parscfhsf_stuckat_edt_bypass_low_internal_serial_scan,PASS,PASS
parscfcms2xcrs2x_stuckat_edt_edt_low_internal_serial_scan,PASS,PASS
parscfcrsp2p_stuckat_edt_edt_low_internal_serial_chain,PASS,PASS
parscfcrsp2p_stuckat_edt_edt_low_internal_serial_scan,PASS,PASS
parscfcmsdummy_stuckat_edt_bypass_low_internal_serial_scan,PASS,PASS
parscfcmsdummy_stuckat_edt_edt_low_internal_serial_chain,PASS,PASS
parscfioinf1e_atspeed_edt_edt_low_internal_serial_scan,PASS,PASS
parscfioinf1e_stuckat_edt_bypass_low_internal_serial_scan,PASS,PASS
parscfioinf1e_stuckat_edt_bypass_low_internal_serial_chain,PASS,PASS
parscfioinf0w_stuckat_edt_edt_low_internal_serial_chain,PASS,PASS
parscfioinf0w_stuckat_edt_bypass_low_internal_serial_chain,PASS,PASS
parscfioinf0w_stuckat_edt_bypass_low_internal_serial_scan,PASS,PASS
parscfioinf0e_stuckat_edt_bypass_low_internal_serial_scan,PASS,PASS
parscfioinf0w_atspeed_edt_edt_low_internal_serial_scan,PASS,PASS
parseinf1_stuckat_edt_bypass_low_internal_serial_chain,PASS,PASS
parscfioinf0e_atspeed_edt_edt_low_internal_serial_scan,PASS,PASS
parscfioinf2w_stuckat_edt_edt_low_internal_serial_chain,PASS,PASS
parscfcrsuio_stuckat_edt_edt_low_internal_serial_scan,PASS,PASS
parscfioinf2w_stuckat_edt_bypass_low_internal_serial_scan,PASS,PASS
parscfcms2xcrs2x_stuckat_edt_bypass_low_internal_serial_scan,PASS,PASS
parscfcamisc_stuckat_edt_bypass_low_internal_serial_chain,PASS,PASS
parscfcamisc_stuckat_edt_bypass_low_internal_serial_scan,PASS,PASS
parscfcrsuio_atspeed_edt_edt_low_internal_serial_scan,PASS,PASS
parscfcms2xcrs2x_stuckat_edt_bypass_low_internal_serial_chain,PASS,PASS
parscfcms2xcrs2x_atspeed_edt_edt_low_internal_serial_scan,PASS,PASS
parscfcrsuio_stuckat_edt_edt_low_internal_serial_chain,PASS,PASS
parscfcrsuio_stuckat_edt_bypass_low_internal_serial_chain,PASS,PASS
parscfcmsdummy_stuckat_edt_edt_low_internal_serial_scan,PASS,PASS
parscfcms2xcrs2x_stuckat_edt_edt_low_internal_serial_chain,PASS,PASS
parscfioinf1e_stuckat_edt_edt_low_internal_serial_scan,PASS,PASS
parscfioinf1e_stuckat_edt_edt_low_internal_serial_chain,PASS,PASS
parscfcamisc_atspeed_edt_edt_low_internal_serial_scan,PASS,PASS
parscfioinf0w_stuckat_edt_edt_low_internal_serial_scan,PASS,PASS
parocs_stuckat_edt_edt_low_internal_serial_chain,PASS,PASS
parscfioinf0e_stuckat_edt_edt_low_internal_serial_chain,PASS,PASS
parscfioinf0e_stuckat_edt_edt_low_internal_serial_scan,PASS,PASS
parscfioinf0e_stuckat_edt_bypass_low_internal_serial_chain,PASS,PASS
parrclk_stuckat_edt_edt_low_internal_serial_chain,PASS,PASS
parrclk_stuckat_edt_bypass_low_internal_serial_scan,PASS,PASS
parocs_atspeed_edt_edt_low_internal_serial_scan,PASS,PASS
parrclk_atspeed_edt_edt_low_internal_serial_scan,PASS,PASS
pargpio1p8_stuckat_edt_edt_low_internal_serial_scan,PASS,PASS
pargpio1p8_atspeed_edt_edt_low_internal_serial_scan,PASS,PASS
pargpio1p8_stuckat_edt_bypass_low_internal_serial_chain,PASS,PASS
parpsf2_stuckat_edt_edt_low_internal_serial_scan,PASS,PASS
parpsf2_stuckat_edt_bypass_low_internal_serial_chain,PASS,PASS
parpsf2_atspeed_edt_edt_low_internal_serial_scan,PASS,PASS
parpsf2_stuckat_edt_bypass_low_internal_serial_scan,PASS,PASS
parocs_stuckat_edt_edt_low_internal_serial_scan,PASS,PASS
parocs_stuckat_edt_bypass_low_internal_serial_scan,PASS,PASS
parfws_atspeed_edt_edt_low_internal_serial_scan,PASS,PASS
parfws_stuckat_edt_bypass_low_internal_serial_scan,PASS,PASS
parmioinf2w_stuckat_edt_bypass_low_internal_serial_chain,PASS,PASS
parpsf2_stuckat_edt_edt_low_internal_serial_chain,PASS,PASS
pardfd_stuckat_edt_edt_low_internal_serial_scan,PASS,PASS
pars3m_stuckat_edt_edt_low_internal_serial_scan,PASS,PASS
parocs_stuckat_edt_bypass_low_internal_serial_chain,PASS,PASS
parmioinf2w_stuckat_edt_bypass_low_internal_serial_scan,PASS,PASS
parpsf0npktam_stuckat_edt_edt_low_internal_serial_scan,PASS,PASS
parpsf0npktam_stuckat_edt_bypass_low_internal_serial_chain,PASS,PASS
pardfd_stuckat_edt_edt_low_internal_serial_chain,PASS,PASS
parpsf0npktam_stuckat_edt_bypass_low_internal_serial_scan,PASS,PASS
parpsf0npktam_stuckat_edt_edt_low_internal_serial_chain,PASS,PASS
parmioinf3w_atspeed_edt_edt_low_internal_serial_scan,PASS,PASS
parpsf0npktam_atspeed_edt_edt_low_internal_serial_scan,PASS,PASS
pars3m_stuckat_edt_bypass_low_internal_serial_chain,PASS,PASS
pars3m_stuckat_edt_bypass_low_internal_serial_scan,PASS,PASS
pars3m_stuckat_edt_edt_low_internal_serial_chain,PASS,PASS
pargpio1p8_stuckat_edt_edt_low_internal_serial_chain,PASS,PASS
pargpio1p8_stuckat_edt_bypass_low_internal_serial_scan,PASS,PASS
paroobmsmram_stuckat_edt_bypass_low_internal_serial_chain,PASS,PASS
parmioinf3e_stuckat_edt_edt_low_internal_serial_chain,PASS,PASS
pargpiod2d_stuckat_edt_edt_low_internal_serial_scan,PASS,PASS
paroobmsmram_atspeed_edt_edt_low_internal_serial_scan,PASS,PASS
paroobmsmram_stuckat_edt_edt_low_internal_serial_chain,PASS,PASS
paroobmsmram_stuckat_edt_bypass_low_internal_serial_scan,PASS,PASS
parmioinf2e_stuckat_edt_bypass_low_internal_serial_chain,PASS,PASS
parmioinf2e_stuckat_edt_bypass_low_internal_serial_scan,PASS,PASS
parmioinf3e_stuckat_edt_edt_low_internal_serial_scan,PASS,PASS
paroobmsmram_stuckat_edt_edt_low_internal_serial_scan,PASS,PASS
pard2dch1_stuckat_edt_edt_low_internal_serial_chain,PASS,PASS
paroobip_atspeed_edt_edt_low_internal_serial_scan,PASS,PASS
pargpiod2d_atspeed_edt_edt_low_internal_serial_scan,PASS,PASS
parfws_stuckat_edt_edt_low_internal_serial_chain,PASS,PASS
pardfd_stuckat_edt_bypass_low_internal_serial_scan,PASS,PASS
parfws_stuckat_edt_edt_low_internal_serial_scan,PASS,PASS
parmioinf3e_atspeed_edt_edt_low_internal_serial_scan,PASS,PASS
paroobip_stuckat_edt_edt_low_internal_serial_scan,PASS,PASS
paroobip_stuckat_edt_bypass_low_internal_serial_chain,PASS,PASS
pargpios0_stuckat_edt_bypass_low_internal_serial_scan,PASS,PASS
parmioinf2e_stuckat_edt_edt_low_internal_serial_chain,PASS,PASS
parmioinf2e_stuckat_edt_edt_low_internal_serial_scan,PASS,PASS
parmioinf3w_stuckat_edt_bypass_low_internal_serial_chain,PASS,PASS
parmioinf3w_stuckat_edt_edt_low_internal_serial_chain,PASS,PASS
paroobip_stuckat_edt_bypass_low_internal_serial_scan,PASS,PASS
paroobip_stuckat_edt_edt_low_internal_serial_chain,PASS,PASS
pard2dch1_stuckat_edt_bypass_low_internal_serial_scan,PASS,PASS
parmioinf3w_stuckat_edt_edt_low_internal_serial_scan,PASS,PASS
parmioinf3w_stuckat_edt_bypass_low_internal_serial_scan,PASS,PASS
pard2dch1_stuckat_edt_bypass_low_internal_serial_chain,PASS,PASS
pargpiod2d_stuckat_edt_bypass_low_internal_serial_chain,PASS,PASS
pargpiod2d_stuckat_edt_bypass_low_internal_serial_scan,PASS,PASS
pargpiod2d_stuckat_edt_edt_low_internal_serial_chain,PASS,PASS
pargpios0_atspeed_edt_edt_low_internal_serial_scan,PASS,PASS
pargpios0_stuckat_edt_bypass_low_internal_serial_chain,PASS,PASS
parmioinf2w_stuckat_edt_edt_low_internal_serial_scan,PASS,PASS
parfws_stuckat_edt_bypass_low_internal_serial_chain,PASS,PASS
pard2dch0_stuckat_edt_edt_low_internal_serial_chain,PASS,PASS
parmioinf3e_stuckat_edt_bypass_low_internal_serial_scan,PASS,PASS
pardfd_atspeed_edt_edt_low_internal_serial_scan,PASS,PASS
parmioinf1w_stuckat_edt_edt_low_internal_serial_chain,PASS,PASS
parmioinf1w_stuckat_edt_edt_low_internal_serial_scan,PASS,PASS
pard2dinf2w_atspeed_edt_edt_low_internal_serial_scan,PASS,PASS
pardfd_stuckat_edt_bypass_low_internal_serial_chain,PASS,PASS
parmioinf2w_atspeed_edt_edt_low_internal_serial_scan,PASS,PASS
pard2dinf2w_stuckat_edt_bypass_low_internal_serial_chain,PASS,PASS
parmioinf2e_atspeed_edt_edt_low_internal_serial_scan,PASS,PASS
parcubrmiochb_stuckat_edt_edt_low_internal_serial_scan,PASS,PASS
parmioinf3e_stuckat_edt_bypass_low_internal_serial_chain,PASS,PASS
pard2dch1_stuckat_edt_edt_low_internal_serial_scan,PASS,PASS
pard2dch0_stuckat_edt_edt_low_internal_serial_scan,PASS,PASS
pard2dinf2w_stuckat_edt_bypass_low_internal_serial_scan,PASS,PASS
pard2dinf2e_stuckat_edt_edt_low_internal_serial_scan,PASS,PASS
parpunit_stuckat_edt_edt_low_internal_serial_scan,PASS,PASS
parmioinf2w_stuckat_edt_edt_low_internal_serial_chain,PASS,PASS
parmioinf1w_stuckat_edt_bypass_low_internal_serial_scan,PASS,PASS
parmioinf1w_stuckat_edt_bypass_low_internal_serial_chain,PASS,PASS
parmioinf1w_atspeed_edt_edt_low_internal_serial_scan,PASS,PASS
pard2dinf1e_stuckat_edt_edt_low_internal_serial_scan,PASS,PASS
pard2dch0_atspeed_edt_edt_low_internal_serial_scan,PASS,PASS
pard2dinf1w_stuckat_edt_edt_low_internal_serial_scan,PASS,PASS
pard2dinf1e_stuckat_edt_edt_low_internal_serial_chain,PASS,PASS
pard2dinf1e_atspeed_edt_edt_low_internal_serial_scan,PASS,PASS
parcubrmiocha_stuckat_edt_edt_low_internal_serial_chain,PASS,PASS
parcubrmiocha_stuckat_edt_edt_low_internal_serial_scan,PASS,PASS
parpunit_atspeed_edt_edt_low_internal_serial_scan,PASS,PASS
pard2dch0_stuckat_edt_bypass_low_internal_serial_scan,PASS,PASS
pard2dch0_stuckat_edt_bypass_low_internal_serial_chain,PASS,PASS
pard2dch1_atspeed_edt_edt_low_internal_serial_scan,PASS,PASS
pard2dinf2e_stuckat_edt_bypass_low_internal_serial_chain,PASS,PASS
parcubrmiochb_stuckat_edt_edt_low_internal_serial_chain,PASS,PASS
parcubrmiochb_stuckat_edt_bypass_low_internal_serial_scan,PASS,PASS
parcubrmiochb_atspeed_edt_edt_low_internal_serial_scan,PASS,PASS
parcabinf23e_atspeed_edt_edt_low_internal_serial_scan,PASS,PASS
parcubrmiochb_stuckat_edt_bypass_low_internal_serial_chain,PASS,PASS
pard2dinf2e_stuckat_edt_edt_low_internal_serial_chain,PASS,PASS
pard2dinf1w_stuckat_edt_bypass_low_internal_serial_chain,PASS,PASS
pard2dinf2e_stuckat_edt_bypass_low_internal_serial_scan,PASS,PASS
pard2dinf1w_stuckat_edt_bypass_low_internal_serial_scan,PASS,PASS
parpunit_stuckat_edt_bypass_low_internal_serial_chain,PASS,PASS
parcubrmiocha_stuckat_edt_bypass_low_internal_serial_scan,PASS,PASS
pard2dinf2e_atspeed_edt_edt_low_internal_serial_scan,PASS,PASS
parpunit_stuckat_edt_bypass_low_internal_serial_scan,PASS,PASS
parcubrmiocha_atspeed_edt_edt_low_internal_serial_scan,PASS,PASS
pard2dinf0w_stuckat_edt_edt_low_internal_serial_scan,PASS,PASS
parcabmisce_stuckat_edt_bypass_low_internal_serial_scan,PASS,PASS
parcabmisce_stuckat_edt_edt_low_internal_serial_chain,PASS,PASS
pard2dinf2w_stuckat_edt_edt_low_internal_serial_scan,PASS,PASS
pard2dinf0w_atspeed_edt_edt_low_internal_serial_scan,PASS,PASS
parcabinf23w_stuckat_edt_bypass_low_internal_serial_scan,PASS,PASS
parcabinf23w_atspeed_edt_edt_low_internal_serial_scan,PASS,PASS
parcabinf23w_stuckat_edt_edt_low_internal_serial_chain,PASS,PASS
parcabinf23w_stuckat_edt_bypass_low_internal_serial_chain,PASS,PASS
parcabinf23w_stuckat_edt_edt_low_internal_serial_scan,PASS,PASS
pard2dinf2w_stuckat_edt_edt_low_internal_serial_chain,PASS,PASS
parpunit_stuckat_edt_edt_low_internal_serial_chain,PASS,PASS
parcabmisce_stuckat_edt_bypass_low_internal_serial_chain,PASS,PASS
parcabmisce_atspeed_edt_edt_low_internal_serial_scan,PASS,PASS
parcabinf23e_stuckat_edt_edt_low_internal_serial_chain,PASS,PASS
parcabinf23e_stuckat_edt_edt_low_internal_serial_scan,PASS,PASS
parcabinf23e_stuckat_edt_bypass_low_internal_serial_scan,PASS,PASS
pard2dinf1w_stuckat_edt_edt_low_internal_serial_chain,PASS,PASS
parcubrmiocha_stuckat_edt_bypass_low_internal_serial_chain,PASS,PASS
parcabinf23e_stuckat_edt_bypass_low_internal_serial_chain,PASS,PASS
pard2dinf0e_stuckat_edt_bypass_low_internal_serial_scan,PASS,PASS
pard2dinf0e_atspeed_edt_edt_low_internal_serial_scan,PASS,PASS
pard2dinf0w_stuckat_edt_edt_low_internal_serial_chain,PASS,PASS
parcabinf21w_stuckat_edt_edt_low_internal_serial_scan,PASS,PASS
parcabinf21e_stuckat_edt_edt_low_internal_serial_scan,PASS,PASS
parpciegen4top_stuckat_edt_bypass_low_internal_serial_chain,PASS,PASS
parcabinf21e_stuckat_edt_edt_low_internal_serial_chain,PASS,PASS
pard2dinf1w_atspeed_edt_edt_low_internal_serial_scan,PASS,PASS
pard2dinf0w_stuckat_edt_bypass_low_internal_serial_chain,PASS,PASS
parpciegen4top_stuckat_edt_edt_low_internal_serial_chain,PASS,PASS
parcabinffivr_atspeed_edt_edt_low_internal_serial_scan,PASS,PASS
parpciegen4top_stuckat_edt_edt_low_internal_serial_scan,PASS,PASS
parpciegen4top_atspeed_edt_edt_low_internal_serial_scan,PASS,PASS
parcinffivre_atspeed_edt_edt_low_internal_serial_scan,PASS,PASS
parpciegen4top_stuckat_edt_bypass_low_internal_serial_scan,PASS,PASS
pard2dinf0e_stuckat_edt_edt_low_internal_serial_chain,PASS,PASS
pard2dinf0w_stuckat_edt_bypass_low_internal_serial_scan,PASS,PASS
parcabinffivr_stuckat_edt_edt_low_internal_serial_chain,PASS,PASS
parcabinffivr_stuckat_edt_bypass_low_internal_serial_chain,PASS,PASS
parcabinffivr_stuckat_edt_bypass_low_internal_serial_scan,PASS,PASS
pard2dinf1e_stuckat_edt_bypass_low_internal_serial_scan,PASS,PASS
pard2dinf1e_stuckat_edt_bypass_low_internal_serial_chain,PASS,PASS
pard2dinf0e_stuckat_edt_bypass_low_internal_serial_chain,PASS,PASS
parcabinffivr_stuckat_edt_edt_low_internal_serial_scan,PASS,PASS
parcabcrs4x_stuckat_edt_bypass_low_internal_serial_scan,PASS,PASS
pard2dinf0e_stuckat_edt_edt_low_internal_serial_scan,PASS,PASS
paraccchassis_stuckat_edt_edt_low_internal_serial_scan,PASS,PASS
paraccchassis_stuckat_edt_edt_low_internal_serial_chain,PASS,PASS
parcinffivrw_stuckat_edt_bypass_low_internal_serial_scan,PASS,PASS
parcinffivrw_stuckat_edt_edt_low_internal_serial_chain,PASS,PASS
parcabinf21e_stuckat_edt_bypass_low_internal_serial_scan,PASS,PASS
paraccasf_stuckat_edt_edt_low_internal_serial_chain,PASS,PASS
parcinffivrw_stuckat_edt_edt_low_internal_serial_scan,PASS,PASS
parcinffivrw_stuckat_edt_bypass_low_internal_serial_chain,PASS,PASS
parcinffivrw_atspeed_edt_edt_low_internal_serial_scan,PASS,PASS
parcabcrs4x_stuckat_edt_edt_low_internal_serial_chain,PASS,PASS
parcinffivre_stuckat_edt_edt_low_internal_serial_chain,PASS,PASS
parcabinf21w_stuckat_edt_edt_low_internal_serial_chain,PASS,PASS
paraccchassis_stuckat_edt_bypass_low_internal_serial_chain,PASS,PASS
parcabinf11_stuckat_edt_edt_low_internal_serial_chain,PASS,PASS
parcinffivre_stuckat_edt_edt_low_internal_serial_scan,PASS,PASS
paraccchassis_atspeed_edt_edt_low_internal_serial_scan,PASS,PASS
parcabinf21w_atspeed_edt_edt_low_internal_serial_scan,PASS,PASS
parcabinf21e_stuckat_edt_bypass_low_internal_serial_chain,PASS,PASS
parcabinf11_stuckat_edt_bypass_low_internal_serial_chain,PASS,PASS
parcabinf11_atspeed_edt_edt_low_internal_serial_scan,PASS,PASS
parcabcit_stuckat_edt_edt_low_internal_serial_chain,PASS,PASS
parcabhmab_stuckat_edt_bypass_low_internal_serial_scan,PASS,PASS
parcabinf03_stuckat_edt_bypass_low_internal_serial_chain,PASS,PASS
parcabama_stuckat_edt_bypass_low_internal_serial_chain,PASS,PASS
parcabinf02_stuckat_edt_bypass_low_internal_serial_scan,PASS,PASS
parcabinf02_stuckat_edt_edt_low_internal_serial_chain,PASS,PASS
parcabinf02_stuckat_edt_bypass_low_internal_serial_chain,PASS,PASS
paraccotc_stuckat_edt_bypass_low_internal_serial_chain,PASS,PASS
parcabcrs4x_stuckat_edt_bypass_low_internal_serial_chain,PASS,PASS
paracchap_stuckat_edt_edt_low_internal_serial_chain,PASS,PASS
paracchap_stuckat_edt_edt_low_internal_serial_scan,PASS,PASS
parcabhmab_stuckat_edt_edt_low_internal_serial_scan,PASS,PASS
parcabinf02_atspeed_edt_edt_low_internal_serial_scan,PASS,PASS
parcabinf03_stuckat_edt_bypass_low_internal_serial_scan,PASS,PASS
paracchap_stuckat_edt_bypass_low_internal_serial_scan,PASS,PASS
parcabinf03_stuckat_edt_edt_low_internal_serial_chain,PASS,PASS
parcabhmaa_atspeed_edt_edt_low_internal_serial_scan,PASS,PASS
parcabhmaa_stuckat_edt_bypass_low_internal_serial_chain,PASS,PASS
paracciommu_atspeed_edt_edt_low_internal_serial_scan,PASS,PASS
parcabhmaa_stuckat_edt_bypass_low_internal_serial_scan,PASS,PASS
parcabama_stuckat_edt_edt_low_internal_serial_scan,PASS,PASS
parcabcit_stuckat_edt_bypass_low_internal_serial_scan,PASS,PASS
paraccotc_atspeed_edt_edt_low_internal_serial_scan,PASS,PASS
paraccchassis_stuckat_edt_bypass_low_internal_serial_scan,PASS,PASS
parcabinf01_stuckat_edt_edt_low_internal_serial_scan,PASS,PASS
paracciommu_stuckat_edt_bypass_low_internal_serial_chain,PASS,PASS
parcabinf01_stuckat_edt_edt_low_internal_serial_chain,PASS,PASS
parcabama_atspeed_edt_edt_low_internal_serial_scan,PASS,PASS
parcabinf00_stuckat_edt_edt_low_internal_serial_scan,PASS,PASS
parcabama_stuckat_edt_bypass_low_internal_serial_scan,PASS,PASS
parcabhmab_stuckat_edt_edt_low_internal_serial_chain,PASS,PASS
parscfcamisc_icl_verify_dft,PASS,PASS
paracciommu_stuckat_edt_edt_low_internal_serial_chain,PASS,PASS
paracciommu_stuckat_edt_bypass_low_internal_serial_scan,PASS,PASS
paraccasf_stuckat_edt_edt_low_internal_serial_scan,PASS,PASS
parcabcit_stuckat_edt_edt_low_internal_serial_scan,PASS,PASS
parcabcit_atspeed_edt_edt_low_internal_serial_scan,PASS,PASS
parcabcit_stuckat_edt_bypass_low_internal_serial_chain,PASS,PASS
parscfmemch3n_icl_verify_dft,PASS,PASS
parscfmemch2s_icl_verify_dft,PASS,PASS
parcabcrs4x_atspeed_edt_edt_low_internal_serial_scan,PASS,PASS
parscfmemch3s_icl_verify_dft,PASS,PASS
parcabcrs4x_stuckat_edt_edt_low_internal_serial_scan,PASS,PASS
parcabinf02_stuckat_edt_edt_low_internal_serial_scan,PASS,PASS
parcabhmaa_stuckat_edt_edt_low_internal_serial_chain,PASS,PASS
paraccasf_stuckat_edt_bypass_low_internal_serial_scan,PASS,PASS
parscftqp2p_icl_verify_dft,PASS,PASS
parcabinf21w_stuckat_edt_bypass_low_internal_serial_scan,PASS,PASS
parrclk_icl_verify_dft,PASS,PASS
parcabinf03_stuckat_edt_edt_low_internal_serial_scan,PASS,PASS
parscfmemch5_icl_verify_dft,PASS,PASS
parswinf2_icl_verify_dft,PASS,PASS
parscfmemch2n_icl_verify_dft,PASS,PASS
parcabama_stuckat_edt_edt_low_internal_serial_chain,PASS,PASS
parscfmemch0s_icl_verify_dft,PASS,PASS
parscfmemch0n_icl_verify_dft,PASS,PASS
parcinffivre_stuckat_edt_bypass_low_internal_serial_scan,PASS,PASS
parcabinf10_stuckat_edt_bypass_low_internal_serial_scan,PASS,PASS
parscfmemch1s_icl_verify_dft,PASS,PASS
parscfmemch1n_icl_verify_dft,PASS,PASS
parcabinf01_atspeed_edt_edt_low_internal_serial_scan,PASS,PASS
parscftqio_icl_verify_dft,PASS,PASS
parcabinf21w_stuckat_edt_bypass_low_internal_serial_chain,PASS,PASS
parcabinf10_stuckat_edt_edt_low_internal_serial_scan,PASS,PASS
parcabinf10_stuckat_edt_bypass_low_internal_serial_chain,PASS,PASS
parcabhmaa_stuckat_edt_edt_low_internal_serial_scan,PASS,PASS
parcabinf11_stuckat_edt_edt_low_internal_serial_scan,PASS,PASS
parcabinf10_stuckat_edt_edt_low_internal_serial_chain,PASS,PASS
parcabinf10_atspeed_edt_edt_low_internal_serial_scan,PASS,PASS
pargpios0_icl_verify_dft,PASS,PASS
parscfsasfrx2x_icl_verify_dft,PASS,PASS
paraccotc_stuckat_edt_edt_low_internal_serial_scan,PASS,PASS
paraccasf_stuckat_edt_bypass_low_internal_serial_chain,PASS,PASS
paraccasf_atspeed_edt_edt_low_internal_serial_scan,PASS,PASS
parcabinf21e_atspeed_edt_edt_low_internal_serial_scan,PASS,PASS
parcabinf11_stuckat_edt_bypass_low_internal_serial_scan,PASS,PASS
parcabhmab_atspeed_edt_edt_low_internal_serial_scan,PASS,PASS
paraccotc_stuckat_edt_bypass_low_internal_serial_scan,PASS,PASS
pargpios5_icl_verify_dft,PASS,PASS
parcinf5w_icl_verify_dft,PASS,PASS
parcinf5e_icl_verify_dft,PASS,PASS
parsocmiofivrmisc_e_icl_verify_dft,FAIL,Error between simulated and expected patterns
parcabinf00_stuckat_edt_edt_low_internal_serial_chain,PASS,PASS
parcabinf01_stuckat_edt_bypass_low_internal_serial_chain,PASS,PASS
parscfmemch4_icl_verify_dft,PASS,PASS
pard2dch1_icl_verify_dft,PASS,PASS
parscfioinf2w_icl_verify_dft,PASS,PASS
parcabinf23w_icl_verify_dft,PASS,PASS
parsocrasip_icl_verify_dft,PASS,PASS
parcinffivre_stuckat_edt_bypass_low_internal_serial_chain,PASS,PASS
parscfcrsp2p_icl_verify_dft,PASS,PASS
paraccotc_stuckat_edt_edt_low_internal_serial_chain,PASS,PASS
parcabinf00_stuckat_edt_bypass_low_internal_serial_chain,PASS,PASS
parcabinf00_atspeed_edt_edt_low_internal_serial_scan,PASS,PASS
parcabhmab_stuckat_edt_bypass_low_internal_serial_chain,PASS,PASS
paracchap_stuckat_edt_bypass_low_internal_serial_chain,PASS,PASS
parcabinf00_stuckat_edt_bypass_low_internal_serial_scan,PASS,PASS
pargpio1p8_icl_verify_dft,PASS,PASS
paracchap_atspeed_edt_edt_low_internal_serial_scan,PASS,PASS
pargpiod2d_icl_verify_dft,PASS,PASS
parscfioinf2e_icl_verify_dft,PASS,PASS
parscfioinf1w_icl_verify_dft,PASS,PASS
parscfmeminf0e_icl_verify_dft,PASS,PASS
parfws_icl_verify_dft,PASS,PASS
parcabinf03_atspeed_edt_edt_low_internal_serial_scan,PASS,PASS
parscfcrsuio_icl_verify_dft,PASS,PASS
paroobip_icl_verify_dft,FAIL,Error between simulated and expected patterns
parcabinf01_stuckat_edt_bypass_low_internal_serial_scan,PASS,PASS
pard2dch0_icl_verify_dft,PASS,PASS
parswinf0_icl_verify_dft,PASS,PASS
parscfioinf0w_icl_verify_dft,PASS,PASS
paracciommu_stuckat_edt_edt_low_internal_serial_scan,PASS,PASS
parscfioinf0e_icl_verify_dft,PASS,PASS
parscfubrsca_icl_verify_dft,PASS,PASS
paraccitc_stuckat_edt_edt_low_internal_serial_scan,PASS,PASS
parscfscatopllcsf1_icl_verify_dft,FAIL,Error between simulated and expected patterns
parscfhsf_icl_verify_dft,FAIL,Error between simulated and expected patterns
parcabcit_icl_verify_dft,PASS,PASS
parsocmiofivrmisc_icl_verify_dft,FAIL,Error between simulated and expected patterns
paraccitc_stuckat_edt_bypass_low_internal_serial_chain,PASS,PASS
pardfd_icl_verify_dft,FAIL,Error between simulated and expected patterns
parcinf7w_icl_verify_dft,PASS,PASS
parcinf7e_icl_verify_dft,PASS,PASS
paruboxspk_icl_verify_dft,FAIL,Error between simulated and expected patterns
parmioinf2e_icl_verify_dft,PASS,PASS
parcinf4_icl_verify_dft,PASS,PASS
parscfmeminffivr2e_icl_verify_dft,PASS,PASS
parmioinf0_icl_verify_dft,PASS,PASS
pars3m_icl_verify_dft,FAIL,Error between simulated and expected patterns
parcabmisce_icl_verify_dft,PASS,PASS
paracchap_icl_verify_dft,PASS,PASS
parseinf2_icl_verify_dft,FAIL,Error between simulated and expected patterns
parcabinf23e_icl_verify_dft,PASS,PASS
paracciommu_icl_verify_dft,PASS,PASS
parcd2dufich1e_icl_verify_dft,PASS,PASS
parcd2dufich0e_icl_verify_dft,PASS,PASS
parcd2dufich1w_icl_verify_dft,PASS,PASS
parpsf2_icl_verify_dft,PASS,PASS
parmioinf3e_icl_verify_dft,FAIL,Error between simulated and expected patterns
parcinf1_icl_verify_dft,PASS,PASS
parocs_icl_verify_dft,FAIL,Error between simulated and expected patterns
parswinf1_icl_verify_dft,PASS,PASS
parscfmeminf0w_icl_verify_dft,PASS,PASS
pard2dinf0w_icl_verify_dft,PASS,PASS
parscfubrd2d_icl_verify_dft,PASS,PASS
parcabubrcab_icl_verify_dft,PASS,PASS
parcubrmiochb_icl_verify_dft,PASS,PASS
parscfmeminffivr1e_icl_verify_dft,PASS,PASS
parscfmeminf2e_icl_verify_dft,PASS,PASS
parscfubruiodatatype2_icl_verify_dft,PASS,PASS
parscfmeminf2w_icl_verify_dft,PASS,PASS
parcabinf10_icl_verify_dft,PASS,PASS
parcabinf21w_icl_verify_dft,PASS,PASS
parcinf0_icl_verify_dft,PASS,PASS
parhwrsfuse_icl_verify_dft,FAIL,Error between simulated and expected patterns
parscfubruiodatatype1_icl_verify_dft,PASS,PASS
parscfcmsdummy_icl_verify_dft,PASS,PASS
parscfcms2xcrs2x_icl_verify_dft,PASS,PASS
parcgu_icl_verify_dft,FAIL,Error between simulated and expected patterns
parcabama_icl_verify_dft,PASS,PASS
parcabinf21e_icl_verify_dft,PASS,PASS
parcabcrs4x_icl_verify_dft,PASS,PASS
paroobmsmram_icl_verify_dft,FAIL,Error between simulated and expected patterns
parcubrmiocha_icl_verify_dft,PASS,PASS
parcd2dtq_icl_verify_dft,PASS,PASS
paraccasf_icl_verify_dft,PASS,PASS
parscfmeminffivr1w_icl_verify_dft,FAIL,Error between simulated and expected patterns
pard2dinf0e_icl_verify_dft,PASS,PASS
parcabpwbb_icl_verify_dft,FAIL,Error between simulated and expected patterns
pard2dinf2w_icl_verify_dft,FAIL,Error between simulated and expected patterns
pard2dinf2e_icl_verify_dft,FAIL,Error between simulated and expected patterns
parcabpwba_icl_verify_dft,FAIL,Error between simulated and expected patterns
parcabinf03_icl_verify_dft,PASS,PASS
parscfmeminf3e_icl_verify_dft,PASS,PASS
paridfttop_icl_verify_dft,FAIL,Error between simulated and expected patterns
parcinffivre_icl_verify_dft,PASS,PASS
parcabinf02_icl_verify_dft,PASS,PASS
pard2dinf1e_icl_verify_dft,FAIL,Error between simulated and expected patterns
pard2dinf1w_icl_verify_dft,FAIL,Error between simulated and expected patterns
paraccchassis_icl_verify_dft,FAIL,Error between simulated and expected patterns
parscfmeminf3w_icl_verify_dft,PASS,PASS
parcabmiscw_icl_verify_dft,PASS,PASS
parpsf0npktam_icl_verify_dft,PASS,PASS
parmioinf2w_icl_verify_dft,PASS,PASS
parscfmeminffivr2w_icl_verify_dft,PASS,PASS
parcinf3_icl_verify_dft,PASS,PASS
parcinf2_icl_verify_dft,PASS,PASS
parcabinf11_icl_verify_dft,PASS,PASS
paraccitc_atspeed_edt_edt_low_internal_serial_scan,PASS,PASS
parscfubruioadaktype2_icl_verify_dft,PASS,PASS
parmioinf1e_icl_verify_dft,PASS,PASS
parcabinffivr_icl_verify_dft,PASS,PASS
paraccitc_stuckat_edt_edt_low_internal_serial_chain,PASS,PASS
parcabhmaa_icl_verify_dft,FAIL,Error between simulated and expected patterns
parcabhmab_icl_verify_dft,FAIL,Error between simulated and expected patterns
parcabinf00_icl_verify_dft,PASS,PASS
paraccotc_icl_verify_dft,PASS,PASS
parscfmeminffivr0w_icl_verify_dft,PASS,PASS
parcabinf01_icl_verify_dft,PASS,PASS
paraccitc_stuckat_edt_bypass_low_internal_serial_scan,PASS,PASS
parscfubruioadaktype1_icl_verify_dft,PASS,PASS
parscfmeminffivr0e_icl_verify_dft,PASS,PASS
parcinffivrw_icl_verify_dft,PASS,PASS
parmioinf1w_icl_verify_dft,FAIL,Error between simulated and expected patterns
parmioinf3w_icl_verify_dft,FAIL,Error between simulated and expected patterns
parpunit_icl_verify_dft,FAIL,Error between simulated and expected patterns
parseinf1_icl_verify_dft,PASS,PASS
paraccitc_icl_verify_dft,PASS,PASS
parpciegen4top_icl_verify_dft,PASS,PASS
